source;url;ref;date;activite;secteur;naf;region;ca;ebe;effectif;prix;raison;dependance;doublon_probable;notes
CRA;https://www.cra.asso.fr/opportunite-reprise.aspx?num=18824;N°18824;;"Distribution Produits ""Bien-Etre""";Négoce / distribution B2B;47 - Commerce de détail, à l'exception des automobiles et des motocycles;Provence-Alpes-Côte d'Azur;400000;;;145000;Changement de vie;;;"Distribution produits ""bien-être"" par l'intermédiaire de ""market place"" (80%), le reste par le site Web (www.encens.fr) Gamme de produits : minéraux, Encens, bougies, bijoux, articles ésotériques Clientèle essentiellement B to C CA récurrent sur les dernières années (400 K€) Atout important: ancienneté (12 ans) et notoriété Amazon (95 % satisfaction) Entreprise délocalisable sans difficulté EBITDA"
CRA;https://www.cra.asso.fr/opportunite-reprise.aspx?num=18823;N°18823;;CONCEPTION - FABRICATION et POSE de STRUCTURES METALLIQUES;Bâtiment / travaux publics / second œuvre;;Bretagne;4915000;;;2500000;;;;
CRA;https://www.cra.asso.fr/opportunite-reprise.aspx?num=18822;N°18822;;Restaurant affilié à une chaine;HCR / restauration / tourisme / loisirs;;Normandie;1730000;;;900000;;;;
CRA;https://www.cra.asso.fr/opportunite-reprise.aspx?num=18821;N°18821;;Entreprise de distribution d’électroménager et de multimédia;Services informatiques / ESN / éditeur de logiciel;4651Z - Commerce de gros (commerce interentreprises) d'ordinateurs, d'équipements informatiques périphériques et de logiciels;Auvergne-Rhône-Alpes;4700000;;;2200000;;;;Cette société exploite plusieurs magasins spécialisés dans la vente et la réparation de produits multimédia et électroménager. Son expertise couvre l’image, le son, les articles culinaires, le petit et gros électroménager ainsi que la pose d’antennes. L’activité repose majoritairement sur une clientèle de particuliers (95 % du chiffre d’affaires) et compte environ 90.000 clients au total, dont 25.
CRA;https://www.cra.asso.fr/opportunite-reprise.aspx?num=18820;N°18820;;ENTREPRISE PLATRERIE et PEINTURE au COEUR des ALPES;Bâtiment / travaux publics / second œuvre;;Auvergne-Rhône-Alpes;5960000;;;1800000;;;;
CRA;https://www.cra.asso.fr/opportunite-reprise.aspx?num=18819;N°18819;;Vente Entreprise de Métallerie;Bâtiment / travaux publics / second œuvre;;;3000000;;;1060000;;;;
CRA;https://www.cra.asso.fr/opportunite-reprise.aspx?num=18818;N°18818;;Menuiserie aluminium;Bâtiment / travaux publics / second œuvre;;Île-de-France;1110000;;;1400000;;;;
CRA;https://www.cra.asso.fr/opportunite-reprise.aspx?num=18817;N°18817;;Hôtel-restaurant avec clientèle fidèle et fort potentiel touristique;HCR / restauration / tourisme / loisirs;;Centre-Val de Loire;700000;;;18817;;;;
CRA;https://www.cra.asso.fr/opportunite-reprise.aspx?num=18815;N°18815;;Emballages pour professionnels Grand Ouest France.;Communication / marketing / édition / imprimerie / PLV;4619B - Autres intermédiaires du commerce en produits divers;Bretagne;2800000;;;3000000;Retraite;;;PME familiale créée par la Co- Dirigeante en 2004 avec pour activité initiale le papier cadeau auprès de commerçants, qui a ensuite évolué vers la commercialisation de packaging et d'emballages publicitaires qualitatifs et personnalisés auprès d'une clientèle sensible à l'emballage cadeau luxueux.
CRA;https://www.cra.asso.fr/opportunite-reprise.aspx?num=18814;N°18814;;Parts Sociales - Installation de poêles à bois, granulés et cheminées;Industrie / production / fabrication;;;500000;;;219000;;;;
CRA;https://www.cra.asso.fr/opportunite-reprise.aspx?num=18813;N°18813;;Bureau d'études ingénierie et machines spéciales;Bureau d'études / ingénierie / diagnostics;7490B - Autres activités spécialisées, scientifiques et techniques;Grand Est;2800000;;;1900000;Retraite;;;Cette entreprise qui sert un marché de niche mondial, est appréciée de ses clients industriels pour la compréhension de leur métier, la qualité de ses réalisations et son service après-vente. Elle conviendrait à un repreneur de formation technique. Bénéficiant d’une solide expérience à l’international et à l’aise en langue anglaise, il s’occupera de la vente, de la prospection et de la relation cl
CRA;https://www.cra.asso.fr/opportunite-reprise.aspx?num=18810;N°18810;;Entreprise familiale de plomberie, chauffage, climatisation;Bâtiment / travaux publics / second œuvre;;Normandie;1200000;;;380000;;;;
CRA;https://www.cra.asso.fr/opportunite-reprise.aspx?num=18809;N°18809;;Société d’étude et réalisation d’équipements techniques;Autres / non classé;;Île-de-France;935166;;;250000;;;;
CRA;https://www.cra.asso.fr/opportunite-reprise.aspx?num=18808;N°18808;;Boulangerie Industrielle;HCR / restauration / tourisme / loisirs;;Occitanie;2300000;;;1700000;;;;
CRA;https://www.cra.asso.fr/opportunite-reprise.aspx?num=18807;N°18807;;Entreprise de biotechnologie, leader sur son marché;Autres / non classé;;;357000;;;340000;;;;
CRA;https://www.cra.asso.fr/opportunite-reprise.aspx?num=18806;N°18806;;Bureau d'ingénierie et études techniques charpentes, diagnostics solidités structures.;Bureau d'études / ingénierie / diagnostics;"7112B - Activités d'architecture et d'ingénierie ; activités de contrôle et analyses techniques";Bretagne;744307;;;990000;Retraite;;;il s'agit d'un bureau d'Ingénierie – Etudes techniques pour les charpentes bois, acier, aluminium, béton – études de fondations – dimensionnement d’ouvrages d’art, silos – diagnostic de solidité structures – structures de panneaux solaires, trackers…
CRA;https://www.cra.asso.fr/opportunite-reprise.aspx?num=18805;N°18805;;Chantier naval en Bourgogne du Sud;Autres / non classé;;Bourgogne-Franche-Comté;1007385;;;;;;;
CRA;https://www.cra.asso.fr/opportunite-reprise.aspx?num=18804;N°18804;;Entreprise de serrurerie chaudronnerie;Bâtiment / travaux publics / second œuvre;;Centre-Val de Loire;731156;;;340000;;;;
CRA;https://www.cra.asso.fr/opportunite-reprise.aspx?num=18803;N°18803;;Conception et fabrication de machines textiles sur mesure;Industrie / production / fabrication;;Auvergne-Rhône-Alpes;1379261;;;3300000;;;;
CRA;https://www.cra.asso.fr/opportunite-reprise.aspx?num=18802;N°18802;;Agence de trade marketing et supports de communication;Communication / marketing / édition / imprimerie / PLV;7311Z - Publicité et études de marché;Nouvelle-Aquitaine;4000000;;;2100000;Réorientation professionnelle;;;Depuis plus de 30 ans, la société est spécialisée dans la conception et la fabrication de supports de communication pour des marques nationales et internationales. Son savoir-faire lui permet d’être un acteur reconnu pour son expertise en design d'espaces et d'objets de communication, au service d'une clientèle de premier plan, notamment dans les secteurs du luxe, de l'optique et de l'Action Sport
CRA;https://www.cra.asso.fr/opportunite-reprise.aspx?num=18801;N°18801;;Fabrication de coffrages bois et aluminium et usinage;Industrie / production / fabrication;;Pays de la Loire;3700000;;;1300000;;;;
CRA;https://www.cra.asso.fr/opportunite-reprise.aspx?num=18800;N°18800;;Opportunité de reprise – distribution B2B de produits alimentaires;Négoce / distribution B2B;4639A - Commerce de gros (commerce interentreprises) de produits surgelés;Provence-Alpes-Côte d'Azur;1673568;;;1100000;Retraite;;;TPE indépendante spécialisée dans la distribution de produits alimentaires auprès d'une clientèle professionnelle fidèle en restauration et traiteurs. Créée il y a plusieurs décennies, l'entreprise bénéficie d'une excellente réputation locale, d'une clientèle récurrente et d'un savoir-faire reconnu. Son organisation légère et sa structure financière saine lui permettent de générer des résultats po
CRA;https://www.cra.asso.fr/opportunite-reprise.aspx?num=18799;N°18799;;Cabinet conseil en relations humaines;Recrutement / intérim / RH / paie;"7022Z - Activités des sièges sociaux ; conseil de gestion";Île-de-France;1038000;;;1100000;Retraite;;;Ce cabinet de conseil, de 8 salariés et 3 indépendants, est aujourd’hui reconnu comme un acteur historique du recrutement au service du secteur associatif. Ses activités principales sont le recrutement (77% du CA), les bilans de compétence (10%), le conseil (7%). Il s'appuie sur une très forte notoriété et des collaborateurs engagés. Sa situation financière est très saine et ses perspectives de dé
CRA;https://www.cra.asso.fr/opportunite-reprise.aspx?num=18798;N°18798;;Distribution et fabrication de vêtements personnalisés;Négoce / distribution B2B;1419Z - Industrie de l'habillement;Pays de la Loire;1104000;;;750000;Réorientation professionnelle;;;Société créée en 2018, spécialisée dans la distribution B2B d'équipements de protection individuelle (EPI) et de vêtements de travail et d'images personnalisées, avec un atelier intégré de broderie et de transfert. 190 clients actifs, 95 % de chiffre d'affaire récurrent, aucun endettement. Force de vente terrain en place, ADV, site marchand et e-shops dédiés par client. Entreprise saine et structu
CRA;https://www.cra.asso.fr/opportunite-reprise.aspx?num=18797;N°18797;;Cède Fonds de Commerce - Produits alimentaires en bocaux recyclables;Autres / non classé;;Bourgogne-Franche-Comté;700000;;;170000;;;;
CRA;https://www.cra.asso.fr/opportunite-reprise.aspx?num=18796;N°18796;;Beau réseau de distribution d'articles de chasse et de pêche;Communication / marketing / édition / imprimerie / PLV;4618Z - Intermédiaires spécialisés dans le commerce d'autres produits spécifiques;Bourgogne-Franche-Comté;1110000;;;225000;Changement de vie;;;Vente fonds de commerce à 225 000 euros plus stock à 700 000€: Très belle affaire de négoce de produits/accessoires et matériel pour la chasse et la pêche , en Bourgogne sud , 5 magasins , très bien implantée géographiquement dans une région de pêche et de chasse ( dept leader pour les cartes de péches et importantes pour les permis de chasse) , personnels autonomes et compétents, très beau positi
CRA;https://www.cra.asso.fr/opportunite-reprise.aspx?num=18795;N°18795;;Expertise en optimisation des charges sociales;Recrutement / intérim / RH / paie;"7022Z - Activités des sièges sociaux ; conseil de gestion";Normandie;2000000;;;3500000;Retraite;;;Nous accompagnons des entreprises de toutes tailles et de tous secteurs d'activité dans l'analyse de leurs pratiques sur les charges sociales, la sécurisation de leurs dispositifs et la recherche d'optimisations souvent méconnues. Nos interventions concernent principalement les cotisations prélevées par les l'URSSAF, mais également avec d'autres organismes tels que CGSS ou la MSA Notre mission est
CRA;https://www.cra.asso.fr/opportunite-reprise.aspx?num=18794;N°18794;;A vendre entreprise de plomberie;Bâtiment / travaux publics / second œuvre;;Provence-Alpes-Côte d'Azur;2575968;;;1400000;;;;
CRA;https://www.cra.asso.fr/opportunite-reprise.aspx?num=18793;N°18793;;Société spécialisée en agencement de bijouteries;Commerce de détail / e-commerce BtoC;;Auvergne-Rhône-Alpes;3200000;;;975000;;;;
CRA;https://www.cra.asso.fr/opportunite-reprise.aspx?num=18792;N°18792;;societe de nettoyage industriel;Propreté / nettoyage / multiservices;8122Z - Autres activités de nettoyage des bâtiments et nettoyage industriel;Auvergne-Rhône-Alpes;2200000;;;;Retraite;;;dossier présenté par intermédiaire. teaser en pièce jointe
CRA;https://www.cra.asso.fr/opportunite-reprise.aspx?num=18791;N°18791;;Entreprise d'électricité générale - tous types de locaux;Bâtiment / travaux publics / second œuvre;;Auvergne-Rhône-Alpes;851210;;;400000;;;;
CRA;https://www.cra.asso.fr/opportunite-reprise.aspx?num=18790;N°18790;;Valorisation des dérivés du bois;Industrie / production / fabrication;;Auvergne-Rhône-Alpes;1400000;;;1200000;;;;
CRA;https://www.cra.asso.fr/opportunite-reprise.aspx?num=18789;N°18789;;Vente d'une pépite informatique;Services informatiques / ESN / éditeur de logiciel;6209Z - Programmation, conseil et autres activités informatiques;Auvergne-Rhône-Alpes;1900000;;;10000000;Autres activités en parallèle;;;Croissance 2026 : +25% vs 2025 , EBE = 44 % du CA sur le dernier exercice , 8 ans d'existence , 16 collaborateurs, la meilleure offre produit du marché à date . Une percée en Belgique et de nombreuses possibilités de déploiement en Europe pourraient intéresser un entrepreneur expérimenté en développement commercial à grande échelle.
CRA;https://www.cra.asso.fr/opportunite-reprise.aspx?num=18788;N°18788;;Distribution alimentaire haut de gamme dans un secteur spécialisé;Négoce / distribution B2B;1089Z - Industries alimentaires;Nouvelle-Aquitaine;1200000;;;550000;Changement de vie;;;Socitée de Distribution Alimentaire de Haute Qualitée dans le secteur animalier, chiens, chats, animaux de compagnie divers, chevaux, etc etc Vente de compléments alimentaires, vente d'articles spécifiques, vente de friandises ( gros secteur) Emplacement à faible concurrence, clientèle de particuliers fidèles. ( plus de 1500)
CRA;https://www.cra.asso.fr/opportunite-reprise.aspx?num=18787;N°18787;;Fabrication artisanale et vente de boissons avec ou sans alcool;Industrie / production / fabrication;;Auvergne-Rhône-Alpes;1500000;;;18787;;;;
CRA;https://www.cra.asso.fr/opportunite-reprise.aspx?num=18786;N°18786;;Menuiserie et charpente bois - Neuf & rénovation (cession des parts);Bâtiment / travaux publics / second œuvre;;Nouvelle-Aquitaine;1500000;;;680000;;;;
CRA;https://www.cra.asso.fr/opportunite-reprise.aspx?num=18785;N°18785;;PME d’ingénierie et distribution de produits techniques – Rhône-Alpes;Bureau d'études / ingénierie / diagnostics;"7112B - Activités d'architecture et d'ingénierie ; activités de contrôle et analyses techniques";Auvergne-Rhône-Alpes;1660331;;;1350000;Retraite;;;L'entreprise est une structure reconnue pour son expertise technique dans l’étude, la prescription, la conception, la fourniture et la mise en place de solutions de contrôle clefs en main et de distribution de produits à haute technicité. Rayonne au niveau national complété par des flux d'affaires à l'international. Grâce à une forte culture technique et un rôle clé de prescription en amont, la so
CRA;https://www.cra.asso.fr/opportunite-reprise.aspx?num=18784;N°18784;;Cède entreprise d'affutage d'outillages coupants située Nord Bourgogne;Autres / non classé;;Bourgogne-Franche-Comté;640000;;;850000;;;;
CRA;https://www.cra.asso.fr/opportunite-reprise.aspx?num=18782;N°18782;;Stations-service : conception, installation et maintenance;Autres / non classé;;Nouvelle-Aquitaine;470000;;;250000;;;;
CRA;https://www.cra.asso.fr/opportunite-reprise.aspx?num=18780;N°18780;;Aménagement de la maison;Autres / non classé;;Pays de la Loire;894652;;;686000;;;;
CRA;https://www.cra.asso.fr/opportunite-reprise.aspx?num=18779;N°18779;;Distributeur indépendant de véhicules d'occasion;Négoce / distribution B2B;4520B - Commerce et réparation d'automobiles et de motocycles;Bourgogne-Franche-Comté;5600000;;;500000;Retraite;;;Entreprise familiale de référence, spécialisée dans la commercialisation de véhicules d'occasion toutes marques. Depuis plus de 60 ans, elle accompagne une clientèle de particuliers et de professionnels en proposant des véhicules rigoureusement sélectionnés, préparés et garantis. L'entreprise complète son offre par de nombreux services à valeur ajoutée : reprise de véhicules, financement, garantie
CRA;https://www.cra.asso.fr/opportunite-reprise.aspx?num=18778;N°18778;;Commerce de peintures, papiers peints, revêtements de sols – 1 000 m2;Bâtiment / travaux publics / second œuvre;;Hauts-de-France;1139851;;;240000;;;;
CRA;https://www.cra.asso.fr/opportunite-reprise.aspx?num=18777;N°18777;;Ste propriétaire exploitante - blanchisserie industrielle Bretagne Sud;Propreté / nettoyage / multiservices;9601B - blanchisserie et teinture;Bretagne;878000;;;1300000;Autres activités en parallèle;;;Cession 100% titres d'une société située en Bretagne Sud (insulaire) ayant une activité de blanchisserie industrielle B to B. Bel outil de production respectueux de l'environnement. Perspectives immédiates tres importantes de développement.
CRA;https://www.cra.asso.fr/opportunite-reprise.aspx?num=18776;N°18776;;AFFAIRE USINAGE 42;Industrie / production / fabrication;;Auvergne-Rhône-Alpes;1500000;;;2500000;;;;
CRA;https://www.cra.asso.fr/opportunite-reprise.aspx?num=18775;N°18775;;Opportunité de croissance externe en petite mécanique industrielle;Industrie / production / fabrication;;Nouvelle-Aquitaine;87266;;;58000;;;;
CRA;https://www.cra.asso.fr/opportunite-reprise.aspx?num=18774;N°18774;;Ingénierie informatique;Services informatiques / ESN / éditeur de logiciel;6209Z - Programmation, conseil et autres activités informatiques;Île-de-France;862000;;;350000;Retraite;;;"ESN (assistance technique chez les clients, domaine développements en Informatique de gestion). Domaines de compétences: 1 - Data (ETL, dashboards): 4 personnes; 2 - Internet et IA (dot.net, PHP): 2 personnes ; 3 - CRM Salesforce: 2 personnes; 4 - AMOA/AMOE: 1 personne. Pas d'endettement, pas de charges type locaux ou voitures, dirigeant actuel salarié. Effectif stable, profils jeunes, diplômés et"
CRA;https://www.cra.asso.fr/opportunite-reprise.aspx?num=18773;N°18773;;Restaurant bord de mer;HCR / restauration / tourisme / loisirs;;Hauts-de-France;1068000;;;750000;;;;
CRA;https://www.cra.asso.fr/opportunite-reprise.aspx?num=18771;N°18771;;Agence de Recouvrement de Créances en Bretagne;Conseil / expertise / services administratifs aux entreprises (BPO);8291Z - Activités des agences de recouvrement de factures et des sociétés d'information financière sur la clientèle;Bretagne;1400000;;;550000;Changement de vie;;;Cette agence est chargée de recouvrer des créances pour 50% de son chiffre d'affaire pour des créances commerciales B to B représentant environ 5 % en volume et pour 50 % du chiffre d'affaires et 95% du volume pour des créances de particuliers pour des laboratoires médicaux et des hôpitaux.
CRA;https://www.cra.asso.fr/opportunite-reprise.aspx?num=18770;N°18770;;Entreprise structurée de Services à la Personne;Services à la personne / santé à domicile;9609Z - Autres services personnels;Île-de-France;1453000;;;810000;Retraite;;;Entreprise structurée de services à la personne, à activité récurrente de ménage et de maintien à domicile. Portefeuille clients diversifié, équipe en place et rentabilité normative attractive.
CRA;https://www.cra.asso.fr/opportunite-reprise.aspx?num=18769;N°18769;;Entreprise manufacturière destinée à fournir une clientèle spécifique;Industrie / production / fabrication;;Bourgogne-Franche-Comté;1060000;;;570000;;;;
CRA;https://www.cra.asso.fr/opportunite-reprise.aspx?num=18768;N°18768;;Fabrication restauration et pose de menuiseries principalement en bois;Bâtiment / travaux publics / second œuvre;;Île-de-France;3600000;;;800000;;;;
CRA;https://www.cra.asso.fr/opportunite-reprise.aspx?num=18767;N°18767;;Leader du discount de pneus neufs, d’occasion et entretien automobile;Automobile / 2 roues / nautisme;;Occitanie;1445054;;;750000;;;;
CRA;https://www.cra.asso.fr/opportunite-reprise.aspx?num=18766;N°18766;;CTA Peugeot et Citroen;Autres / non classé;;Provence-Alpes-Côte d'Azur;3400000;;;1200000;;;;
CRA;https://www.cra.asso.fr/opportunite-reprise.aspx?num=18765;N°18765;;Transformation et vente de matières plastiques;Industrie / production / fabrication;;Auvergne-Rhône-Alpes;340000;;;290000;;;;
CRA;https://www.cra.asso.fr/opportunite-reprise.aspx?num=18764;N°18764;;Cession d'une entreprise à taille humaine de génie civil;Bâtiment / travaux publics / second œuvre;;Île-de-France;1649000;;;1300000;;;;
CRA;https://www.cra.asso.fr/opportunite-reprise.aspx?num=18763;N°18763;;Société Spécialisée dans la valorisation de Déchets;Énergie / environnement / déchets / recyclage;;Bourgogne-Franche-Comté;4300000;;;4000000;;;;
CRA;https://www.cra.asso.fr/opportunite-reprise.aspx?num=18761;N°18761;;Conception et fabrication de produits de chaudronnerie plastique;Industrie / production / fabrication;;Grand Est;2663000;;;1400000;;;;
CRA;https://www.cra.asso.fr/opportunite-reprise.aspx?num=18759;N°18759;;Affaire de serrurerie, ferronnerie d'art et de métallerie industrielle;Bâtiment / travaux publics / second œuvre;;Centre-Val de Loire;890000;;;500000;;;;
CRA;https://www.cra.asso.fr/opportunite-reprise.aspx?num=18758;N°18758;;Entreprise artisanale de transformation agroalimentaire Bourgogne Sud;Industrie / production / fabrication;;Bourgogne-Franche-Comté;1700000;;;850000;;;;
CRA;https://www.cra.asso.fr/opportunite-reprise.aspx?num=18757;N°18757;;Fabricant - Poseur Vérandas aluminium et menuiserie;Bâtiment / travaux publics / second œuvre;;Occitanie;1331422;;;1240000;;;;
CRA;https://www.cra.asso.fr/opportunite-reprise.aspx?num=18756;N°18756;;Entreprise de menuiserie;Bâtiment / travaux publics / second œuvre;;Normandie;300000;;;80000;;;;
CRA;https://www.cra.asso.fr/opportunite-reprise.aspx?num=18755;N°18755;;Spécialiste reconnu de la pose et du levage de charpentes béton;Bâtiment / travaux publics / second œuvre;;Île-de-France;5800000;;;;;;;
CRA;https://www.cra.asso.fr/opportunite-reprise.aspx?num=18754;N°18754;;Négoce de produits second oeuvre du bâtiment;Communication / marketing / édition / imprimerie / PLV;4676Z - Commerce de gros (commerce interentreprises) d'autres produits intermédiaires;Normandie;1457865;;;810000;Changement de vie;;;Négoce de produits du second œuvre en développement depuis 12 ans dans un grand centre urbain, où il fait bon vivre. L'entreprise bénéficie d’une clientèle diversifiée et récurrente de professionnels du bâtiment, elle accueille aussi des particuliers. Sa notoriété lui a permis de devenir un des principaux acteurs de son secteur, notamment grâce à plusieurs partenariats avec des marques premium, de
CRA;https://www.cra.asso.fr/opportunite-reprise.aspx?num=18753;N°18753;;Société de terrassement et d'assainissement;Bâtiment / travaux publics / second œuvre;;Centre-Val de Loire;927000;;;700000;;;;
CRA;https://www.cra.asso.fr/opportunite-reprise.aspx?num=18752;N°18752;;Travaux de rénovation, finition et amélioration int/ext des bâtiments;Bâtiment / travaux publics / second œuvre;;Auvergne-Rhône-Alpes;3045005;;;1800000;;;;
CRA;https://www.cra.asso.fr/opportunite-reprise.aspx?num=18751;N°18751;;Société de coaching collectif spécialisée dans le secteur public;Autres / non classé;;Île-de-France;225000;;;70000;;;;
CRA;https://www.cra.asso.fr/opportunite-reprise.aspx?num=18750;N°18750;;ONYX présenté par MERMOZ;Autres / non classé;;Auvergne-Rhône-Alpes;1400000;;;;;;;
CRA;https://www.cra.asso.fr/opportunite-reprise.aspx?num=18749;N°18749;;Organisme de formation et centre de bilans de compétences;Formation professionnelle / organisme de formation;"7022Z - Activités des sièges sociaux ; conseil de gestion";Île-de-France;840000;;;290000;Autres activités en parallèle;;;Organisme de formation et centre de bilans de compétences, avec une expertise sur le handicap qui intervient auprès des acteurs de l’insertion, des associations et des entreprises. Son catalogue est riche de 47 formations dans 6 domaines, dont le management, l'accompagnement insertion et l'inclusion/santé/handicap. Il accompagne depuis 2003 le développement des compétences et la mobilité professio
CRA;https://www.cra.asso.fr/opportunite-reprise.aspx?num=18748;N°18748;;Ébénisterie : menuiserie / agencement;Bâtiment / travaux publics / second œuvre;;Pays de la Loire;171230;;;50000;;;;
CRA;https://www.cra.asso.fr/opportunite-reprise.aspx?num=18747;N°18747;;Portefeuille d'assurances;Courtage assurance / intermédiation financière;6622Z - Activités auxiliaires de services financiers et d'assurance;Île-de-France;503569;;;700000;Changement de vie;;;Portefeuille d'assurances réparti équitablement sur trois marchés principaux, le particulier, le syndic de copropriété et les professionnels / entreprises. Taux de renouvellement annuel des contrats de 89%. Progression du CA de 5 à 7% par an. Equipe expérimentée et stable. Charges maitrisées. Profil recherché commercial expérimenté dans le service.
CRA;https://www.cra.asso.fr/opportunite-reprise.aspx?num=18746;N°18746;;Fabricant et Installateur de Menuiserie Aluminium;Bâtiment / travaux publics / second œuvre;;Normandie;1850000;;;800000;;;;
CRA;https://www.cra.asso.fr/opportunite-reprise.aspx?num=18745;N°18745;;Entreprise d'usinage mécanique de précision;Industrie / production / fabrication;;Nouvelle-Aquitaine;1000000;;;1450000;;;;
CRA;https://www.cra.asso.fr/opportunite-reprise.aspx?num=18744;N°18744;;Franchise rentable en commerce de détail - 3 centres commerciaux IDF;Commerce de détail / e-commerce BtoC;;Île-de-France;1590000;;;990000;;;;
CRA;https://www.cra.asso.fr/opportunite-reprise.aspx?num=18743;N°18743;;Entreprise spécialisée dans l'usinage plastique;Industrie / production / fabrication;;Nouvelle-Aquitaine;200000;;;290000;;;;
CRA;https://www.cra.asso.fr/opportunite-reprise.aspx?num=18742;N°18742;;Fabrication et vente d'emballages en bois;Négoce / distribution B2B;1624Z - Fabrication d'emballages en bois;Provence-Alpes-Côte d'Azur;8200000;;;2900000;Retraite;;;Entreprise reconnue dans la fabrication et la commercialisation d’emballages en bois, cette société bénéficie d’une forte notoriété sur son marché et s’appuie sur une clientèle variée et fidèle. Son positionnement s’inscrit pleinement dans les enjeux actuels, grâce à des produits à forte valeur écologique et respectueux de l’environnement. Elle dispose d’un important potentiel de développement, po
CRA;https://www.cra.asso.fr/opportunite-reprise.aspx?num=18741;N°18741;;Franchise ATTILA : entretien et réparation de toitures;Bâtiment / travaux publics / second œuvre;;;1687678;;;650000;;;;
CRA;https://www.cra.asso.fr/opportunite-reprise.aspx?num=18740;N°18740;;Commerce de peintures et revêtements;Bâtiment / travaux publics / second œuvre;;Pays de la Loire;1670500;;;980000;;;;
CRA;https://www.cra.asso.fr/opportunite-reprise.aspx?num=18739;N°18739;;Installateur de chauffage Ventillation Climatisation Plomberie;Bâtiment / travaux publics / second œuvre;;;2161000;;;780000;;;;
CRA;https://www.cra.asso.fr/opportunite-reprise.aspx?num=18738;N°18738;;Centre de Psychologie anglophone;Santé / pharmacie / laboratoire / cabinet médical;;Île-de-France;750000;;;525000;;;;
CRA;https://www.cra.asso.fr/opportunite-reprise.aspx?num=18737;N°18737;;Entreprise d’aménagements bois extérieurs au savoir-faire reconnu;Industrie / production / fabrication;;Île-de-France;4876184;;;;;;;
CRA;https://www.cra.asso.fr/opportunite-reprise.aspx?num=18736;N°18736;;Conseil et vente de prothèses capillaires en institut et en ligne;Conseil / expertise / services administratifs aux entreprises (BPO);9609Z - Autres services personnels;Île-de-France;1050000;;;700000;Retraite;;;Entreprise de vente par internet et dans un institut à Paris de produits de coiffures, perruques naturelles et produits capillaires. Affaire profitable, saine et très peu endettée, évoluant dans un secteur relativement indépendant de la conjoncture et présentant des perspectives de développement.
CRA;https://www.cra.asso.fr/opportunite-reprise.aspx?num=18735;N°18735;;Distributeur materiels agricoles : vente / entretien Bourgogne du sud;Communication / marketing / édition / imprimerie / PLV;4614Z - Intermédiaires du commerce en machines, équipements industriels, navires et avions;Bourgogne-Franche-Comté;8300000;;;2700000;Autres activités en parallèle;;;Distributeur de matériels agricoles, très forte réputation locale du fait de son ancienneté et de son SAV de grande qualité. Agent pour les tracteurs et concessionnaire pour les outils tractés . Belle implantation sur deux sites de vente : un au nord, l'autre au sud du 71.
CRA;https://www.cra.asso.fr/opportunite-reprise.aspx?num=18732;N°18732;;Biscuiterie en Bretagne Finistère sud;Autres / non classé;;Bretagne;815000;;;400000;;;;
CRA;https://www.cra.asso.fr/opportunite-reprise.aspx?num=18729;N°18729;;Production et négoce - produits de la mer;Négoce / distribution B2B;0150Z - Culture et production animale, chasse et services annexes;Bretagne;4000000;;;3500000;Autres activités en parallèle;;;Deux activités : - Production de coquillages : toute la chaîne allant des parcs en mer , du matériel de récolte , de purification, de tri , de conditionnement , jusqu'aux expéditions - Négoce de produits de la mer : approvisionnement , purification , tri , conditionnement , expédition sur la France et l'étranger La valorisation comprend les terrains et les bâtiments
CRA;https://www.cra.asso.fr/opportunite-reprise.aspx?num=18728;N°18728;;Entreprise de rénovation de bâtiments, forte croissance et rentabilité;Bâtiment / travaux publics / second œuvre;;Grand Est;5986096;;;3500000;;;;
CRA;https://www.cra.asso.fr/opportunite-reprise.aspx?num=18727;N°18727;;Epicerie fine Haute gamme;Autres / non classé;;Occitanie;1690000;;;18727;;;;
CRA;https://www.cra.asso.fr/opportunite-reprise.aspx?num=18726;N°18726;;Location vaisselle, mobilier et matériel de cuisine;Négoce / distribution B2B;7739Z - Activités de location et location-bail;Occitanie;1380000;;;18726;Retraite;;;Société créé en 2001, l’entreprise loue de la vaisselle pour les traiteurs, les administrations, les sociétés événementielles et les particuliers puis s’est diversifiée sur la location de mobilier et de matériel de cuisine. Les deux fils de la dirigeante travaillent dans l’entreprise. L'un des 2 souhaite quitter l'entreprise La dirigeante a 71 ans et vend pour partir à la retraite
CRA;https://www.cra.asso.fr/opportunite-reprise.aspx?num=18725;N°18725;;Foie Gras et Produits Gascons;Autres / non classé;;Occitanie;1710000;;;18725;;;;
CRA;https://www.cra.asso.fr/opportunite-reprise.aspx?num=18724;N°18724;;Cession d'une société d'aménagement paysagé dans le Puy de Dôme;Bâtiment / travaux publics / second œuvre;;Auvergne-Rhône-Alpes;861000;;;700000;;;;
CRA;https://www.cra.asso.fr/opportunite-reprise.aspx?num=18723;N°18723;;Négoce mobilier et décoration;Négoce / distribution B2B;4753Z - Commerce de détail de tapis, moquettes et revêtements de murs et de sols en magasin spécialisé;Pays de la Loire;450000;;;190000;Réorientation professionnelle;;;Entreprise spécialisée dans le commerce du mobilier et de la décoration de la maison recherche un repreneur pour renforcer sa présence dans la ville moyenne ou elle bénéficie d'une bonne visibilité géographique. Dotée d'une surface de vente de 500 M2 et de 450M2 de stockage , d'un parking de 40 places avec 2 entrées -sorties , l'entreprise dispose d'un environnement idéal pour l'accueil des client
CRA;https://www.cra.asso.fr/opportunite-reprise.aspx?num=18722;N°18722;;Commerce et création-fabrication bijoux;Industrie / production / fabrication;;Grand Est;568355;;;250000;;;;
CRA;https://www.cra.asso.fr/opportunite-reprise.aspx?num=18721;N°18721;;Petite entreprise de métallurgie;Autres / non classé;;Bretagne;292263;;;100000;;;;
CRA;https://www.cra.asso.fr/opportunite-reprise.aspx?num=18720;N°18720;;Négoce d'aliments et friandises pour chiens et chats;Négoce / distribution B2B;4621Z - Commerce de gros (commerce interentreprises) de céréales, de tabac non manufacturé, de semences et d'aliments pour le bétail;Île-de-France;1800000;;;1800000;Retraite;;;Cette société de négoce pur, distribue des aliments et friandises pour chiens et chats dans des circuits tels que la grande distribution, les animaleries, vétérinaires, salons de toilettage. Une opportunité rare sur un secteur porteur. Forte rentabilité . Implantée depuis plus de 30 ans sur son marché, sans aucune dette financière, elle dispose d'une trésorerie structurellement excédentaire. CA en
CRA;https://www.cra.asso.fr/opportunite-reprise.aspx?num=18719;N°18719;;Mobilier de bureau haut de gamme, Alsace, grand Est.;Énergie / environnement / déchets / recyclage;;Grand Est;900000;;;375000;;;;
CRA;https://www.cra.asso.fr/opportunite-reprise.aspx?num=18717;N°18717;;Menuiserie métallique et serrurerie;Bâtiment / travaux publics / second œuvre;;Provence-Alpes-Côte d'Azur;670000;;;400000;;;;
CRA;https://www.cra.asso.fr/opportunite-reprise.aspx?num=18716;N°18716;;Entreprise de chaudronnerie - manutention et maintenance industrielle;Industrie / production / fabrication;;Auvergne-Rhône-Alpes;1500000;;;1150000;;;;
CRA;https://www.cra.asso.fr/opportunite-reprise.aspx?num=18714;N°18714;;TOTEM, agence digitale et médias depuis 1989;Services informatiques / ESN / éditeur de logiciel;"7022Z - Activités des sièges sociaux ; conseil de gestion";Auvergne-Rhône-Alpes;750;;;850;Autres activités en parallèle;;;Agence de communication digital Créé en 1989 Hervé Bigal a créé cette agence et l'a développée. Deux axes solides Les relations média/influence et le digital. 1 relation presse & influence: conception et déploiement de stratégies de notoriété. 2 digital & SEO accompagnement dans la transformation numérique des marques communication de crise: anticipation, gestion et résolution des situations de se
CRA;https://www.cra.asso.fr/opportunite-reprise.aspx?num=18713;N°18713;;Traitement de surface des métaux, grenaillage Polyzinc, peinture poudre Epoxy;Bâtiment / travaux publics / second œuvre;;Île-de-France;2030000;;;2100000;;;;
CRA;https://www.cra.asso.fr/opportunite-reprise.aspx?num=18711;N°18711;;Réseau d’instituts de beauté et centre de formation en épilation;Formation professionnelle / organisme de formation;4775Z - Commerce de détail de parfumerie et de produits de beauté en magasin spécialisé;Île-de-France;2329000;;;1400000;Retraite;;;Les salons de beauté Pyrene, réseau de 8 instituts de beauté (3 en propre et 5 en affiliation), commercialisent l’ensemble des soins des salons de beauté avec une forte spécialisation pour l’épilation définitive selon 2 méthodes : l’électro-épilation et la photo-épilation dont Pyrene a été le pionnier en France. Le centre de formation, créé en 2020, est dédié à l’apprentissage des 2 méthodes d’épi
CRA;https://www.cra.asso.fr/opportunite-reprise.aspx?num=18710;N°18710;;Franchise rentable de services à la personne d’une enseigne leader;Services informatiques / ESN / éditeur de logiciel;8810A - Action sociale sans hébergement;Île-de-France;1500000;;;1300000;Retraite;;;Il s'agit de l'une des plus anciennes, plus importantes et plus rentables franchises d'une marque leader en France d'aide à domicile aux personnes dépendantes (partenaire du CRA) avec une exclusivité sur 3 zones très peuplées de Paris avec un fort pouvoir d'achat. Elle est d'autant moins concurrencée qu'elle bénéficie d'une barrière à l'entrée provenant de l'absence de nouvelles accréditations dir
CRA;https://www.cra.asso.fr/opportunite-reprise.aspx?num=18709;N°18709;;Fabrication et pose de canalisation hydraulique;Bâtiment / travaux publics / second œuvre;;Bourgogne-Franche-Comté;1850000;;;1200000;;;;
CRA;https://www.cra.asso.fr/opportunite-reprise.aspx?num=18707;N°18707;;Usinage industriel;Industrie / production / fabrication;;Île-de-France;730000;;;300000;;;;
CRA;https://www.cra.asso.fr/opportunite-reprise.aspx?num=18706;N°18706;;Sous traitant de pièces détachées de coutellerie;Autres / non classé;;Auvergne-Rhône-Alpes;1287182;;;550000;;;;
CRA;https://www.cra.asso.fr/opportunite-reprise.aspx?num=18705;N°18705;;Carrosserie automobile Bourgogne du Sud;Automobile / 2 roues / nautisme;;Bourgogne-Franche-Comté;750000;;;295000;;;;
CRA;https://www.cra.asso.fr/opportunite-reprise.aspx?num=18704;N°18704;;Société de services à la personne;Services informatiques / ESN / éditeur de logiciel;8810A - Action sociale sans hébergement;;1340000;;;1300000;Retraite;;;Société de services à la personne implantée depuis 20 ans sur son territoire, bénéficiant d’une solide réputation locale et évoluant sur un marché structurellement porteur lié au vieillissement de la population. L’entreprise dispose d’un agrément couvrant la Loire (42) et d’une organisation pleinement conforme aux exigences réglementaires du secteur.
CRA;https://www.cra.asso.fr/opportunite-reprise.aspx?num=18703;N°18703;;Protection contre les inondations et rétention des eaux d'incendies;Autres / non classé;;Pays de la Loire;1357460;;;500000;;;;
CRA;https://www.cra.asso.fr/opportunite-reprise.aspx?num=18702;N°18702;;Agence de communication;Communication / marketing / édition / imprimerie / PLV;1812Z - Imprimerie et reproduction d'enregistrements;Bretagne;935000;;;18702;Retraite;;;Agence de communication - Bretagne Agence de communication multi-activités : elle conçoit un concept visuel pour chaque Client et fabrique les Produits qu’elle leur propose. Print Petit Format, Print Grand Format, Fabricant d’Enseignes et de Supports d’affichage extérieur, Décoration intérieure ou extérieure. L’Agence est autonome sur ses créations et ses fabrications, ceci permettant une réactivi
CRA;https://www.cra.asso.fr/opportunite-reprise.aspx?num=18701;N°18701;;Belle entreprise paysagiste spécialisée dans l'aménagement des allées;Bâtiment / travaux publics / second œuvre;;Nouvelle-Aquitaine;1600000;;;1500000;;;;
CRA;https://www.cra.asso.fr/opportunite-reprise.aspx?num=18700;N°18700;;Boisson pétillante haut de gamme, sans alcool;Industrie / production / fabrication;;Île-de-France;247176;;;730000;;;;
CRA;https://www.cra.asso.fr/opportunite-reprise.aspx?num=18698;N°18698;;Vente et installation ouvrants et vérandas;Négoce / distribution B2B;4752A - Commerce de détail de quincaillerie, peintures et verres en petites surfaces (moins de 400 m2);Centre-Val de Loire;1500000;;;300000;Retraite;;;Située en région centre, SARL indépendante concessionnaire de l’un des 3 plus grands réseaux leaders Français de la menuiserie et vérandas. Implanté depuis plus de 30 ans dans le marché de la rénovation destinée aux particuliers. Elle se compose de deux points de ventes avec show-room à jour des dernières innovations produits. Cette entreprise est animée par des équipes stables et performantes. Sa
CRA;https://www.cra.asso.fr/opportunite-reprise.aspx?num=18697;N°18697;;Nettoyage intervenant en support des chantiers de rénovation en IdF;Propreté / nettoyage / multiservices;8121Z - Nettoyage courant des bâtiments;Île-de-France;1078000;;;550000;Raison Familiale/Personnelle;;;Cession de 100 % des titres d'une société de nettoyage de bureaux en forte croissance, qui intervient également en tant que prestataire sur des chantiers « à taille humaine » de rénovation de bureaux en Région Parisienne. Affaire transmise par un intermédiaire
CRA;https://www.cra.asso.fr/opportunite-reprise.aspx?num=18696;N°18696;;Cède entreprise prestataire de service pour la vigne située en Cote d'Or;Autres / non classé;;Bourgogne-Franche-Comté;1490000;;;1200000;;;;
CRA;https://www.cra.asso.fr/opportunite-reprise.aspx?num=18695;N°18695;;Vente de logiciels BtoB gestion d’infrastructures IT / cybersécurité;Services informatiques / ESN / éditeur de logiciel;6209Z - Programmation, conseil et autres activités informatiques;Île-de-France;699443;;;500000;Retraite;;;Distribution de Logiciels informatiques spécialisés de Gestion et de renforcement de la sécurité de l’infrastructure IT, des données et des réseaux d’entreprises. Vente des services associés : maintenance/support technique et prestations de services
CRA;https://www.cra.asso.fr/opportunite-reprise.aspx?num=18692;N°18692;;Garage automobile (carrosserie et mécanique) en Auvergne;Automobile / 2 roues / nautisme;;Auvergne-Rhône-Alpes;950000;;;650000;;;;
CRA;https://www.cra.asso.fr/opportunite-reprise.aspx?num=18691;N°18691;;Groupe de magasins spécialisés création et distribution textile;Négoce / distribution B2B;1399Z - Fabrication de textiles;Bretagne;3000000;;;3500000;Changement de vie;;;Groupe structuré opérant sur un marché de niche à forte identité, bénéficiant d’une clientèle fidèle et d’un important flux touristique. L’entreprise développe et commercialise ses propres collections à travers un réseau de points de vente idéalement implantés dans des zones à forte fréquentation. Son modèle repose sur une combinaison performante entre création, approvisionnement maîtrisé et distr
CRA;https://www.cra.asso.fr/opportunite-reprise.aspx?num=18689;N°18689;;Distribution de matériel médical;Négoce / distribution B2B;4774Z - Commerce de détail d'articles médicaux et orthopédiques en magasin spécialisé;Île-de-France;1500000;;;1400000;Autres activités en parallèle;;;Société de distribution de dispositifs médicaux (lits médicalisés, fauteuils roulants, consommables) auprès d'une clientèle de particuliers et professionnels de santé - à la location et à la vente - agrément sécurité sociale.
CRA;https://www.cra.asso.fr/opportunite-reprise.aspx?num=18686;N°18686;;Vente de produits sur le web;Services informatiques / ESN / éditeur de logiciel;4791B - Vente à distance sur catalogue spécialisé;Bretagne;300000;;;180000;Changement de vie;;;Projet de vente du fonds de commerce. le prix indiqué comprend l'évaluation du Stock estimé à 70 000€ Entreprise de vente en ligne de produits textiles en lien avec le monde maritime. Activité en B to C à 95%. L'activité du site internet est actuellement est actuellement en référencement naturel seul. ce qui permet d'envisager un développement important par l'achat de mots clés et de mise en place
CRA;https://www.cra.asso.fr/opportunite-reprise.aspx?num=18685;N°18685;;Valorisation des déchets organiques;Énergie / environnement / déchets / recyclage;;Auvergne-Rhône-Alpes;2000000;;;2000000;;;;
CRA;https://www.cra.asso.fr/opportunite-reprise.aspx?num=18684;N°18684;;Entreprise à vendre - Transporteur routier de marchandises;Transport & logistique (commissionnaire, affrètement);4941A - Transports terrestres et transport par conduites;Normandie;5000000;;;18684;Retraite;;;AFFAIRE TRANSMISE PAR UN INTERMEDIAIRE. La société est un acteur du transport routier de marchandises générales, implanté en Normandie. Elle bénéficie de plus de 25 ans d’expérience et d’une expertise reconnue dans l’organisation des flux. Elle se positionne sur des prestations fiables, réactives et adaptées aux besoins de ses clients. L’organisation des flux en aller-retour (backhaul) permet de l
CRA;https://www.cra.asso.fr/opportunite-reprise.aspx?num=18683;N°18683;;Plateforme d’intermédiation admin. des artistes du spectacle vivant;Communication / marketing / édition / imprimerie / PLV;9004Z - Activités créatives, artistiques et de spectacle;Île-de-France;2916000;;;1200000;Raison Familiale/Personnelle;;;AFFAIRE TRANSMISE PAR UN INTERMEDIAIRE Cession de 100 % des titres d'une société qui gère pour le compte d’artistes l'intégralité des fonctions administratives, contractuelles et sociales nécessaires à l'exercice de leur activité dans un cadre juridique sécurisé
CRA;https://www.cra.asso.fr/opportunite-reprise.aspx?num=18682;N°18682;;Entreprise de decolletage;Autres / non classé;;Auvergne-Rhône-Alpes;600000;;;460000;;;;
CRA;https://www.cra.asso.fr/opportunite-reprise.aspx?num=18681;N°18681;;Agent automobile;Automobile / 2 roues / nautisme;;Bretagne;2800000;;;1500000;;;;
CRA;https://www.cra.asso.fr/opportunite-reprise.aspx?num=18680;N°18680;;Entreprise de prestations de services et de fournitures industrielles;Négoce / distribution B2B;4669B - Commerce de gros (commerce interentreprises) de fournitures et équipements industriels divers;Pays de la Loire;1400000;;;2000000;Retraite;;;Au cœur des enjeux industriels modernes, notre philosophie repose sur l'alchimie entre réactivité humaine et rigueur opérationnelle, permettant de transformer chaque défi logistique en un succès durable. La confiance que nous accordent nos clients repose sur notre capacité à sécuriser leurs flux et à pérenniser leurs outils de production les plus précieux. Notre engagement est total : faire de cha
CRA;https://www.cra.asso.fr/opportunite-reprise.aspx?num=18679;N°18679;;Marque française d’accessoires et de prêt-à-porter;Commerce de détail / e-commerce BtoC;;Auvergne-Rhône-Alpes;2007713;;;1400000;;;;
CRA;https://www.cra.asso.fr/opportunite-reprise.aspx?num=18676;N°18676;;Affaire spécialisée dans le secteur du bien-être;Autres / non classé;;Nouvelle-Aquitaine;640000;;;700000;;;;
CRA;https://www.cra.asso.fr/opportunite-reprise.aspx?num=18675;N°18675;;Conception et réalisation de travaux d'échantillonnage et de cartonnage;Autres / non classé;;Nouvelle-Aquitaine;1793000;;;2700000;;;;
CRA;https://www.cra.asso.fr/opportunite-reprise.aspx?num=18674;N°18674;;Agence commerciale fruits et légumes;Autres / non classé;;Auvergne-Rhône-Alpes;2500000;;;1000000;;;;
CRA;https://www.cra.asso.fr/opportunite-reprise.aspx?num=18671;N°18671;;Belle société de tôlerie, métallerie, découpe laser et soudure;Bâtiment / travaux publics / second œuvre;;Centre-Val de Loire;1550000;;;1550000;;;;
CRA;https://www.cra.asso.fr/opportunite-reprise.aspx?num=18669;N°18669;;Chaudronnerie en expansion facteurs clés qualité-réactivité structurée;Industrie / production / fabrication;;Centre-Val de Loire;1900000;;;1950000;;;;
CRA;https://www.cra.asso.fr/opportunite-reprise.aspx?num=18668;N°18668;;Bureau d’Études Environnementales;Bureau d'études / ingénierie / diagnostics;7490B - Autres activités spécialisées, scientifiques et techniques;;470000;;;220000;Retraite;;;AFFAIRE TRANSMISE PAR UN INTERMÉDIAIRE Audit et diagnostic écologiques • Études d’impacts • Évaluation des incidences Natura 2000 • Méthodes prospectivistes • Délimitation et caractérisation des zones humides • Suivi de chantiers • Demande de dérogation espèces protégées • Contrats d’abonnement par bloc d’heures
CRA;https://www.cra.asso.fr/opportunite-reprise.aspx?num=18667;N°18667;;Electricité générale;Bâtiment / travaux publics / second œuvre;;Occitanie;1594965;;;800000;;;;
CRA;https://www.cra.asso.fr/opportunite-reprise.aspx?num=18666;N°18666;;Cession d'entreprise de nettoyage industriel et de fin de chantier;Propreté / nettoyage / multiservices;8121Z - Nettoyage courant des bâtiments;Auvergne-Rhône-Alpes;1070542;;;1050000;Retraite;;;La société, située en région Auvergne Rhône-Alpes, est un prestataire de services de nettoyage spécialisé dans le nettoyage industriel et logistique, intervenant notamment pour l’entretien de parkings et de plateformes logistiques. La société est une référence en termes de nettoyage des sols en bitume et propose également une activité complémentaire de nettoyage de fin de chantiers, intégralement 
CRA;https://www.cra.asso.fr/opportunite-reprise.aspx?num=18665;N°18665;;Entreprise de Peinture- Revêtement Mural et Isolation;Bâtiment / travaux publics / second œuvre;;Bourgogne-Franche-Comté;1200000;;;600000;;;;
CRA;https://www.cra.asso.fr/opportunite-reprise.aspx?num=18662;N°18662;;Production et négoce en BtoB d'emballages de toutes tailles;Communication / marketing / édition / imprimerie / PLV;4676Z - Commerce de gros (commerce interentreprises) d'autres produits intermédiaires;Normandie;733000;;;105000;Autres activités en parallèle;;;Cette PME fournit en B to B des produits d'emballage (cartons et plastiques) à une clientèle industrielle ou commerciale pour la distribution de leurs marchandises. Elle assure en sus un service d'étude et de conseil afin de permettre à celle-ci d'avoir des expéditions sécurisées et à moindre coût de transport. Elle a sur le dernier exercice affiché perdu une clientèle qu'elle retrouve ou acquiere
CRA;https://www.cra.asso.fr/opportunite-reprise.aspx?num=18661;N°18661;;Menuiserie Bois;Bâtiment / travaux publics / second œuvre;;Occitanie;2780000;;;;;;;
CRA;https://www.cra.asso.fr/opportunite-reprise.aspx?num=18657;N°18657;;Acteur Inter régional des travaux de démolition et de désamiantage;Bâtiment / travaux publics / second œuvre;;Nouvelle-Aquitaine;1412000;;;2000000;;;;
CRA;https://www.cra.asso.fr/opportunite-reprise.aspx?num=18653;N°18653;;Entreprise de plâtrerie et menuiserie à forte notoriété;Bâtiment / travaux publics / second œuvre;;Auvergne-Rhône-Alpes;9400000;;;750000;;;;
CRA;https://www.cra.asso.fr/opportunite-reprise.aspx?num=18652;N°18652;;Entreprise adaptée, leader en reprographie et impression numérique;Services informatiques / ESN / éditeur de logiciel;1812Z - Imprimerie et reproduction d'enregistrements;Île-de-France;;;;750000;Autres activités en parallèle;;;Reprographie, Impression numérique (sur presses et traceurs Grand format & Routage : 60 % du CA Prestations multi-services sur sites clients (services généraux) 40 % du CA
CRA;https://www.cra.asso.fr/opportunite-reprise.aspx?num=18651;N°18651;;BRICKS, travaux de façade et restauration du patrimoine;Courtage assurance / intermédiation financière;43 - Travaux de construction spécialisés;Occitanie;2727228;;;;Autres activités en parallèle;;;La société est implantée dans le département de la Haute-Garonne (31). C’est une entreprise familiale et artisanale spécialisée dans les travaux de façade dans toute la région Occitanie depuis plus de 30 ans. Acteur local, l’entreprise est spécialisée dans les travaux de ravalement, de restauration et autres traitements de la façade. La philosophie de l’entreprise vise à la préservation et la réno
CRA;https://www.cra.asso.fr/opportunite-reprise.aspx?num=18650;N°18650;;Société d'installations électriques, basses et Moyennes tensions;Autres / non classé;;Hauts-de-France;350000;;;340000;;;;
CRA;https://www.cra.asso.fr/opportunite-reprise.aspx?num=18649;N°18649;;Chaudronnerie et mécano soudure;Industrie / production / fabrication;;Hauts-de-France;1200000;;;900000;;;;
CRA;https://www.cra.asso.fr/opportunite-reprise.aspx?num=18646;N°18646;;PME métallurgique spécialisée pour professionnels;Autres / non classé;;Bretagne;1300000;;;1700000;;;;
CRA;https://www.cra.asso.fr/opportunite-reprise.aspx?num=18644;N°18644;;Equipements pour CHR , Collectivités, Commerces et Services;Autres / non classé;;Centre-Val de Loire;650000;;;270000;;;;
CRA;https://www.cra.asso.fr/opportunite-reprise.aspx?num=18641;N°18641;;Horticulture de fleurs et légumes / Vente directe aux particuliers;Autres / non classé;;Auvergne-Rhône-Alpes;631814;;;380000;;;;
CRA;https://www.cra.asso.fr/opportunite-reprise.aspx?num=18639;N°18639;;Création visuelle, impression et marquage publicitaire;Communication / marketing / édition / imprimerie / PLV;7311Z - Publicité et études de marché;Grand Est;281571;;;80000;Retraite;;;Entreprise implantée en Alsace, est spécialisée dans la communication visuelle, le marquage véhicule, toutes signalétiques et textiles à destination d’une clientèle professionnelle. Elle accompagne ses clients de la conception à la fabrication jusqu’à la pose de supports sur mesure (enseignes, covering, signalétique, supports imprimés). La société dispose des équipements et du savoir-faire techniq
CRA;https://www.cra.asso.fr/opportunite-reprise.aspx?num=18638;N°18638;;Entreprise de relocation et services en mobilité internationale;Autres / non classé;;Île-de-France;895000;;;800000;;;;
CRA;https://www.cra.asso.fr/opportunite-reprise.aspx?num=18637;N°18637;;Stockage de produits, Gestion de stocks et logistique;Transport & logistique (commissionnaire, affrètement);5221Z - Entreposage et services auxiliaires des transports;Auvergne-Rhône-Alpes;1877302;;;450000;Raison Familiale/Personnelle;;;Entreprise spécialisée dans le stockage et la logistique à travers des solutions de stockage sur-mesure pour les professionnels. Cette structure, créée il y a près de 30 ans, s'est imposée comme un acteur fiable et reconnu sur son marché. Implantée sur 3 sites idéalement situés en Auvergne et Centre France, elle propose une large gamme de services adaptés aux besoins variés de sa clientèle, allant
CRA;https://www.cra.asso.fr/opportunite-reprise.aspx?num=18636;N°18636;;Fabricant et Poseur de Menuiseries en Bois;Bâtiment / travaux publics / second œuvre;;Auvergne-Rhône-Alpes;2100430;;;500000;;;;
CRA;https://www.cra.asso.fr/opportunite-reprise.aspx?num=18635;N°18635;;Entreprise du bâtiment spécialisée en isolation thermique – MEL;Bureau d'études / ingénierie / diagnostics;4329A - Travaux d'isolation;Hauts-de-France;630000;;;420000;Problème de santé;;;L’entreprise est spécialisée dans les travaux d’isolation thermique (Extérieurs / combles / planchers) et de rénovation de l’habitat, dont les ravalements de façade. Clientèle de particuliers, principalement CSP+, sur le secteur de la Métropole Européenne de Lille. Son savoir-faire reconnu et sa forte expertise technique lui permettent de proposer des prestations de qualité. Ils favorisent le déve
CRA;https://www.cra.asso.fr/opportunite-reprise.aspx?num=18634;N°18634;;Concepteur installateur génie climatique;Autres / non classé;;Pays de la Loire;1900000;;;500000;;;;
CRA;https://www.cra.asso.fr/opportunite-reprise.aspx?num=18633;N°18633;;Étude et fabrication de machines spécifiques;Industrie / production / fabrication;;Pays de la Loire;512844;;;500000;;;;
CRA;https://www.cra.asso.fr/opportunite-reprise.aspx?num=18632;N°18632;;Cabinet d'ingénierie fluides et environnement;Bureau d'études / ingénierie / diagnostics;"7112B - Activités d'architecture et d'ingénierie ; activités de contrôle et analyses techniques";Pays de la Loire;607000;;;490000;Création Nouvelle Implantation;;;"Cabinet d’ingénierie spécialisé en performance énergétique au service des collectivités et des bailleurs ; Récurrence clientèle ; Un an de carnet de commande"
CRA;https://www.cra.asso.fr/opportunite-reprise.aspx?num=18625;N°18625;;Imprimerie du vignoble;Communication / marketing / édition / imprimerie / PLV;1812Z - Imprimerie et reproduction d'enregistrements;Pays de la Loire;559357;;;350000;Retraite;;;Imprimerie présente depuis plus de 70 ans au cœur du vignoble nantais. Situation financière très saine. Entreprise bénéficiant d’une grande régularité en termes d’activité, de chiffre d’affaires et de résultats. A vendre cause préparation retraite. Fort potentiel de développement.
CRA;https://www.cra.asso.fr/opportunite-reprise.aspx?num=18624;N°18624;;SAV et travaux de plomberie, chauffage, électricité et salles de bains;Bâtiment / travaux publics / second œuvre;;Bretagne;3083000;;;2200000;;;;
CRA;https://www.cra.asso.fr/opportunite-reprise.aspx?num=18622;N°18622;;Opportunité de reprise – Société de nettoyage B2B en PACA;Propreté / nettoyage / multiservices;8121Z - Nettoyage courant des bâtiments;Provence-Alpes-Côte d'Azur;494868;;;220000;Autres activités en parallèle;;;Implantée en région PACA, cette entreprise de nettoyage bénéficie d’un positionnement solide sur un axe stratégique couvrant Marseille, Aix-en-Provence, Aubagne, Vitrolles. Elle développe une activité exclusivement B2B, avec une récurrence de 85%, assurant une excellente visibilité sur l’activité. Chiffre d’affaires : ~500 K€ // EBE : ~12% > Équipe : structurée, autonome et peu de turnover Atouts 
CRA;https://www.cra.asso.fr/opportunite-reprise.aspx?num=18621;N°18621;;Vente, pose, rénovation Menuiseries BtoC (Enseigne nationale leader);Bâtiment / travaux publics / second œuvre;;Nouvelle-Aquitaine;2100000;;;1250000;;;;
CRA;https://www.cra.asso.fr/opportunite-reprise.aspx?num=18620;N°18620;;Ventes Parts Sociales Ebénisterie;Autres / non classé;;Bourgogne-Franche-Comté;531000;;;438400;;;;
CRA;https://www.cra.asso.fr/opportunite-reprise.aspx?num=18619;N°18619;;Nettoyage de bureaux et de copropriétés;Propreté / nettoyage / multiservices;8121Z - Nettoyage courant des bâtiments;Île-de-France;1000000;;;480000;Retraite;;;Entreprise de nettoyage à destination des immeubles en copropriété ainsi que sur le secteur de l'immobilier de bureaux. Elle propose des services classiques d'entretien général, nettoyage de sols et remise en état, auprès d' immeubles en copropriété et sur le secteur immobilier de bureaux. Son activité est essentiellement concentrée dans le département IDF . Les contrats sont généralement annuels 
CRA;https://www.cra.asso.fr/opportunite-reprise.aspx?num=18618;N°18618;;Régie publicitaire spécialisée en espaces print, digital et TV;Services informatiques / ESN / éditeur de logiciel;7311Z - Publicité et études de marché;Auvergne-Rhône-Alpes;1430826;;;680000;Retraite;;;2 options sont possibles pour ce dossier : - Vente du Fonds de commerce, au prix de 680 000 K€. - Vente des titres de la Société, au prix de 1 600 K€. Régie publicitaire spécialisée dans la commercialisation d'espaces Print, Digital, TV et opérations spéciales, représentant des marques médias premium parmi lesquelles figurent les plus grands noms de la Presse et couvrant tous les univers. La Socié
CRA;https://www.cra.asso.fr/opportunite-reprise.aspx?num=18616;N°18616;;Menuiserie;Bâtiment / travaux publics / second œuvre;;Pays de la Loire;1380452;;;600000;;;;
CRA;https://www.cra.asso.fr/opportunite-reprise.aspx?num=18615;N°18615;;Création et fabrication de luminaires;Industrie / production / fabrication;;Île-de-France;467000;;;500000;;;;
CRA;https://www.cra.asso.fr/opportunite-reprise.aspx?num=18614;N°18614;;Rénovation de l'habitat tous corps d'état;Bâtiment / travaux publics / second œuvre;;Provence-Alpes-Côte d'Azur;1176000;;;349000;;;;
CRA;https://www.cra.asso.fr/opportunite-reprise.aspx?num=18612;N°18612;;Construction et rénovation de piscines avec vente produits et matériel;Négoce / distribution B2B;4312A - Travaux de terrassement courants et travaux préparatoires;Auvergne-Rhône-Alpes;805117;;;810000;Retraite;;;Cession de 100 % des titres de l'entreprise avec possibilité de cession du Fonds de commerce seulement. Depuis 40 ans, la Société construit, aménage et entretient piscines, bassins, pool-houses, tennis et leurs abords. Elle assure également la création de terrassements et maçonnerie : fabrication, négoce et location de produits et matériel liés à son activité...
CRA;https://www.cra.asso.fr/opportunite-reprise.aspx?num=18611;N°18611;;Location matériel travaux publics professionnels et particuliers;Négoce / distribution B2B;4663Z - Commerce de gros (commerce interentreprises) de machines pour l'extraction, la construction et le génie civil;Nouvelle-Aquitaine;759000;;;1800000;Autres activités en parallèle;;;Entreprise Location Matériels Travaux Publics, de Bâtiments et de Manutention, de matériels de motoculture de Plaisance, de Jardins et Espaces Verts. Professionnels et Particuliers
CRA;https://www.cra.asso.fr/opportunite-reprise.aspx?num=18610;N°18610;;Cède entreprise de second œuvre du bâtiment située en Bourgogne Ouest;Bâtiment / travaux publics / second œuvre;;Bourgogne-Franche-Comté;2633000;;;680000;;;;
CRA;https://www.cra.asso.fr/opportunite-reprise.aspx?num=18609;N°18609;;Entreprise de gros-oeuvre, démolition et terrassement;Bâtiment / travaux publics / second œuvre;;Bretagne;1610358;;;320000;;;;
CRA;https://www.cra.asso.fr/opportunite-reprise.aspx?num=18607;N°18607;;Cession d'une entreprise d'électricité courants forts courants faibles;Bâtiment / travaux publics / second œuvre;;Auvergne-Rhône-Alpes;880069;;;950000;;;;
CRA;https://www.cra.asso.fr/opportunite-reprise.aspx?num=18606;N°18606;;Entreprise de maçonnerie, couverture et rénovation en Bourgogne;Bâtiment / travaux publics / second œuvre;;Bourgogne-Franche-Comté;770000;;;500000;;;;
CRA;https://www.cra.asso.fr/opportunite-reprise.aspx?num=18605;N°18605;;Fabricant français de flight cases sur mesure et de mobilier scénique;Industrie / production / fabrication;;Île-de-France;710000;;;1000000;;;;
CRA;https://www.cra.asso.fr/opportunite-reprise.aspx?num=18604;N°18604;;fabrication et distribution de cabines photo numériques;Services informatiques / ESN / éditeur de logiciel;6209Z - Programmation, conseil et autres activités informatiques;Occitanie;1200000;;;590000;Retraite;;;Entreprise de conception, fabrication, distribution et vente de photobooth et de bornes photo en général (photo identité et de reportage). Forte d'une expérience de plus de quarante ans sur le marché de la photographie (laboratoires photo, bornes de comptoir, cabines photomaton,...) et actuellement de la photo selfie, avec un savoir faire reconnu dans le développement de logiciels dédiés à l'image
CRA;https://www.cra.asso.fr/opportunite-reprise.aspx?num=18602;N°18602;;Distributeur de produits pour la circulation de fluides dans le BTP;Communication / marketing / édition / imprimerie / PLV;4618Z - Intermédiaires spécialisés dans le commerce d'autres produits spécifiques;Île-de-France;713000;;;460000;Retraite;;;Société de distribution qui développe depuis 1990, des solutions pour la distribution des fluides du bâtiment (sanitaire, chauffage et climatisation). Véritable référence sur les marchés du plancher chauffant rafraîchissant, de l’hydro distribution, du multicouche et des canalisations souples enterrées, elle a su s’assurer les services de partenaires industriels européens de premier rang pour offr
CRA;https://www.cra.asso.fr/opportunite-reprise.aspx?num=18601;N°18601;;Aménagements extérieurs / paysagiste Bourgogne du Sud;Bâtiment / travaux publics / second œuvre;;Bourgogne-Franche-Comté;885000;;;590000;;;;
CRA;https://www.cra.asso.fr/opportunite-reprise.aspx?num=18600;N°18600;;Bureau d’études mécaniques en Bourgogne du Sud;Bureau d'études / ingénierie / diagnostics;2829A - Fabrication d'équipements d'emballage, de conditionnement et de pesage;Bourgogne-Franche-Comté;750000;;;775000;Autres activités en parallèle;;;Bureau d'études en génie mécanique au service de l'industrie, 6 dessinateurs projeteurs, clientèle récurrente, située en Bourgogne du sud. Vente du fonds de commerce ou cession des titres avec valeur du fond à 800 000€ + 150 000 € trésorerie soit 950 000 € à convenir.
CRA;https://www.cra.asso.fr/opportunite-reprise.aspx?num=18599;N°18599;;Vente de matériels agricoles et d’entretien des espaces verts B2B;Négoce / distribution B2B;4661Z - Commerce de gros (commerce interentreprises) de matériel agricole;Bretagne;2152570;;;950000;Raison Familiale/Personnelle;;;Créer en 1989, SAS, l'entreprise est adhérente d'une coopérative, Ventes de matériels a des exploitations agricoles et des professionnels de l’entretien des espaces verts, à des particuliers. Les méthodes de vente de l’entreprise sont les suivantes : vente sur site et en déplacement en exploitations chez les clients, vente en libre service, vente par internet. Particuliers 15% / professionnels 85%
CRA;https://www.cra.asso.fr/opportunite-reprise.aspx?num=18596;N°18596;;Entreprise E-commerce B2C dans un secteur de niche;Commerce de détail / e-commerce BtoC;;Occitanie;3500000;;;1700000;;;;
CRA;https://www.cra.asso.fr/opportunite-reprise.aspx?num=18595;N°18595;;Entreprise de signalétique intérieure et extérieure;Communication / marketing / édition / imprimerie / PLV;1812Z - Imprimerie et reproduction d'enregistrements;Nouvelle-Aquitaine;597686;;;840000;Changement de vie;;;Entreprise de signalétique intérieure et extérieure, créée par son dirigeant actuel et en activité depuis plus de 20 ans. Déclinaison identités visuelles des clients sur tout type de support, avec une prestation de service complète: de l'étude technique à la pose, en passant par les maquettes et la production. Spécialisée dans le domaine de la promotion immobilière ( résidences, bureaux, parkings,
CRA;https://www.cra.asso.fr/opportunite-reprise.aspx?num=18594;N°18594;;Mécanique industrielle;Industrie / production / fabrication;;Île-de-France;1300000;;;350000;;;;
CRA;https://www.cra.asso.fr/opportunite-reprise.aspx?num=18593;N°18593;;Entreprise textile bio avec marque propre;Industrie / production / fabrication;;Normandie;587327;;;750000;;;;
CRA;https://www.cra.asso.fr/opportunite-reprise.aspx?num=18592;N°18592;;liiberty vente de camping car;HCR / restauration / tourisme / loisirs;;Occitanie;3900000;;;;;;;
CRA;https://www.cra.asso.fr/opportunite-reprise.aspx?num=18591;N°18591;;Entreprise spécialisée dans les travaux de second oeuvre;Bâtiment / travaux publics / second œuvre;;Occitanie;3000000;;;2400000;;;;
CRA;https://www.cra.asso.fr/opportunite-reprise.aspx?num=18588;N°18588;;Aménagement véhicules pour professionnels et PMR;Automobile / 2 roues / nautisme;;Grand Est;1600000;;;960000;;;;
CRA;https://www.cra.asso.fr/opportunite-reprise.aspx?num=18587;N°18587;;Fabrication de matériels d’aspiration, filtration et dépoussiérage;Négoce / distribution B2B;2511Z - Fabrication de structures métalliques et de parties de structures;Nouvelle-Aquitaine;3511145;;;1500000;Retraite;;;Entreprise métallurgique de fabrication de matériels et d'équipements de traitement de l'air industriel, aspiration, ventilation, filtration et dépoussiérage. destinés à une clientèle d'industriels. Le marché est celui des acteurs majeurs de l'aéronautique, de la défense, de l'automobile et des secteurs énergétiques. L'entreprise maitrise des équipements complexes et dispose d'une offre diversifié
CRA;https://www.cra.asso.fr/opportunite-reprise.aspx?num=18586;N°18586;;Casse auto, vente de véhicules neufs et occasions, sud Morbihan;Automobile / 2 roues / nautisme;;Bretagne;1572154;;;3400000;;;;
CRA;https://www.cra.asso.fr/opportunite-reprise.aspx?num=18585;N°18585;;Mécanique poids lourds et accessoires;Automobile / 2 roues / nautisme;;Grand Est;4311626;;;3000000;;;;
CRA;https://www.cra.asso.fr/opportunite-reprise.aspx?num=18584;N°18584;;Entreprise de plomberie, chauffage, sanitaire, énergie renouvelable;Bâtiment / travaux publics / second œuvre;;Auvergne-Rhône-Alpes;6700000;;;2200000;;;;
CRA;https://www.cra.asso.fr/opportunite-reprise.aspx?num=18580;N°18580;;Imprimerie offset, numérique;Services informatiques / ESN / éditeur de logiciel;1812Z - Imprimerie et reproduction d'enregistrements;Île-de-France;1800000;;;440000;Retraite;;;Cette entreprise spécialisée dans la création et dans l’impressions (offset, numérique, grand format) a su, depuis bientôt 30 ans, acquérir une notoriété régionale incontournable auprès des professionnels (Entreprises, Collectivités, Associations) comme des particuliers grace au savoir-faire et à l’expérience de ses personnels et à la technicité sans cesse renouvelée de ses équipements.
CRA;https://www.cra.asso.fr/opportunite-reprise.aspx?num=18577;N°18577;;Agence de communication 360°;Communication / marketing / édition / imprimerie / PLV;7311Z - Publicité et études de marché;Île-de-France;830000;;;200000;Retraite;;;Agence de communication globale créée il y a plus de 30 ans et qui propose une palette de prestations, du conseil à l'impression numérique en passant par les supports web et l'évènementiel. L'entreprise réalise la plupart de son activité auprès de 2 réseaux de carrossiers automobiles présents sur tout le territoire national. Elle connait une forte croissance due à sa notoriété et sa technicité. Ma
CRA;https://www.cra.asso.fr/opportunite-reprise.aspx?num=18575;N°18575;;PME pour les installations électriques, chauffage et génie, plomberie;Bâtiment / travaux publics / second œuvre;;Provence-Alpes-Côte d'Azur;1615500;;;1100000;;;;
CRA;https://www.cra.asso.fr/opportunite-reprise.aspx?num=18573;N°18573;;Entreprise de second œuvre en Bretagne;Autres / non classé;;Bretagne;8042428;;;7000000;;;;
CRA;https://www.cra.asso.fr/opportunite-reprise.aspx?num=18570;N°18570;;Editions Philateliques;Communication / marketing / édition / imprimerie / PLV;5819Z - Édition;Île-de-France;656329;;;380000;Retraite;;;Activité principale: edition philatelique au service des collectionneurs de timbre depuis 1942 Achat, vente promotion, négoce de tous produits et matériels philatéliques, timbres-poste, objets de collection, fournitures et accessoires, enveloppe premier jour édition philatélique au service des collectionneurs de timbre depuis 1942
CRA;https://www.cra.asso.fr/opportunite-reprise.aspx?num=18569;N°18569;;Cession d'une brasserie artisanale BIO;HCR / restauration / tourisme / loisirs;;Pays de la Loire;1180000;;;700000;;;;
CRA;https://www.cra.asso.fr/opportunite-reprise.aspx?num=18568;N°18568;;Fourniture et pose vérandas, stores, menuiserie et fermetures;Bâtiment / travaux publics / second œuvre;;Île-de-France;5935000;;;2900000;;;;
CRA;https://www.cra.asso.fr/opportunite-reprise.aspx?num=18566;N°18566;;Travaux publics pour Grands comptes et PME;Bâtiment / travaux publics / second œuvre;;Bourgogne-Franche-Comté;9000000;;;5000000;;;;
CRA;https://www.cra.asso.fr/opportunite-reprise.aspx?num=18565;N°18565;;Société de construction de maisons individuelles;Autres / non classé;;Normandie;2757191;;;1950000;;;;
CRA;https://www.cra.asso.fr/opportunite-reprise.aspx?num=18564;N°18564;;TPE vente & installation de systèmes de chauffage énergie renouvelable;Bâtiment / travaux publics / second œuvre;;Bretagne;1377887;;;390000;;;;
CRA;https://www.cra.asso.fr/opportunite-reprise.aspx?num=18562;N°18562;;Chauffage / climatisation / pompe a chaleur / plomberie - sanitaire;Bâtiment / travaux publics / second œuvre;;Grand Est;1050000;;;450000;;;;
CRA;https://www.cra.asso.fr/opportunite-reprise.aspx?num=18560;N°18560;;Carrosserie industrielle poids lourds;Automobile / 2 roues / nautisme;;Normandie;710000;;;;;;;
CRA;https://www.cra.asso.fr/opportunite-reprise.aspx?num=18559;N°18559;;Fourniture & Pose de Menuiseries Extérieures & Intérieures;Bâtiment / travaux publics / second œuvre;;Bretagne;1790000;;;550000;;;;
CRA;https://www.cra.asso.fr/opportunite-reprise.aspx?num=18558;N°18558;;Très belle entreprise spécialisée dans de l'Agencement de Mobilier;Bâtiment / travaux publics / second œuvre;;Pays de la Loire;2315981;;;2000000;;;;
CRA;https://www.cra.asso.fr/opportunite-reprise.aspx?num=18557;N°18557;;Société du BTP et de Transport Morbihan;Transport & logistique (commissionnaire, affrètement);4399D - Autres travaux spécialisés de construction;Bretagne;2200976;;;2500000;Changement de vie;;;Cession de l'intégralité du capital d'une société insulaire du Morbihan. Cette société implantée depuis plus de 45 ans exerce plusieurs activités dans les secteurs du batiment,des travaux publics,du transport et de la location d'engins. Elle jouit d'une trés bonne réputation auprés de sa clientèle de particuliers ,d'entreprises et de communes . Sa rentabilité et sa structure financière sont trés i
CRA;https://www.cra.asso.fr/opportunite-reprise.aspx?num=18555;N°18555;;Vente d'équipements aux collectivités locales;Autres / non classé;;Occitanie;650000;;;330000;;;;
CRA;https://www.cra.asso.fr/opportunite-reprise.aspx?num=18553;N°18553;;Exportation de pièces détachées engins lourds agricoles et de chantier;Agriculture / viticulture / pêche;;Nouvelle-Aquitaine;5000000;;;;;;;
CRA;https://www.cra.asso.fr/opportunite-reprise.aspx?num=18551;N°18551;;Construction métallique toiture;Bâtiment / travaux publics / second œuvre;;Bretagne;1350000;;;2000000;;;;
CRA;https://www.cra.asso.fr/opportunite-reprise.aspx?num=18550;N°18550;;Commerces d'épiceries fines;Autres / non classé;;Bretagne;839369;;;310000;;;;
CRA;https://www.cra.asso.fr/opportunite-reprise.aspx?num=18549;N°18549;;Froid climatisation et cuisine professionnelle;Bâtiment / travaux publics / second œuvre;;Grand Est;950000;;;1160000;;;;
CRA;https://www.cra.asso.fr/opportunite-reprise.aspx?num=18548;N°18548;;Installation et maintenance d’équipements énergétiques pour l’habitat;Autres / non classé;;;1300000;;;1600000;;;;
CRA;https://www.cra.asso.fr/opportunite-reprise.aspx?num=18547;N°18547;;Belle entreprise chauffage, climatisation, plomberie et electricité;Bâtiment / travaux publics / second œuvre;;Centre-Val de Loire;1031000;;;500000;;;;
CRA;https://www.cra.asso.fr/opportunite-reprise.aspx?num=18546;N°18546;;Société de commercialisation d’équipements pour les métiers de bouche;Autres / non classé;;Grand Est;2300000;;;800000;;;;
CRA;https://www.cra.asso.fr/opportunite-reprise.aspx?num=18545;N°18545;;Entreprise du bâtiment spécialisée : revêtements intérieurs extérieurs;Bâtiment / travaux publics / second œuvre;;Auvergne-Rhône-Alpes;545000;;;400000;;;;
CRA;https://www.cra.asso.fr/opportunite-reprise.aspx?num=18543;N°18543;;Vente de consommables et périphériques informatiques BtB;Services informatiques / ESN / éditeur de logiciel;6209Z - Programmation, conseil et autres activités informatiques;Hauts-de-France;300000;;;200000;Problème de santé;;;"Vends société spécialisée dans les solutions WMS et traçabilité pour les entreprises : Vente de matériel avec agrément de distribution des plus gros fabricants (40% du CA). Progiciel ""maison"" installé chez une dizaine de clients avec contrats de maintenance (10% du CA) Vente récurrente des consommables (40% du CA), audit et conseil en optimisation logistique (10% du CA). Clientèle variée et fidèle"
CRA;https://www.cra.asso.fr/opportunite-reprise.aspx?num=18541;N°18541;;PME d’électricité industrielle & intégration process;Bâtiment / travaux publics / second œuvre;;Occitanie;2100000;;;1200000;;;;
CRA;https://www.cra.asso.fr/opportunite-reprise.aspx?num=18540;N°18540;;Agence de voyage : haute montagne et trekking;HCR / restauration / tourisme / loisirs;;Auvergne-Rhône-Alpes;2300000;;;1950000;;;;
CRA;https://www.cra.asso.fr/opportunite-reprise.aspx?num=18539;N°18539;;Cède Entreprise électricité Générale et Climatisation;Bâtiment / travaux publics / second œuvre;;Provence-Alpes-Côte d'Azur;612000;;;580000;;;;
CRA;https://www.cra.asso.fr/opportunite-reprise.aspx?num=18538;N°18538;;Chaudronnerie spécialisée dans la production d’outils pour l’industrie;Industrie / production / fabrication;;Normandie;725000;;;200000;;;;
CRA;https://www.cra.asso.fr/opportunite-reprise.aspx?num=18537;N°18537;;Conception et Réalisation d’installations en Robotique & Métallerie;Bâtiment / travaux publics / second œuvre;;Bourgogne-Franche-Comté;3304125;;;1450000;;;;
CRA;https://www.cra.asso.fr/opportunite-reprise.aspx?num=18536;N°18536;;Construction de maisons en bois Tiny House;Industrie / production / fabrication;;Occitanie;693152;;;350000;;;;
CRA;https://www.cra.asso.fr/opportunite-reprise.aspx?num=18534;N°18534;;Négoce de matériels médicaux;Négoce / distribution B2B;4645Z - Commerce de gros (commerce interentreprises) de parfumerie et de produits de beauté;Auvergne-Rhône-Alpes;1000000;;;600000;Retraite;;;La société commercialise des instruments médicaux aux cliniques et hôpitaux privés. Le chiffre d'affaires se décompose en 65% de vente d'instruments médicaux et 35% en maintenance d'instruments médicaux. La société est saine financièrement avec un CA stable mais un EBE proche de zéro. La société est positionnée sur une niche avec un chiffre d'affaires stable et sans aucun risque financier majeur.
CRA;https://www.cra.asso.fr/opportunite-reprise.aspx?num=18529;N°18529;;Entreprise de peinture industrielle;Bâtiment / travaux publics / second œuvre;;Auvergne-Rhône-Alpes;1300000;;;1800000;;;;
CRA;https://www.cra.asso.fr/opportunite-reprise.aspx?num=18528;N°18528;;Marque lifestyle d'accessoires pour Femme, Bébé et Maison;Autres / non classé;;Île-de-France;1449000;;;18528;;;;
CRA;https://www.cra.asso.fr/opportunite-reprise.aspx?num=18526;N°18526;;Chaudronnerie et machines spéciales;Industrie / production / fabrication;;Auvergne-Rhône-Alpes;1170000;;;460000;;;;
CRA;https://www.cra.asso.fr/opportunite-reprise.aspx?num=18525;N°18525;;Fonds de commerce d’aménagement paysager écoresponsable en BtoC;Bâtiment / travaux publics / second œuvre;;Pays de la Loire;576000;;;345000;;;;
CRA;https://www.cra.asso.fr/opportunite-reprise.aspx?num=18520;N°18520;;Entretien couverture zinguerie et autres travaux;Bâtiment / travaux publics / second œuvre;;Pays de la Loire;837000;;;280000;;;;
CRA;https://www.cra.asso.fr/opportunite-reprise.aspx?num=18514;N°18514;;Entreprise de Menuiserie;Bâtiment / travaux publics / second œuvre;;Bourgogne-Franche-Comté;1400000;;;710000;;;;
CRA;https://www.cra.asso.fr/opportunite-reprise.aspx?num=18513;N°18513;;Vente d'accessoires et d'équipements de Bricolage.;Autres / non classé;;Centre-Val de Loire;658866;;;210000;;;;
CRA;https://www.cra.asso.fr/opportunite-reprise.aspx?num=18512;N°18512;;Constructeur de véhicules utilitaires spéciaux;Automobile / 2 roues / nautisme;;Nouvelle-Aquitaine;3200000;;;1300000;;;;
CRA;https://www.cra.asso.fr/opportunite-reprise.aspx?num=18511;N°18511;;Fabrication paramédicale textile matériaux souples et rigides;Santé / pharmacie / laboratoire / cabinet médical;;Pays de la Loire;235000;;;115000;;;;
CRA;https://www.cra.asso.fr/opportunite-reprise.aspx?num=18510;N°18510;;Société de Négoce de Matériaux et Transports;Transport & logistique (commissionnaire, affrètement);4752A - Commerce de détail de quincaillerie, peintures et verres en petites surfaces (moins de 400 m2);Centre-Val de Loire;3907217;;;2000000;Réorientation professionnelle;;;Entreprise exploitée depuis de nombreuses années, bénéficiant d’une clientèle historique, fidèle et diversifiée. Deux activités complémentaires mais autonomes: un négoce de matériaux reconnu localement et une activité de transport routier disposant de sa propre clientèle. Organisation opérationnelle efficace, rentabilité établie et base d’exploitation saine. Cession envisagée en priorité sur la to
CRA;https://www.cra.asso.fr/opportunite-reprise.aspx?num=18509;N°18509;;Distribution en papèterie, fournitures scolaires et matériel de bureau;Négoce / distribution B2B;4665Z - Commerce de gros (commerce interentreprises) de mobilier de bureau;Centre-Val de Loire;1074000;;;400000;Retraite;;;Vente d'un fond de commerce d'une unité faisant partie d'une Chaine de magasins discount proposant , papeterie, fourniture et mobilier de bureau et matériel informatique
CRA;https://www.cra.asso.fr/opportunite-reprise.aspx?num=18508;N°18508;;Centre auto en Normandie, rattaché à une enseigne nationale;Autres / non classé;;Normandie;1735000;;;450000;;;;
CRA;https://www.cra.asso.fr/opportunite-reprise.aspx?num=18505;N°18505;;Distribution exclusive équipements recyclage B to B.;Négoce / distribution B2B;3319Z - Réparation et installation de machines et d'équipements;Normandie;1700000;;;500000;Recherche de partenariat;;;Entreprise familiale danoise depuis 1992, Mil-tek livre des machines via un réseau de distributeurs exclusifs. Ces équipements procurent des avantages financiers, environnementaux et ergonomiques sur la gestion des flux de déchets. Mil-tek cherche des distributeurs exclusifs régionaux. Dans le cadre du développement de la concession Mil-Tek Ouest, basée sur l'Ouest de la France depuis 20 ans, Nous
CRA;https://www.cra.asso.fr/opportunite-reprise.aspx?num=18504;N°18504;;Amélioration de l'habitat, menuiserie, fermetures, stores, vérandas;Bâtiment / travaux publics / second œuvre;;Pays de la Loire;1164250;;;275000;;;;
CRA;https://www.cra.asso.fr/opportunite-reprise.aspx?num=18502;N°18502;;Blanchisserie industrielle;Propreté / nettoyage / multiservices;9601B - blanchisserie et teinture;Île-de-France;3700000;;;1700000;Retraite;;;Belle affaire de blanchisserie industrielle, clientèle diversifiée récurrente, important potentiel de croissance supporté par un parc machines suffisant, équipe stable. Cession des murs possible également. Accompagnement par le cédant.
CRA;https://www.cra.asso.fr/opportunite-reprise.aspx?num=18499;N°18499;;Pépinieriste;Autres / non classé;;Bourgogne-Franche-Comté;450000;;;258000;;;;
CRA;https://www.cra.asso.fr/opportunite-reprise.aspx?num=18497;N°18497;;Franchise Rénovation Avenir;Bâtiment / travaux publics / second œuvre;;Île-de-France;1110166;;;250000;;;;
CRA;https://www.cra.asso.fr/opportunite-reprise.aspx?num=18489;N°18489;;Installation chauffage, plomberie et énergies renouvelables;Bâtiment / travaux publics / second œuvre;;Auvergne-Rhône-Alpes;2200000;;;1100000;;;;
CRA;https://www.cra.asso.fr/opportunite-reprise.aspx?num=18486;N°18486;;Maçonnerie : construction neuf et rénovation couverture et zinguerie;Bâtiment / travaux publics / second œuvre;;Nouvelle-Aquitaine;1300000;;;775000;;;;
CRA;https://www.cra.asso.fr/opportunite-reprise.aspx?num=18481;N°18481;;Négoce de machines de type broyeurs;Communication / marketing / édition / imprimerie / PLV;4614Z - Intermédiaires du commerce en machines, équipements industriels, navires et avions;Île-de-France;510000;;;360000;Raison Familiale/Personnelle;;;Cession d'une branche d'activité d'une société créée en 2002 spécialisée dans la céramique (gardée par le cédant) et le négoce et la maintenance de broyeurs/laminoirs pour industries de process. Le cédant, représentant exclusif de fait en France d’un fabricant allemand reconnu (partenariat solide) réalise un chiffre d'affaires de l'ordre de 500 k€ dont la branche cédée représente 90 à 95% et se ré
CRA;https://www.cra.asso.fr/opportunite-reprise.aspx?num=18480;N°18480;;Garage automobile dans le nord Finistère;Automobile / 2 roues / nautisme;;Bretagne;783000;;;1100000;;;;
CRA;https://www.cra.asso.fr/opportunite-reprise.aspx?num=18478;N°18478;;Entreprise de bâtiment;Bâtiment / travaux publics / second œuvre;;Hauts-de-France;2700000;;;500000;;;;
CRA;https://www.cra.asso.fr/opportunite-reprise.aspx?num=18477;N°18477;;Cabinet de Recrutement et de Travail Temporaire;Recrutement / intérim / RH / paie;7810Z - Activités liées à l'emploi;Centre-Val de Loire;2000000;;;500000;Autres activités en parallèle;;;Société indépendante avec 3 agences, adossée à un réseau de Franchise national (enseigne TEMPORIS) offrant un concept ayant fait ses preuves, du soutien opérationnel au quotidien, des outils performants et une notoriété nationale. Agence saine avec une forte implantation locale depuis 2008 sur le département du Cher (18) ET un fort potentiel de développement (Potentiel de + de 5 M€ de CA déjà réal
CRA;https://www.cra.asso.fr/opportunite-reprise.aspx?num=18476;N°18476;;entreprise de metallerie et serrurerie;Bâtiment / travaux publics / second œuvre;;Auvergne-Rhône-Alpes;1000000;;;750000;;;;
CRA;https://www.cra.asso.fr/opportunite-reprise.aspx?num=18475;N°18475;;Entreprise TP Sud Bourgogne;Autres / non classé;;Bourgogne-Franche-Comté;2850000;;;3200000;;;;
CRA;https://www.cra.asso.fr/opportunite-reprise.aspx?num=18472;N°18472;;Fabrication et pose de vérandas et menuiserie en aluminium;Bâtiment / travaux publics / second œuvre;;Auvergne-Rhône-Alpes;1899357;;;800000;;;;
CRA;https://www.cra.asso.fr/opportunite-reprise.aspx?num=18466;N°18466;;Carrosserie automobile;Automobile / 2 roues / nautisme;;Pays de la Loire;430737;;;100000;;;;
CRA;https://www.cra.asso.fr/opportunite-reprise.aspx?num=18464;N°18464;;Tôlerie industrielle;Industrie / production / fabrication;;Pays de la Loire;1175000;;;18464;;;;
CRA;https://www.cra.asso.fr/opportunite-reprise.aspx?num=18463;N°18463;;Installation d'équipement de vidéo-protection;Autres / non classé;;Île-de-France;1400000;;;1500000;;;;
CRA;https://www.cra.asso.fr/opportunite-reprise.aspx?num=18461;N°18461;;Vente Parts Sociales Entreprise de Maçonnerie et de gros oeuvre;Bâtiment / travaux publics / second œuvre;;Bourgogne-Franche-Comté;5200000;;;1908000;;;;
CRA;https://www.cra.asso.fr/opportunite-reprise.aspx?num=18460;N°18460;;Garage automobile vente et réparation nord Nouvelle Aquitaine;Automobile / 2 roues / nautisme;;Nouvelle-Aquitaine;2700000;;;300000;;;;
CRA;https://www.cra.asso.fr/opportunite-reprise.aspx?num=18456;N°18456;;Entreprise de menuiserie et vitrerie;Bâtiment / travaux publics / second œuvre;;Auvergne-Rhône-Alpes;2000000;;;1200000;;;;
CRA;https://www.cra.asso.fr/opportunite-reprise.aspx?num=18449;N°18449;;Charpente – Couverture;Bâtiment / travaux publics / second œuvre;;Grand Est;755000;;;600000;;;;
CRA;https://www.cra.asso.fr/opportunite-reprise.aspx?num=18446;N°18446;;Génie Electrique, Automatisme et Supervision;Autres / non classé;;Île-de-France;3447691;;;4100000;;;;
CRA;https://www.cra.asso.fr/opportunite-reprise.aspx?num=18445;N°18445;;Affaire Batiment Génie civil. Rénovation et Création petits ouvrages;Bâtiment / travaux publics / second œuvre;;Nouvelle-Aquitaine;1117182;;;650000;;;;
CRA;https://www.cra.asso.fr/opportunite-reprise.aspx?num=18441;N°18441;;Ventes-Maintenance : Piscines, Spas, Saunas - Bretagne Sud;Bâtiment / travaux publics / second œuvre;;Bretagne;1814000;;;1000000;;;;
CRA;https://www.cra.asso.fr/opportunite-reprise.aspx?num=18440;N°18440;;Entreprise de métallerie, ferronnerie et maintenance industrielle;Bâtiment / travaux publics / second œuvre;;Nouvelle-Aquitaine;1150000;;;150000;;;;
CRA;https://www.cra.asso.fr/opportunite-reprise.aspx?num=18439;N°18439;;Société semencière : production et distribution de semences à l’export;Négoce / distribution B2B;4621Z - Commerce de gros (commerce interentreprises) de céréales, de tabac non manufacturé, de semences et d'aliments pour le bétail;;1120808;;;1345000;Retraite;;;Société semencière, production, conditionnement et distribution de semences potagères à l'export en zone tropicale.
CRA;https://www.cra.asso.fr/opportunite-reprise.aspx?num=18436;N°18436;;Pépinière;Autres / non classé;;Bretagne;500000;;;600000;;;;
CRA;https://www.cra.asso.fr/opportunite-reprise.aspx?num=18433;N°18433;;Société spécialisée dans le négoce de fournitures industrielles;Communication / marketing / édition / imprimerie / PLV;4676Z - Commerce de gros (commerce interentreprises) d'autres produits intermédiaires;Auvergne-Rhône-Alpes;1273000;;;425000;Retraite;;;Cession de 100% des titres d'une société de négoce industriel. L'entreprise a été créée en 1991 par l'actuel dirigeant . La société commercialise des élctrovannes et des pompes sur le marché français auprès d'une clientèle industrielle. Les composants sont fabriqués en Italie auprès de 3 fournisseurs. Une seconde actvité complète le chiffre d'affaires et porte sur diverses fournitures pour le sect
CRA;https://www.cra.asso.fr/opportunite-reprise.aspx?num=18432;N°18432;;Entreprise de batiments spécialisée en facades, renovations;Bâtiment / travaux publics / second œuvre;;Auvergne-Rhône-Alpes;1000000;;;650000;;;;
CRA;https://www.cra.asso.fr/opportunite-reprise.aspx?num=18430;N°18430;;Entreprise d’électricité, plomberie, climatisation et chauffage;Bâtiment / travaux publics / second œuvre;;Occitanie;2717000;;;18430;;;;
CRA;https://www.cra.asso.fr/opportunite-reprise.aspx?num=18427;N°18427;;Cabinet de recrutement et d'assessment;Recrutement / intérim / RH / paie;"7022Z - Activités des sièges sociaux ; conseil de gestion";Bretagne;1471608;;;900000;Retraite;;;Créé dans les années 2000, ce cabinet de recrutement et d’assessment a trouvé rapidement sa place sur le marché. Il bénéficie d’une belle fidélité de clients industriels dans l’environnement des Produits de grande consommation et du « b to b », d’une notoriété forte sur son créneau et dispose d’une base de données conséquente. Il accompagne certains clients depuis plus de 15 ans et a prouvé sa cap
CRA;https://www.cra.asso.fr/opportunite-reprise.aspx?num=18423;N°18423;;Entreprise de chaudronnerie et tôlerie fines;Industrie / production / fabrication;;Hauts-de-France;923000;;;590000;;;;
CRA;https://www.cra.asso.fr/opportunite-reprise.aspx?num=18421;N°18421;;vente matériel de ventilation;Négoce / distribution B2B;4669C - Commerce de gros (commerce interentreprises) de fournitures et équipements divers pour le commerce et les services;Provence-Alpes-Côte d'Azur;550000;;;280000;Retraite;;;Entreprise de distribution spécialisée dans la vente et l'installation de matériel de ventilation industrielle pour les activitées de Restauration Agro-Alimentaire et petites industries . Produits professionnels. Distributeur agréé
CRA;https://www.cra.asso.fr/opportunite-reprise.aspx?num=18418;N°18418;;Société de Média & Journalisme;Communication / marketing / édition / imprimerie / PLV;5819Z - Édition;Pays de la Loire;248473;;;330000;Retraite;;;Ste de Média & Journalisme, créatrice d'un concept médiatique de territoire basé sur le journalisme de solutions. La société est organisée autour de prestataires indépendants offrant une grande flexibilité, selon un modèle éprouvé depuis 2017 La marque dispose d'une notoriété unanime, avec une diffusion d'un produit print local en BAL, des abonnés sur les réseaux sociaux, ainsi qu'une communauté d
CRA;https://www.cra.asso.fr/opportunite-reprise.aspx?num=18412;N°18412;;Fonds de commerce - vente et installation d’équipements de cuisine pro;Négoce / distribution B2B;3319Z - Réparation et installation de machines et d'équipements;Occitanie;2065000;;;950000;Autres activités en parallèle;;;- un point de vente de produits et consommables à destination des métiers de bouche et du CHR. Ce point de vente représente 10% de l’activité avec un flux quotidien de clients. - vente et installation d’équipements de cuisine professionnelle et d’équipements frigorifiques associés, représente 65% - Maintenance et dépannage des équipements de cuisine professionnelle et de froid commercial, cette ac
CRA;https://www.cra.asso.fr/opportunite-reprise.aspx?num=18409;N°18409;;Carrosserie entretien et réparation automobile + local commercial;Automobile / 2 roues / nautisme;;Île-de-France;950000;;;1300000;;;;
CRA;https://www.cra.asso.fr/opportunite-reprise.aspx?num=18408;N°18408;;Distributeur et installateur de poêles à bois et poêles à granulés;Négoce / distribution B2B;7490B - Autres activités spécialisées, scientifiques et techniques;Île-de-France;1500000;;;560000;Réalisation patrimoniale;;;Société créée par le cédant il y a une vingtaine d'années, rentable historiquement avec une forte notoriété sur les Yvelines. Travaille avec les marques les plus prestigieuses : - en matière de poêles à granulés : MCZ, JOLLYMEC - en matière de poêles à bois : CHARMWOOD et BARBAS Les 2 showrooms de Jouars et Mantes permettent d'accueillir une clientèle de particuliers (B2C) et de professionnels. Po
CRA;https://www.cra.asso.fr/opportunite-reprise.aspx?num=18406;N°18406;;Distributeur et installateur de poêles à bois, cheminées et inserts;Négoce / distribution B2B;7490B - Autres activités spécialisées, scientifiques et techniques;Île-de-France;1151000;;;485000;Réalisation patrimoniale;;;Société rentable avec une forte notoriété sur les Yvelines. Travaille avec les marques les plus prestigieuses en matière d'équipements de cheminées et poêles : Kal-Fire, STUV, Becafire... Le showroom permet d'accueillir une clientèle de particuliers (B2C) et de professionnels. Possède le label RGE Qualibois N° QB62573 Le cédant souhaite que la société soit vendue conjointement avec société sœur ,c
CRA;https://www.cra.asso.fr/opportunite-reprise.aspx?num=18405;N°18405;;Fabrication et fourniture de produits usinés et assemblés de précision.;Industrie / production / fabrication;;Auvergne-Rhône-Alpes;1000000;;;18405;;;;
CRA;https://www.cra.asso.fr/opportunite-reprise.aspx?num=18404;N°18404;;Secteur bois - sous-traitance technique de clients industriels;Industrie / production / fabrication;;Pays de la Loire;1380000;;;980000;;;;
CRA;https://www.cra.asso.fr/opportunite-reprise.aspx?num=18403;N°18403;;Fabrique de meubles - agencement sur mesure;Bâtiment / travaux publics / second œuvre;;Bretagne;700000;;;440000;;;;
CRA;https://www.cra.asso.fr/opportunite-reprise.aspx?num=18400;N°18400;;Entreprise de menuiserie, plâtrerie et isolation à fort savoir-faire;Bâtiment / travaux publics / second œuvre;;Nouvelle-Aquitaine;4000000;;;1600000;;;;
CRA;https://www.cra.asso.fr/opportunite-reprise.aspx?num=18399;N°18399;;Société de conseil sur les politiques publiques environnementales;Bureau d'études / ingénierie / diagnostics;"7112B - Activités d'architecture et d'ingénierie ; activités de contrôle et analyses techniques";Île-de-France;331753;;;150000;Retraite;;;Société de conseil spécialiste de l’environnement et du développement durable, Ecodécision réalise des études socio-économiques d’aide à la décision pour l’aménagement des territoires. Intervenant depuis plus de 25 ans dans le domaine de l’eau, nous avons progressivement développé des compétences dans d’autres domaines comme l’agriculture, le tourisme et les activités de pleine nature
CRA;https://www.cra.asso.fr/opportunite-reprise.aspx?num=18396;N°18396;;Belle affaire de financement de véhicules utilitaires et industriels;Automobile / 2 roues / nautisme;;Grand Est;1397674;;;1485000;;;;
CRA;https://www.cra.asso.fr/opportunite-reprise.aspx?num=18394;N°18394;;Entreprise d'injection plastique (petites pièces) et parachèvement;Industrie / production / fabrication;;Hauts-de-France;1650000;;;1200000;;;;
CRA;https://www.cra.asso.fr/opportunite-reprise.aspx?num=18393;N°18393;;Entreprise d'étude, installation et entretien de vos solutions énergétiques;Autres / non classé;;Nouvelle-Aquitaine;650000;;;540000;;;;
CRA;https://www.cra.asso.fr/opportunite-reprise.aspx?num=18391;N°18391;;Franchise de pressings dans le 01 à proximité de Genève;Autres / non classé;;;521691;;;500000;;;;
CRA;https://www.cra.asso.fr/opportunite-reprise.aspx?num=18384;N°18384;;Ventes de magasins d'habillement;Commerce de détail / e-commerce BtoC;;Hauts-de-France;5642000;;;1600000;;;;
CRA;https://www.cra.asso.fr/opportunite-reprise.aspx?num=18382;N°18382;;Magasin d'ameublement et de décoration premium;Commerce de détail / e-commerce BtoC;;Pays de la Loire;1200000;;;18382;;;;
CRA;https://www.cra.asso.fr/opportunite-reprise.aspx?num=18381;N°18381;;Plomberie spécialiste de la salle de bain clé en main;HCR / restauration / tourisme / loisirs;;Auvergne-Rhône-Alpes;1660000;;;1095000;;;;
CRA;https://www.cra.asso.fr/opportunite-reprise.aspx?num=18375;N°18375;;Distribution et pose de revêtement de sol depuis 1959;Négoce / distribution B2B;4333Z - Travaux de revêtement des sols et des murs;Auvergne-Rhône-Alpes;1450000;;;850000;Raison Familiale/Personnelle;;;Affaire présentée par un intermédiaire Dossier complet en pièce jointe *création de le société 1959 Distribution et pose de revêtement de sol Parquet Moquette PVC Etanchéité 100% sst
CRA;https://www.cra.asso.fr/opportunite-reprise.aspx?num=18374;N°18374;;Menuiserie et agencement bois haut de gamme pour l’habitat;Bâtiment / travaux publics / second œuvre;;;2729816;;;1200000;;;;
CRA;https://www.cra.asso.fr/opportunite-reprise.aspx?num=18372;N°18372;;Organisme de formation et de coaching;Formation professionnelle / organisme de formation;7810Z - Activités liées à l'emploi;Provence-Alpes-Côte d'Azur;560000;;;220000;Retraite;;;Organisme de formation et de coaching diffusant une offre de formation multidisciplinaire et personnalisée à destination de salariés de grands comptes et de PME et bénéficiant du support d’une enseigne nationale. Le centre fait appel à une équipe de formateurs indépendants et professionnels dans leurs domaines respectifs. Clientèle diversifiée. Certifications (Qualiopi) et habilitations reconnues.
CRA;https://www.cra.asso.fr/opportunite-reprise.aspx?num=18368;N°18368;;Transport - déménagement et autres prestations;Transport & logistique (commissionnaire, affrètement);4941A - Transports terrestres et transport par conduites;Bretagne;578000;;;260000;Problème de santé;;;Entreprise historiquement orientée vers le déménagement et le transport de mobiliers, qui a diversifié son offre pour répondre à des demandes de clients majeurs en BtoB . La clientèle est ainsi aujourd'hui pour les deux tiers de l'activité exclusivement en BtoB . Trois activités distinctes caractérisent l'affaire, le déménagement-transport, la livraison de cuisines, la livraison et pose de mobilie
CRA;https://www.cra.asso.fr/opportunite-reprise.aspx?num=18365;N°18365;;Nautique / fabricant de voiles;Industrie / production / fabrication;;Nouvelle-Aquitaine;739395;;;500000;;;;
CRA;https://www.cra.asso.fr/opportunite-reprise.aspx?num=18364;N°18364;;Architecture textile - dais, tentes, parasols, stands...;Bâtiment / travaux publics / second œuvre;;Île-de-France;600000;;;400000;;;;
CRA;https://www.cra.asso.fr/opportunite-reprise.aspx?num=18354;N°18354;;Usine de préfabrication d'élément en béton armé;Industrie / production / fabrication;;Grand Est;1063832;;;220000;;;;
CRA;https://www.cra.asso.fr/opportunite-reprise.aspx?num=18353;N°18353;;Nouvel associé Cabinet M&A Agro alimentaire;Conseil / expertise / services administratifs aux entreprises (BPO);"7022Z - Activités des sièges sociaux ; conseil de gestion";Île-de-France;1000000;;;;Création Nouvelle Implantation;;;Cabinet de conseils en cessions et acquisitions d’entreprises (PME) spécialisé sur le secteur agro-alimentaire recherche un nouvel associé pour développer l’activité. Notre cabinet exerce son activité depuis une vingtaine d'années, et travaille un portefeuille diversifié de clients de l'industrie, du négoce et de la distribution spécialisée. Bonne connaissance du milieu agro-alimentaire souhaitée.
CRA;https://www.cra.asso.fr/opportunite-reprise.aspx?num=18351;N°18351;;Chauffage, climatisation, plomberie et énergies renouvelables;Bâtiment / travaux publics / second œuvre;;Provence-Alpes-Côte d'Azur;889432;;;945000;;;;
CRA;https://www.cra.asso.fr/opportunite-reprise.aspx?num=18350;N°18350;;Garde d’enfants à domicile – Gard / Vaucluse;Services informatiques / ESN / éditeur de logiciel;8810A - Action sociale sans hébergement;Occitanie;328475;;;170000;Retraite;;;Entreprise de services à la personne spécialisée exclusivement dans la garde d’enfants à domicile, implantée depuis plusieurs années dans le Gard. Membre d’une franchise nationale à taille humaine, elle bénéficie d’un accompagnement de proximité, d’une notoriété solide et d’une clientèle fidèle. L’entreprise dispose d’une équipe encadrée et stable, d’outils de gestion performants, et présente un f
CRA;https://www.cra.asso.fr/opportunite-reprise.aspx?num=18347;N°18347;;PME Services aux entreprises;Autres / non classé;;Centre-Val de Loire;453053;;;300000;;;;
CRA;https://www.cra.asso.fr/opportunite-reprise.aspx?num=18344;N°18344;;Spécialiste de la construction et de l'agencement sur mesure;Bâtiment / travaux publics / second œuvre;;Pays de la Loire;5259000;;;2500000;;;;
CRA;https://www.cra.asso.fr/opportunite-reprise.aspx?num=18339;N°18339;;Alarmes - Vidéosurveillance : vente, installation et maintenance;Sécurité / surveillance / télésurveillance;43 - Travaux de construction spécialisés;Grand Est;250000;;;100000;Changement de vie;;;Vend le fond de commerce de l’Entreprise (code APE 4321 A) qui a 30 ans d’activité dans alarme et vidéo surveillance Elle intervient pour 40% chez les particuliers et pour 60% chez les professionnels: mairie, garage auto, agriculteur, commerces à risque... un fichier d'environ 1500 clients actifs. Une activité de vente, installation, maintenance et renouvellement d’un matériel qui évolue rapidemen
CRA;https://www.cra.asso.fr/opportunite-reprise.aspx?num=18338;N°18338;;Commerce leader sur son secteur d'objets de loisirs et de fêtes;HCR / restauration / tourisme / loisirs;;Nouvelle-Aquitaine;1031260;;;560000;;;;
CRA;https://www.cra.asso.fr/opportunite-reprise.aspx?num=18337;N°18337;;Bureau d'étude technique et ingénierie;Bureau d'études / ingénierie / diagnostics;"7112B - Activités d'architecture et d'ingénierie ; activités de contrôle et analyses techniques";Auvergne-Rhône-Alpes;546279;;;350000;Retraite;;;Bureau d'études techniques et d'Ingénierie qui intervient dans 4 secteurs d'activités : 1) Topographie / Métré 2) BET / Maîtrise d'Ouvre VRD et Assainissement 3) Assistance à Maîtrise d'Ouvrage suivi de travaux 4) Ordonnancement, Pilotage et Coordination Le marché est régional, les donneurs d'ordres sont majoritairement des collectivités locales (60% de l'activité) ou des entreprises en sous trait
CRA;https://www.cra.asso.fr/opportunite-reprise.aspx?num=18336;N°18336;;Entreprise maitrisant un vrai savoir-faire sur une niche de la métallurgie.;Autres / non classé;;Grand Est;1200000;;;440000;;;;
CRA;https://www.cra.asso.fr/opportunite-reprise.aspx?num=18333;N°18333;;Réalisation d'installations industrielles pour traitement de surface;Industrie / production / fabrication;;Auvergne-Rhône-Alpes;1900000;;;385000;;;;
CRA;https://www.cra.asso.fr/opportunite-reprise.aspx?num=18329;N°18329;;Entreprise de Déménagement et de garde Meubles situé en France Comté;Transport & logistique (commissionnaire, affrètement);4941A - Transports terrestres et transport par conduites;Bourgogne-Franche-Comté;1360000;;;500000;Retraite;;;Clientèle majoritairement locale de particulier et quelques professionnels
CRA;https://www.cra.asso.fr/opportunite-reprise.aspx?num=18327;N°18327;;service à la personne;Autres / non classé;;Provence-Alpes-Côte d'Azur;680000;;;270000;;;;
CRA;https://www.cra.asso.fr/opportunite-reprise.aspx?num=18326;N°18326;;Distribution / installation d’agencements intérieurs dans le Finistère;Négoce / distribution B2B;4759A - Commerce de détail de meubles;Bretagne;804213;;;350000;Retraite;;;Entreprise artisanale dans le Finistère, adhérente de la Fédération Française du Bâtiment, spécialisée dans l'amélioration de l'habitât en Bretagne grâce à la distribution et l'installation d'agencements d'intérieur.
CRA;https://www.cra.asso.fr/opportunite-reprise.aspx?num=18311;N°18311;;Experte dans la vente et l'installation de cheminées et de poêles;Autres / non classé;;Occitanie;1561280;;;550000;;;;
CRA;https://www.cra.asso.fr/opportunite-reprise.aspx?num=18309;N°18309;;Électricité - courant fort - courant faible;Bâtiment / travaux publics / second œuvre;;Île-de-France;2300000;;;650000;;;;
CRA;https://www.cra.asso.fr/opportunite-reprise.aspx?num=18308;N°18308;;Fabrication d'emballages fruits et légumes;Négoce / distribution B2B;1624Z - Fabrication d'emballages en bois;Occitanie;1800000;;;1500000;Retraite;;;Fabrication et vente d'emballages en bois et en carton pour fruits et légumes. Clientèle régionale de professionnels producteurs et grossistes
CRA;https://www.cra.asso.fr/opportunite-reprise.aspx?num=18305;N°18305;;Ensemble de boulangeries bien implantées;HCR / restauration / tourisme / loisirs;;Auvergne-Rhône-Alpes;2100000;;;1951200;;;;
CRA;https://www.cra.asso.fr/opportunite-reprise.aspx?num=18296;N°18296;;Vente Fonderie en Franche Comté;Industrie / production / fabrication;;Bourgogne-Franche-Comté;2730000;;;1100000;;;;
CRA;https://www.cra.asso.fr/opportunite-reprise.aspx?num=18289;N°18289;;Entreprise de peinture aménagement sols murs décoration;Bâtiment / travaux publics / second œuvre;;Normandie;1500000;;;600000;;;;
CRA;https://www.cra.asso.fr/opportunite-reprise.aspx?num=18285;N°18285;;Paysagiste / Maçonnerie paysagère;Bâtiment / travaux publics / second œuvre;;Île-de-France;850000;;;1000000;;;;
CRA;https://www.cra.asso.fr/opportunite-reprise.aspx?num=18284;N°18284;;Société spécialisée dans le revétement de Sols et peinture.;Bâtiment / travaux publics / second œuvre;;Occitanie;3000000;;;750000;;;;
CRA;https://www.cra.asso.fr/opportunite-reprise.aspx?num=18280;N°18280;;Paysage terrassement bati piscine, conception fabrication installation;Bâtiment / travaux publics / second œuvre;;Bretagne;800000;;;128000;;;;
CRA;https://www.cra.asso.fr/opportunite-reprise.aspx?num=18273;N°18273;;Affaire de sous traitance charpentes métalliques;Bâtiment / travaux publics / second œuvre;;Bourgogne-Franche-Comté;912361;;;250000;;;;
CRA;https://www.cra.asso.fr/opportunite-reprise.aspx?num=18264;N°18264;;Agence évenementielle;Communication / marketing / édition / imprimerie / PLV;7911Z - Activités des agences de voyage, voyagistes, services de réservation et activités connexes;Occitanie;4117188;;;680000;Recherche de partenariat;;;Agence spécialisée dans la conception, la création et la réalisation de tout événements qui forge la vie des entreprises : réunions digitales, convention, logistique congrès, voyages d'affaires… la société appartient à une autre société qui elle est à céder (N° Affaire : 18263) Les 2 structures réalisent un CA de 4 117 188 € Le prix de cession de l'ensemble des 2 structures est de 680 k€ l
CRA;https://www.cra.asso.fr/opportunite-reprise.aspx?num=18263;N°18263;;Agence de tourisme d'affaires et Evénementiel;Communication / marketing / édition / imprimerie / PLV;7911Z - Activités des agences de voyage, voyagistes, services de réservation et activités connexes;Occitanie;4117188;;;680000;Recherche de partenariat;;;Agence de Tourisme d'affaires et événementiel spécialisée dans la conception et la production de voyage et de tourisme d'affaires ( transport , hébergement , restauration ....) 30 années d'expérience cette société vient en appui d'une société événementielle qui lui appartient (18264) Les 2 structures réalisent un CA de 4 117 188 € Le prix de cession de l'ensemble des 2 structures est de 680 k€
CRA;https://www.cra.asso.fr/opportunite-reprise.aspx?num=18258;N°18258;;Service à la personne - Gardiennage d'enfants à domicile;Sécurité / surveillance / télésurveillance;9609Z - Autres services personnels;Bourgogne-Franche-Comté;360000;;;110000;Changement de vie;;;Entreprise franchisé de service à la personne spécialisée dans la garde d'enfants à domicile bien implantée dans son département en Bourgogne à potentiel de développement.
CRA;https://www.cra.asso.fr/opportunite-reprise.aspx?num=18252;N°18252;;Pépinières en Finistère Nord;Autres / non classé;;Bretagne;850000;;;1200000;;;;
CRA;https://www.cra.asso.fr/opportunite-reprise.aspx?num=18250;N°18250;;Charpente, Couverture, Bardage métallique, Serrurerie;Bâtiment / travaux publics / second œuvre;;Bretagne;3300000;;;2630000;;;;
CRA;https://www.cra.asso.fr/opportunite-reprise.aspx?num=18249;N°18249;;Plomberie chauffage salle de bains;HCR / restauration / tourisme / loisirs;;Occitanie;1150000;;;580000;;;;
CRA;https://www.cra.asso.fr/opportunite-reprise.aspx?num=18238;N°18238;;Une affaire de dépannage Sanitaire;Autres / non classé;;Île-de-France;980896;;;420000;;;;
CRA;https://www.cra.asso.fr/opportunite-reprise.aspx?num=18236;N°18236;;Transformation plastique;Industrie / production / fabrication;;Grand Est;1162615;;;600000;;;;
CRA;https://www.cra.asso.fr/opportunite-reprise.aspx?num=18234;N°18234;;Cession d'une entreprise d'électricité industrielle courants forts - courants faibles;Bâtiment / travaux publics / second œuvre;;Auvergne-Rhône-Alpes;778867;;;380000;;;;
CRA;https://www.cra.asso.fr/opportunite-reprise.aspx?num=18233;N°18233;;Confection & pose de rideaux & stores;Bâtiment / travaux publics / second œuvre;;Bretagne;850000;;;600000;;;;
CRA;https://www.cra.asso.fr/opportunite-reprise.aspx?num=18232;N°18232;;entreprise d'electricité APE 4321A;Bâtiment / travaux publics / second œuvre;;Auvergne-Rhône-Alpes;2900000;;;650000;;;;
CRA;https://www.cra.asso.fr/opportunite-reprise.aspx?num=18226;N°18226;;Vente et réparation de vérins hydrauliques;Autres / non classé;;Bourgogne-Franche-Comté;1082000;;;1200000;;;;
CRA;https://www.cra.asso.fr/opportunite-reprise.aspx?num=18216;N°18216;;PME dans le Nautisme : activité négoce moteurs et pièces;Négoce / distribution B2B;4663Z - Commerce de gros (commerce interentreprises) de machines pour l'extraction, la construction et le génie civil;Provence-Alpes-Côte d'Azur;538170;;;720000;Autres activités en parallèle;;;"Créé en 2011, ""le groupe"" est spécialisé dans la plaisance, avec deux sociétés (Cf. affaire 18214 : le montant de cession indiqué concerne ces 2 sociétés) : - l'une pour la distribution de moteurs & de pièces détachées, - la seconde orientée sur la prestation de services (Cf. dossier lié). Ce positionnement est un véritable atout avec : - une offre globale de moteurs marins et de services adaptés "
CRA;https://www.cra.asso.fr/opportunite-reprise.aspx?num=18214;N°18214;;PME dans le nautisme : activité services, réparation & maintenance;Automobile / 2 roues / nautisme;;Provence-Alpes-Côte d'Azur;1200300;;;720000;;;;
CRA;https://www.cra.asso.fr/opportunite-reprise.aspx?num=18209;N°18209;;Entreprise de transport de personnes handicapés;Transport & logistique (commissionnaire, affrètement);4941A - Transports terrestres et transport par conduites;Nouvelle-Aquitaine;1454000;;;780000;Autres activités en parallèle;;;Entreprise de transport de personnes handicapés, leader sur les établissements spécialisés pour enfants dans 4 départements du sud-ouest – prestations qualitatives - clientèle fidélisée - marchés reconductibles. Bonne rentabilité et notoriété, parc de véhicules récents, fort potentiel de développement. Accompagnement par le cédant, transmission cause retraite.
CRA;https://www.cra.asso.fr/opportunite-reprise.aspx?num=18206;N°18206;;Aménagement extérieur pour professionnels - Sud et Paris;Autres / non classé;;Occitanie;2400000;;;900000;;;;
CRA;https://www.cra.asso.fr/opportunite-reprise.aspx?num=18198;N°18198;;Charpente industrielle et agricole;Bâtiment / travaux publics / second œuvre;;Bretagne;2868360;;;1600000;;;;
CRA;https://www.cra.asso.fr/opportunite-reprise.aspx?num=18197;N°18197;;Scierie de 1° transformation du bois, spécialisée dans le chêne,;Industrie / production / fabrication;;Grand Est;2401571;;;500000;;;;
CRA;https://www.cra.asso.fr/opportunite-reprise.aspx?num=18196;N°18196;;Atelier mécanique générale Bourgogne du Sud;Industrie / production / fabrication;;Bourgogne-Franche-Comté;875000;;;900000;;;;
CRA;https://www.cra.asso.fr/opportunite-reprise.aspx?num=18185;N°18185;;Fermetures Portes Portails;Bâtiment / travaux publics / second œuvre;;Provence-Alpes-Côte d'Azur;400000;;;250000;;;;
CRA;https://www.cra.asso.fr/opportunite-reprise.aspx?num=18181;N°18181;;Aménagement de Magasins Spécialisés;Commerce de détail / e-commerce BtoC;;Grand Est;763316;;;550000;;;;
CRA;https://www.cra.asso.fr/opportunite-reprise.aspx?num=18176;N°18176;;Entreprise de cartographie et de numérisation 3D;Propreté / nettoyage / multiservices;"7112B - Activités d'architecture et d'ingénierie ; activités de contrôle et analyses techniques";Bourgogne-Franche-Comté;440000;;;600000;Autres activités en parallèle;;;Entreprise de cartographie par drone de création récente qui évolue au plan national.
CRA;https://www.cra.asso.fr/opportunite-reprise.aspx?num=18168;N°18168;;Meubles sur mesure pour hôtellerie, seniors et santé;HCR / restauration / tourisme / loisirs;;Grand Est;2395881;;;1292000;;;;
CRA;https://www.cra.asso.fr/opportunite-reprise.aspx?num=18167;N°18167;;Froid, Cuisine Professionnelle et Climatisation;Bâtiment / travaux publics / second œuvre;;Pays de la Loire;891857;;;650000;;;;
CRA;https://www.cra.asso.fr/opportunite-reprise.aspx?num=18164;N°18164;;Affaire de Peinture, Revêtement, Plâtrerie et Isolation;Bâtiment / travaux publics / second œuvre;;Grand Est;750000;;;350000;;;;
CRA;https://www.cra.asso.fr/opportunite-reprise.aspx?num=18161;N°18161;;Fabrication et pose de menuiserie;Bâtiment / travaux publics / second œuvre;;Hauts-de-France;588900;;;445000;;;;
CRA;https://www.cra.asso.fr/opportunite-reprise.aspx?num=18152;N°18152;;Services de maintenance et installations thermiques BtoB;Bureau d'études / ingénierie / diagnostics;4322B - Travaux d'installation d'équipements thermiques et de climatisation;Auvergne-Rhône-Alpes;365000;;;268000;Retraite;;;L'entreprise propose des services thermiques aux entreprises tertiaires et aux industriels de la région Rhône Alpes. Elle intervient dans les domaines suivants pour les équipements de chauffage et climatisation : - Maintenance Préventive et curative via des contrats de maintenance annuels. - Interventions de dépannage sur demande. - Remplacement de matériels quand le dépannage ou la maintenance ne
CRA;https://www.cra.asso.fr/opportunite-reprise.aspx?num=18150;N°18150;;Prototypage, outillages industriels, usinage, mécanique de précision;Industrie / production / fabrication;;Pays de la Loire;400000;;;450000;;;;
CRA;https://www.cra.asso.fr/opportunite-reprise.aspx?num=18144;N°18144;;Négoce matériel agricole neuf et occasion : vente et entretien;Communication / marketing / édition / imprimerie / PLV;4614Z - Intermédiaires du commerce en machines, équipements industriels, navires et avions;Bourgogne-Franche-Comté;2500000;;;800000;Retraite;;;Négoce matériels agricoles neufs et occasions situé en Bourgogne sud, agent de marques reconnues : tracteurs et accessoires tractés. Très bel implantation (locaux et zones de stockage) et SAV reconnu.
CRA;https://www.cra.asso.fr/opportunite-reprise.aspx?num=18134;N°18134;;Direction et pilotage de travaux;Autres / non classé;;Auvergne-Rhône-Alpes;361033;;;300000;;;;
CRA;https://www.cra.asso.fr/opportunite-reprise.aspx?num=18133;N°18133;;Assistance à maîtrise d'ouvrage AMO;Autres / non classé;;Auvergne-Rhône-Alpes;189887;;;100000;;;;
CRA;https://www.cra.asso.fr/opportunite-reprise.aspx?num=18123;N°18123;;Parc de loisirs indoor pour enfants;HCR / restauration / tourisme / loisirs;;Île-de-France;502000;;;600000;;;;
CRA;https://www.cra.asso.fr/opportunite-reprise.aspx?num=18119;N°18119;;Entreprise de matériels vinicoles;Négoce / distribution B2B;3319Z - Réparation et installation de machines et d'équipements;Grand Est;2850000;;;1980000;Raison Familiale/Personnelle;;;Belle entreprise du secteur matériel et consommable vinicoles. Au fil des années, elle a su se forger une excellente notoriété auprès d'une clientèle très large et fidèle, assurant une part de C.A. récurrente d'environ 30 %. Elle est fort appréciée pour la qualité de ses produits mais également pour son service très performant et sa réactivité. Excellent emplacement géographique de son bâtiment d'
CRA;https://www.cra.asso.fr/opportunite-reprise.aspx?num=18100;N°18100;;Evénement presse et digital;Services informatiques / ESN / éditeur de logiciel;6399Z - Services d'information;Hauts-de-France;860000;;;650000;Retraite;;;La SAS Éditions SORTIR, acteur historique dans l'édition culturelle régionale depuis plus de 20 ans, cherche un repreneur stratégique pour accélérer sa transition digitale. Présente dans 11 régions (dont la Wallonie), elle combine audience fidèle, modèle économique stable et potentiel numérique inexploité. Forte d'un nouveau site intelligent lancé en 2024, elle est prête à ouvrir un nouveau cycle 
CRA;https://www.cra.asso.fr/opportunite-reprise.aspx?num=18099;N°18099;;Bureaux d’études & industrialisation de solutions électroniques B2B;Industrie / production / fabrication;;Île-de-France;2695591;;;5000000;;;;
CRA;https://www.cra.asso.fr/opportunite-reprise.aspx?num=18097;N°18097;;Garage mécanique - carrosserie (86);Automobile / 2 roues / nautisme;;Nouvelle-Aquitaine;752000;;;420000;;;;
CRA;https://www.cra.asso.fr/opportunite-reprise.aspx?num=18092;N°18092;;Dépôt Vente (49);Autres / non classé;;Nouvelle-Aquitaine;950000;;;280000;;;;
CRA;https://www.cra.asso.fr/opportunite-reprise.aspx?num=18091;N°18091;;Cuisiniste franchise grande enseigne nationale;Autres / non classé;;Auvergne-Rhône-Alpes;2064923;;;400000;;;;
CRA;https://www.cra.asso.fr/opportunite-reprise.aspx?num=18089;N°18089;;Cabinet d'intérim et recrutement spécialisé;Recrutement / intérim / RH / paie;7810Z - Activités liées à l'emploi;Île-de-France;688000;;;600000;Changement de vie;;;Agence d’intérim et de placement CDD / CDI en franchise , Saine avec un fort potentiel de développement, implantée localement dans une zone vaste et dynamique. Base clients fidèles et équipes stables et autonomes. Franchise offrant un concept ayant fait ses preuves, du soutien opérationnel au quotidien, des outils performants et une notoriété nationale. Possibilité d’acheter les murs en plus.
CRA;https://www.cra.asso.fr/opportunite-reprise.aspx?num=18074;N°18074;;Maitre d'œuvre bâtiment / fonds de commerce;Bâtiment / travaux publics / second œuvre;;Bourgogne-Franche-Comté;296000;;;43000;;;;
CRA;https://www.cra.asso.fr/opportunite-reprise.aspx?num=18058;N°18058;;Entretien, restauration, vente de véhicule historique et de collection;Automobile / 2 roues / nautisme;;Nouvelle-Aquitaine;708197;;;1600000;;;;
CRA;https://www.cra.asso.fr/opportunite-reprise.aspx?num=18044;N°18044;;Fabrique de produits laitiers;Autres / non classé;;Pays de la Loire;415000;;;250000;;;;
CRA;https://www.cra.asso.fr/opportunite-reprise.aspx?num=18037;N°18037;;Peinture et revêtements - Équipe expérimentée, belle clientèle;Bâtiment / travaux publics / second œuvre;;Île-de-France;1210000;;;18037;;;;
CRA;https://www.cra.asso.fr/opportunite-reprise.aspx?num=18029;N°18029;;Vente et installation de vérandas et pergolas en Gironde;Négoce / distribution B2B;4329A - Travaux d'isolation;Nouvelle-Aquitaine;1459265;;;430000;Retraite;;;La société a été créée en 2014. Aujourd'hui à l'âge de la retraite, les créateurs veulent vendre. En 11 ans d'existence l'entreprise a acquis une excellente réputation. Forte d'une équipe de 5 personnes, installée dans des locaux adaptés , visible depuis un axe passant, la qualité de son travail est reconnue par sa clientèle de particuliers. Le développement de la société a toujours été harmonieux
CRA;https://www.cra.asso.fr/opportunite-reprise.aspx?num=18024;N°18024;;PME, Installations électriques courants forts et faibles;Autres / non classé;;Hauts-de-France;1055000;;;600000;;;;
CRA;https://www.cra.asso.fr/opportunite-reprise.aspx?num=18018;N°18018;;Garage automobile;Automobile / 2 roues / nautisme;;Grand Est;840000;;;600000;;;;
CRA;https://www.cra.asso.fr/opportunite-reprise.aspx?num=17999;N°17999;;Société d'installation et entretien de chauffage;Bâtiment / travaux publics / second œuvre;;Grand Est;2200000;;;400000;;;;
CRA;https://www.cra.asso.fr/opportunite-reprise.aspx?num=17996;N°17996;;Magasin de jouets;Commerce de détail / e-commerce BtoC;;Île-de-France;1613385;;;950000;;;;
CRA;https://www.cra.asso.fr/opportunite-reprise.aspx?num=17995;N°17995;;Entreprise 2 vente et location matériel de forage + réparation;Négoce / distribution B2B;4663Z - Commerce de gros (commerce interentreprises) de machines pour l'extraction, la construction et le génie civil;Occitanie;1984590;;;;Autres activités en parallèle;;;La société assure la vente de matériels, d’outillages et de pièces détachées, la location de matériels de forage et d’injection destinés aux entreprises du BTP et des fondations spéciale Cession du Fonds de commerce + stock Le cédant possède 2 entreprises qui font le même métier sur 2 départements différents ( l'autre affaire est la N° 17994) Idéalement il faudrait reprendre les 2 entités même si 
CRA;https://www.cra.asso.fr/opportunite-reprise.aspx?num=17994;N°17994;;Entreprise 1 vente location matériel de forage + réparation;Négoce / distribution B2B;4663Z - Commerce de gros (commerce interentreprises) de machines pour l'extraction, la construction et le génie civil;Provence-Alpes-Côte d'Azur;1398912;;;;Retraite;;;L'entreprise assure la vente de matériels, d’outillages et de pièces détachées, la location de matériels de forage et d’injection destinés aux entreprises du BTP et des fondations spéciale Cession du Fonds de commerce + stock Le cédant est aussi propriétaire d'une 2eme entreprise ( même métier) sur un autre site Idéalement, il faudrait reprendre les 2 entreprises ( l'autre entreprise est l'affaire
CRA;https://www.cra.asso.fr/opportunite-reprise.aspx?num=17986;N°17986;;Reprise d'une société - Maintenance thermique et frigorifique;Bureau d'études / ingénierie / diagnostics;4322B - Travaux d'installation d'équipements thermiques et de climatisation;Occitanie;1500000;;;750000;Autres activités en parallèle;;;Nous vous proposons une belle opportunité de reprise d’une société implantée en région Occitanie, spécialisée dans la maintenance thermique et frigorifique, ainsi que la rénovation de chaufferies. Forte de plus de 20 ans d’expérience, cette entreprise de taille intermédiaire génère un chiffre d’affaires de 1,5 million d'euros et affiche une rentabilité solide L’entreprise opère principalement sur 
CRA;https://www.cra.asso.fr/opportunite-reprise.aspx?num=17969;N°17969;;Mécanique générale;Industrie / production / fabrication;;Pays de la Loire;562000;;;500000;;;;
CRA;https://www.cra.asso.fr/opportunite-reprise.aspx?num=17968;N°17968;;Entreprise de signalétique à potentiel de développement;Communication / marketing / édition / imprimerie / PLV;1812Z - Imprimerie et reproduction d'enregistrements;Auvergne-Rhône-Alpes;460000;;;350000;Retraite;;;Spécialisée dans l'enseigne et la signalétique, cette entreprise coconçoit, fabrique et pose les ouvrages de communication extérieure. Ses clients sont des entreprise et des acteurs sociaux économiques du territoire. Son CA est volontairement limité par décision du cédant. Cette entreprise offre des perspectives de développement fortes de par sa notoriété et le potentiel du marché local. Un techni
CRA;https://www.cra.asso.fr/opportunite-reprise.aspx?num=17955;N°17955;;Société de Commerce de gros, fournitures bureau, scolaires.;Négoce / distribution B2B;4690Z - Commerce de gros (commerce interentreprises) non spécialisé;Hauts-de-France;3700000;;;900000;Retraite;;;Cette entreprise, possédant une forte notoriété, est adhérente au réseau de distributeurs ALKOR. Développant un CA (3,7 M€) en activité exclusivement B to B, elle rayonne sur les régions Hauts de France et Normandie. Leader sur son secteur géographique de la distribution en fournitures scolaires, elle est également fortement implantée dans la distribution de fournitures et mobiliers aux entreprise
CRA;https://www.cra.asso.fr/opportunite-reprise.aspx?num=17939;N°17939;;Menuiserie spécialisée bois & restauration du patrimoine;Courtage assurance / intermédiation financière;1623Z - Fabrication de charpentes et d'autres menuiseries;Pays de la Loire;725000;;;325000;Retraite;;;Cède 100% des titres d'une société de menuiserie spécialisée 100% bois et restauration du patrimoine. L'activité a progressé de 20% entre 2021 et 2023 et reste stable sur 2024. Le résultat net ( 3 à 5% du CA) reste stable sur les 4 dernières années. Situation financière saine. Les points forts résident: - dans la capacité de l'entreprise à reconstituer en 2023/2024 son niveau de marge brute sur ma
CRA;https://www.cra.asso.fr/opportunite-reprise.aspx?num=17930;N°17930;;Confection textile et négoce de vêtements techniques;Négoce / distribution B2B;1419Z - Industrie de l'habillement;Auvergne-Rhône-Alpes;1220000;;;300000;Retraite;;;Entreprise familiale de confection et de négoce de vêtements techniques, installée sur un marché de niche et possédant un savoir-faire différenciant. L'activité commerciale s'appuie sur un processus d'appels d'offres publics diversifiés et sur la récurrence de la clientèle privée. Soutenu par des fournisseurs de matières premières technique et labélisées, elle s'appuie sur des partenaires sous-tra
CRA;https://www.cra.asso.fr/opportunite-reprise.aspx?num=17926;N°17926;;Installation cheminées poêles à bois et granulés;Industrie / production / fabrication;;Provence-Alpes-Côte d'Azur;1600000;;;1600000;;;;
CRA;https://www.cra.asso.fr/opportunite-reprise.aspx?num=17901;N°17901;;Vente Parts Sociales Entreprise de Constructions Ossature Bois;Industrie / production / fabrication;;Bourgogne-Franche-Comté;2600000;;;1060000;;;;
CRA;https://www.cra.asso.fr/opportunite-reprise.aspx?num=17897;N°17897;;La haute couture de la sellerie;Autres / non classé;;Île-de-France;370000;;;250000;;;;
CRA;https://www.cra.asso.fr/opportunite-reprise.aspx?num=17896;N°17896;;Equipement de signalisation électrique pour automobile;Automobile / 2 roues / nautisme;;Grand Est;807000;;;210000;;;;
CRA;https://www.cra.asso.fr/opportunite-reprise.aspx?num=17729;N°17729;;Entreprise de Négoce de pièces détachées pour matériel agricole;Négoce / distribution B2B;4661Z - Commerce de gros (commerce interentreprises) de matériel agricole;Occitanie;2727753;;;1400000;Retraite;;;
CRA;https://www.cra.asso.fr/opportunite-reprise.aspx?num=17691;N°17691;;Entreprise du secteur de l'aménagement paysager via une franchise;Bâtiment / travaux publics / second œuvre;;Bourgogne-Franche-Comté;676000;;;180000;;;;
CRA;https://www.cra.asso.fr/opportunite-reprise.aspx?num=17464;N°17464;;Entreprise de maçonnerie;Bâtiment / travaux publics / second œuvre;;Bretagne;780000;;;350000;;;;
CRA;https://www.cra.asso.fr/opportunite-reprise.aspx?num=17453;N°17453;;Distribution matériel de bureau / bureautique;Services informatiques / ESN / éditeur de logiciel;4741Z - Commerce de détail d'ordinateurs, d'unités périphériques et de logiciels en magasin spécialisé;Occitanie;820000;;;150000;Autres activités en parallèle;;;Une enseigne à reprendre à proximité de Montpellier en stagnation qui ne demande qu'à se développer... : une franchise nationale réputée, un aménagement intérieur type identifiable, une collection de produits bien définie, des process informatiques, techniques, communication et de management de gestion rodés. Le magasin est connu pour satisfaire des besoins usuel des professionnels et particuliers
CRA;https://www.cra.asso.fr/opportunite-reprise.aspx?num=17450;N°17450;;Bureau d'étude spécialisé dans les calculs de structure et les calculs parasismiques;Bureau d'études / ingénierie / diagnostics;"7112B - Activités d'architecture et d'ingénierie ; activités de contrôle et analyses techniques";Occitanie;533567;;;600000;Retraite;;;Bureau d'études spécialisé dans les structures. Clientèle de maîtres d'ouvrage publics et privés, d'architectes et entreprises à l'échellle régionale. Clientèle de commerces, entreprises, agriculteurs pour les diagnostics structure préalables à l'installation de panneaux photovoltaïques à l'échelle régionale. Clientèle de pavillonneurs et promoteurs pour les calculs parasismiques à l'échelle natio
CRA;https://www.cra.asso.fr/opportunite-reprise.aspx?num=17299;N°17299;;Entreprise de peinture et revêtements de sol;Bâtiment / travaux publics / second œuvre;;Nouvelle-Aquitaine;1100000;;;500000;;;;
CRA;https://www.cra.asso.fr/opportunite-reprise.aspx?num=16704;N°16704;;Un restaurant dans une épicerie de terroir;HCR / restauration / tourisme / loisirs;;Occitanie;3000000;;;;;;;
Fusacq;https://www.fusacq.com/vente-entreprise-fabricant-et-distributeur-de-complements-alimentaires-naturels-loire,92570_fr_;V92570;;Fabricant et distributeur de compléments alimentaires naturels;Négoce / distribution B2B;;Auvergne-Rhône-Alpes;5000000;;10-50 (filtre);;;;;filtre CA 1-5 M€ & effectif 10-50
Fusacq;https://www.fusacq.com/vente-entreprise-renovation-et-maintenance-d-equipements-industriels-france,92397_fr_;V92397;;Rénovation et maintenance d'équipements industriels;Bâtiment / travaux publics / second œuvre;;;5000000;;10-50 (filtre);;;;;filtre CA 1-5 M€ & effectif 10-50
Fusacq;https://www.fusacq.com/vente-entreprise-solutions-energetiques-integrees-photovoltaique-recharge-et-stockage-nord-ouest,92373_fr_;V92373;;Solutions énergétiques intégrées : photovoltaïque, recharge et stockage;Énergie / environnement / déchets / recyclage;;;5000000;;10-50 (filtre);;;;;filtre CA 1-5 M€ & effectif 10-50
Fusacq;https://www.fusacq.com/vente-entreprise-groupe-hvac-cvc-seine-et-marne,92016_fr_;V92016;;Groupe HVAC / CVC;Autres / non classé;;Île-de-France;5000000;;10-50 (filtre);;;;;filtre CA 1-5 M€ & effectif 10-50
Fusacq;https://www.fusacq.com/vente-entreprise-distribution-adaptation-et-maintenance-de-machines-speciales-rhone-alpes,91358_fr_;V91358;;Distribution, adaptation et maintenance de machines spéciales;Négoce / distribution B2B;;Auvergne-Rhône-Alpes;5000000;;10-50 (filtre);;;;;filtre CA 1-5 M€ & effectif 10-50
Fusacq;https://www.fusacq.com/vente-entreprise-conception-et-installation-de-structures-metalliques-nord-est,91283_fr_;V91283;;Conception et installation de structures métalliques;Autres / non classé;;;5000000;;10-50 (filtre);;;;;filtre CA 1-5 M€ & effectif 10-50
Fusacq;https://www.fusacq.com/vente-entreprise-charpente-metallique-et-serrurerie-rhone-alpes,90662_fr_;V90662;21/08/2026;Charpente métallique et serrurerie;Bâtiment / travaux publics / second œuvre;;Auvergne-Rhône-Alpes;5000000;;10-50 (filtre);;;;;filtre CA 1-5 M€ & effectif 10-50
Fusacq;https://www.fusacq.com/vente-entreprise-cabinets-d-ophtalmologie-france,90624_fr_;V90624;31/08/2026;Cabinets d'ophtalmologie;Conseil / expertise / services administratifs aux entreprises (BPO);;;5000000;;10-50 (filtre);;;;;filtre CA 1-5 M€ & effectif 10-50
Fusacq;https://www.fusacq.com/vente-entreprise-groupe-data-marketing-digital-provence-alpes-cote-d-azur,90248_fr_;V90248;07/09/2026;Groupe data & marketing digital;Services informatiques / ESN / éditeur de logiciel;;Provence-Alpes-Côte d'Azur;5000000;;10-50 (filtre);;;;;filtre CA 1-5 M€ & effectif 10-50
Fusacq;https://www.fusacq.com/vente-entreprise-specialiste-de-la-construction-de-batiments-agricoles-et-industriels-nord-ouest,90177_fr_;V90177;26/08/2026;Spécialiste de la construction de bâtiments agricoles et industriels;Bâtiment / travaux publics / second œuvre;;;5000000;;10-50 (filtre);;;;;filtre CA 1-5 M€ & effectif 10-50
Fusacq;https://www.fusacq.com/vente-entreprise-reseaux-de-fluides-et-vrd-midi-pyrenees,88514_fr_;V88514;10/09/2026;Réseaux de fluides et VRD;Autres / non classé;;Occitanie;5000000;;10-50 (filtre);;;;;filtre CA 1-5 M€ & effectif 10-50
Fusacq;https://www.fusacq.com/vente-entreprise-maintenance-reparation-et-transformation-de-vehicules-poids-lourds-loire-atlantique,86033_fr_;V86033;19/08/2026;Maintenance, réparation et transformation de véhicules poids lourds;Automobile / 2 roues / nautisme;;;5000000;;10-50 (filtre);;;;;filtre CA 1-5 M€ & effectif 10-50
Fusacq;https://www.fusacq.com/vente-entreprise-conception-et-vente-d-outils-coupants-industriels-et-de-materiels-de-controles-associes-rhone,83109_fr_;V83109;10/08/2026;Conception et vente d'outils coupants industriels et de matériels de contrôles associés;Négoce / distribution B2B;;Auvergne-Rhône-Alpes;5000000;;10-50 (filtre);;;;;filtre CA 1-5 M€ & effectif 10-50
Fusacq;https://www.fusacq.com/vente-entreprise-installation-et-maintenance-en-genie-climatique-et-solaire-pv-dom-tom,82574_fr_;V82574;26/08/2026;Installation et maintenance en génie climatique et solaire PV;Énergie / environnement / déchets / recyclage;;;5000000;;10-50 (filtre);;;;;filtre CA 1-5 M€ & effectif 10-50
Fusacq;https://www.fusacq.com/vente-entreprise-fournitures-et-equipements-pour-le-chr-bourgogne,87653_fr_;V87653;07/09/2026;Fournitures et équipements pour le CHR;Négoce / distribution B2B;;Bourgogne-Franche-Comté;4900000;;10-50 (filtre);;;;;filtre CA 1-5 M€ & effectif 10-50
Fusacq;https://www.fusacq.com/vente-entreprise-distributeur-d-articles-pour-l-art-de-la-table-et-d-instruments-de-cuisines-nord-est,82490_fr_;V82490;19/08/2026;Distributeur d'articles pour l'art de la table et d'instruments de cuisines;Négoce / distribution B2B;;;4900000;;10-50 (filtre);;;;;filtre CA 1-5 M€ & effectif 10-50
Fusacq;https://www.fusacq.com/vente-entreprise-depannage-et-entretien-de-plomberie-chauffage-et-climatisation-bouches-du-rhone,79872_fr_;V79872;03/09/2026;Dépannage et entretien de plomberie, chauffage et climatisation;Bâtiment / travaux publics / second œuvre;;Provence-Alpes-Côte d'Azur;4900000;;10-50 (filtre);;;;;filtre CA 1-5 M€ & effectif 10-50
Fusacq;https://www.fusacq.com/vente-entreprise-carrieres-d-extraction-de-pierre-taille-de-pierre-negoce-et-pose-midi-pyrenees,72946_fr_;V72946;12/08/2026;Carrières d'extraction de pierre, taille de pierre : négoce et pose;Négoce / distribution B2B;;Occitanie;4900000;;10-50 (filtre);;;;;filtre CA 1-5 M€ & effectif 10-50
Fusacq;https://www.fusacq.com/vente-entreprise-vente-et-installation-de-materiel-de-boulangerie-rhone-alpes,92548_fr_;V92548;;Vente et installation de matériel de boulangerie;Négoce / distribution B2B;;Auvergne-Rhône-Alpes;4800000;;10-50 (filtre);;;;;filtre CA 1-5 M€ & effectif 10-50
Fusacq;https://www.fusacq.com/vente-entreprise-distribution-d-electromenager-et-de-multimedia-haute-savoie,92395_fr_;V92395;;Distribution d'électroménager et de multimédia;Communication / marketing / édition / imprimerie / PLV;;Auvergne-Rhône-Alpes;4800000;;10-50 (filtre);;;;;filtre CA 1-5 M€ & effectif 10-50
Fusacq;https://www.fusacq.com/vente-entreprise-concession-moto-multimarque-et-vente-d-accessoires-rhone-alpes,85273_fr_;V85273;19/08/2026;Concession moto multimarque et vente d'accessoires;Automobile / 2 roues / nautisme;;Auvergne-Rhône-Alpes;4800000;;10-50 (filtre);;;;;filtre CA 1-5 M€ & effectif 10-50
Fusacq;https://www.fusacq.com/vente-entreprise-groupe-btp-familial-indre-et-loire,92227_fr_;V92227;;Groupe BTP familial;Bâtiment / travaux publics / second œuvre;;Centre-Val de Loire;4700000;;10-50 (filtre);;;;;filtre CA 1-5 M€ & effectif 10-50
Fusacq;https://www.fusacq.com/vente-entreprise-batiment-et-construction-indre-et-loire,92097_fr_;V92097;19/08/2026;Bâtiment et construction;Bâtiment / travaux publics / second œuvre;;Centre-Val de Loire;4700000;;10-50 (filtre);;;;;filtre CA 1-5 M€ & effectif 10-50
Fusacq;https://www.fusacq.com/vente-entreprise-electricite-industrielle-loire,89120_fr_;V89120;15/09/2026;Électricité industrielle;Bâtiment / travaux publics / second œuvre;;Auvergne-Rhône-Alpes;4700000;;10-50 (filtre);;;;;filtre CA 1-5 M€ & effectif 10-50
Fusacq;https://www.fusacq.com/vente-entreprise-garage-mecanique-carrosserie-vente-de-vehicules-loire,61376_fr_;V61376;16/09/2026;Garage mécanique, carrosserie, vente de véhicules;Automobile / 2 roues / nautisme;;Auvergne-Rhône-Alpes;4700000;;10-50 (filtre);;;;;filtre CA 1-5 M€ & effectif 10-50
Fusacq;https://www.fusacq.com/vente-entreprise-travaux-publics-savoie,92404_fr_;V92404;;Travaux publics;Bâtiment / travaux publics / second œuvre;;Auvergne-Rhône-Alpes;4600000;;10-50 (filtre);;;;;filtre CA 1-5 M€ & effectif 10-50
Fusacq;https://www.fusacq.com/vente-entreprise-vente-de-dispositifs-medicaux-d-imagerie-france,92064_fr_;V92064;;Vente de dispositifs médicaux d'imagerie;Autres / non classé;;;4600000;;10-50 (filtre);;;;;filtre CA 1-5 M€ & effectif 10-50
Fusacq;https://www.fusacq.com/vente-entreprise-plomberie-sanitaire-chauffage-climatisation-et-enr-installation-et-sav-pyrenees-atlantiques,91605_fr_;V91605;;Plomberie, sanitaire, chauffage, climatisation et ENR - Installation et SAV;Bâtiment / travaux publics / second œuvre;;Nouvelle-Aquitaine;4600000;;10-50 (filtre);;;;;filtre CA 1-5 M€ & effectif 10-50
Fusacq;https://www.fusacq.com/vente-entreprise-maconnerie-et-renovation-morbihan,91541_fr_;V91541;;Maçonnerie et rénovation;Bâtiment / travaux publics / second œuvre;;Bretagne;4600000;;10-50 (filtre);;;;;filtre CA 1-5 M€ & effectif 10-50
Fusacq;https://www.fusacq.com/vente-entreprise-integration-it-et-services-manages-bruxelles-capitale,91323_fr_;V91323;;Intégration IT et services managés;Autres / non classé;;;4600000;;10-50 (filtre);;;;;filtre CA 1-5 M€ & effectif 10-50
Fusacq;https://www.fusacq.com/vente-entreprise-agence-media-locale-pour-annonceurs-professionnels-ile-de-france,91084_fr_;V91084;15/09/2026;Agence média locale pour annonceurs professionnels;Communication / marketing / édition / imprimerie / PLV;;Île-de-France;4600000;;10-50 (filtre);;;;;filtre CA 1-5 M€ & effectif 10-50
Fusacq;https://www.fusacq.com/vente-entreprise-marketing-du-digital-local-nord,91007_fr_;V91007;15/09/2026;Marketing du digital local;Services informatiques / ESN / éditeur de logiciel;;;4600000;;10-50 (filtre);;;;;filtre CA 1-5 M€ & effectif 10-50
Fusacq;https://www.fusacq.com/vente-entreprise-formation-professionnelle-aux-metiers-de-l-accompagnement-france,92519_fr_;V92519;;Formation professionnelle aux métiers de l'accompagnement;Formation professionnelle / organisme de formation;;;4500000;;10-50 (filtre);;;;;filtre CA 1-5 M€ & effectif 10-50
Fusacq;https://www.fusacq.com/vente-entreprise-integrateur-de-solutions-de-communication-pour-les-pme-et-collectivites-correze,92414_fr_;V92414;;Intégrateur de solutions de communication pour les PME et collectivités;Communication / marketing / édition / imprimerie / PLV;;Nouvelle-Aquitaine;4500000;;10-50 (filtre);;;;;filtre CA 1-5 M€ & effectif 10-50
Fusacq;https://www.fusacq.com/vente-entreprise-revetement-interieur-et-exterieur-btob-languedoc-roussillon,91579_fr_;V91579;;Revêtement intérieur et extérieur BtoB;Autres / non classé;;Occitanie;4500000;;10-50 (filtre);;;;;filtre CA 1-5 M€ & effectif 10-50
Fusacq;https://www.fusacq.com/vente-entreprise-transport-routier-en-vrac-par-citerne-wallonie,91112_fr_;V91112;;Transport routier en vrac par citerne;Transport & logistique (commissionnaire, affrètement);;;4500000;;10-50 (filtre);;;;;filtre CA 1-5 M€ & effectif 10-50
Fusacq;https://www.fusacq.com/vente-entreprise-construction-et-renovation-de-biens-haut-de-gamme-provence-alpes-cote-d-azur,90301_fr_;V90301;05/08/2026;Construction et rénovation de biens haut-de-gamme;Bâtiment / travaux publics / second œuvre;;Provence-Alpes-Côte d'Azur;4500000;;10-50 (filtre);;;;;filtre CA 1-5 M€ & effectif 10-50
Fusacq;https://www.fusacq.com/vente-entreprise-organisme-de-formation-specialise-multisites-nord-ouest,89045_fr_;V89045;22/07/2026;Organisme de formation spécialisé multisites;Formation professionnelle / organisme de formation;;;4500000;;10-50 (filtre);;;;;filtre CA 1-5 M€ & effectif 10-50
Fusacq;https://www.fusacq.com/vente-entreprise-agencement-d-espaces-de-vente-pays-de-la-loire,88970_fr_;V88970;02/09/2026;Agencement d'espaces de vente;Bâtiment / travaux publics / second œuvre;;;4500000;;10-50 (filtre);;;;;filtre CA 1-5 M€ & effectif 10-50
Fusacq;https://www.fusacq.com/vente-entreprise-decolletage-et-soudure-rhone-alpes,88320_fr_;V88320;15/09/2026;Décolletage et soudure;Autres / non classé;;Auvergne-Rhône-Alpes;4500000;;10-50 (filtre);;;;;filtre CA 1-5 M€ & effectif 10-50
Fusacq;https://www.fusacq.com/vente-entreprise-fabricant-et-distributeur-de-materiel-electrique-industriel-nord-est,84512_fr_;V84512;08/09/2026;Fabricant et distributeur de matériel électrique industriel;Négoce / distribution B2B;;;4500000;;10-50 (filtre);;;;;filtre CA 1-5 M€ & effectif 10-50
Fusacq;https://www.fusacq.com/vente-entreprise-transport-citernes-pulverisantes-messagerie-lots-complets-affretement-et-logistique-picardie,84468_fr_;V84468;21/08/2026;Transport - citernes pulvérisantes, messagerie, lots complets, affrètement et logistique;Transport & logistique (commissionnaire, affrètement);;Hauts-de-France;4500000;;10-50 (filtre);;;;;filtre CA 1-5 M€ & effectif 10-50
Fusacq;https://www.fusacq.com/vente-entreprise-specialiste-de-la-piscine-haut-de-gamme-et-de-l-amenagement-paysager-residentiel-midi-pyrenees,87879_fr_;V87879;06/07/2026;Spécialiste de la piscine haut de gamme et de l'aménagement paysager résidentiel;Bâtiment / travaux publics / second œuvre;;Occitanie;4450000;;10-50 (filtre);;;;;filtre CA 1-5 M€ & effectif 10-50
Fusacq;https://www.fusacq.com/vente-entreprise-vente-de-pret-a-porter-pyrenees-orientales,83288_fr_;V83288;24/08/2026;Vente de prêt-à-porter;Commerce de détail / e-commerce BtoC;;Occitanie;4430000;;10-50 (filtre);;;;;filtre CA 1-5 M€ & effectif 10-50
Fusacq;https://www.fusacq.com/vente-entreprise-services-techniques-sur-les-domaines-des-reseaux-de-communication-et-de-la-securite-electronique-confidentiel,92436_fr_;V92436;;Services techniques sur les domaines des réseaux de communication et de la sécurité électronique;Communication / marketing / édition / imprimerie / PLV;;;4300000;;10-50 (filtre);;;;;filtre CA 1-5 M€ & effectif 10-50
Fusacq;https://www.fusacq.com/vente-entreprise-specialiste-des-fermetures-industrielles-techniques-sur-mesure-france,91602_fr_;V91602;31/08/2026;Spécialiste des fermetures industrielles techniques sur-mesure;Industrie / production / fabrication;;;4300000;;10-50 (filtre);;;;;filtre CA 1-5 M€ & effectif 10-50
Fusacq;https://www.fusacq.com/vente-entreprise-location-de-vehicules-industriels-et-maintenance-hydraulique-nord-ouest,89514_fr_;V89514;11/08/2026;Location de véhicules industriels et maintenance hydraulique;Automobile / 2 roues / nautisme;;;4300000;;10-50 (filtre);;;;;filtre CA 1-5 M€ & effectif 10-50
Fusacq;https://www.fusacq.com/vente-entreprise-travaux-de-maconnerie-generale-et-gros-oeuvre-savoie,84324_fr_;V84324;15/09/2026;Travaux de maçonnerie générale et gros œuvre;Bâtiment / travaux publics / second œuvre;;Auvergne-Rhône-Alpes;4300000;;10-50 (filtre);;;;;filtre CA 1-5 M€ & effectif 10-50
Fusacq;https://www.fusacq.com/vente-entreprise-menuiserie-construction-et-renovation-rhone-alpes,88967_fr_;V88967;20/07/2026;Menuiserie : construction et rénovation;Bâtiment / travaux publics / second œuvre;;Auvergne-Rhône-Alpes;4250000;;10-50 (filtre);;;;;filtre CA 1-5 M€ & effectif 10-50
Fusacq;https://www.fusacq.com/vente-entreprise-groupe-de-marbrerie-et-renovation-doubs,91403_fr_;V91403;;Groupe de marbrerie et rénovation;Bâtiment / travaux publics / second œuvre;;Bourgogne-Franche-Comté;4200000;;10-50 (filtre);;;;;filtre CA 1-5 M€ & effectif 10-50
Fusacq;https://www.fusacq.com/vente-entreprise-enveloppe-exterieure-du-batiment-nord-pas-de-calais,91153_fr_;V91153;;Enveloppe extérieure du bâtiment;Bâtiment / travaux publics / second œuvre;;Hauts-de-France;4200000;;10-50 (filtre);;;;;filtre CA 1-5 M€ & effectif 10-50
Fusacq;https://www.fusacq.com/vente-entreprise-logistique-3pl-centre,87648_fr_;V87648;07/09/2026;Logistique 3PL;Transport & logistique (commissionnaire, affrètement);;Centre-Val de Loire;4200000;;10-50 (filtre);;;;;filtre CA 1-5 M€ & effectif 10-50
Fusacq;https://www.fusacq.com/vente-entreprise-fabrication-de-solutions-pour-les-traitements-de-surfaces-nord-est,87156_fr_;V87156;25/08/2026;Fabrication de solutions pour les traitements de surfaces;Industrie / production / fabrication;;;4200000;;10-50 (filtre);;;;;filtre CA 1-5 M€ & effectif 10-50
Fusacq;https://www.fusacq.com/vente-entreprise-couverture-traditionnelle-et-etancheite-aveyron,75346_fr_;V75346;24/08/2026;Couverture traditionnelle et étanchéité;Bâtiment / travaux publics / second œuvre;;Occitanie;4200000;;10-50 (filtre);;;;;filtre CA 1-5 M€ & effectif 10-50
Fusacq;https://www.fusacq.com/vente-entreprise-concessionnaire-nautique-bouches-du-rhone,92377_fr_;V92377;;Concessionnaire nautique;Automobile / 2 roues / nautisme;;Provence-Alpes-Côte d'Azur;4100000;;10-50 (filtre);;;;;filtre CA 1-5 M€ & effectif 10-50
Fusacq;https://www.fusacq.com/vente-entreprise-preparation-et-protection-de-surfaces-metalliques-provence-alpes-cote-d-azur,91973_fr_;V91973;;Préparation et protection de surfaces métalliques;Autres / non classé;;Provence-Alpes-Côte d'Azur;4100000;;10-50 (filtre);;;;;filtre CA 1-5 M€ & effectif 10-50
Fusacq;https://www.fusacq.com/vente-entreprise-specialiste-de-la-realisation-de-structures-metalliques-nord-ouest,90411_fr_;V90411;02/09/2026;Spécialiste de la réalisation de structures métalliques;Autres / non classé;;;4100000;;10-50 (filtre);;;;;filtre CA 1-5 M€ & effectif 10-50
Fusacq;https://www.fusacq.com/vente-entreprise-metallerie-serrurerie-et-chaudronnerie-france,73632_fr_;V73632;21/07/2026;Métallerie, serrurerie et chaudronnerie;Bâtiment / travaux publics / second œuvre;;;4025000;;10-50 (filtre);;;;;filtre CA 1-5 M€ & effectif 10-50
Fusacq;https://www.fusacq.com/vente-entreprise-peinture-revetements-de-sols-ravalement-et-isolation-thermique-par-l-exterieur-calvados,91922_fr_;V91922;;Peinture, revêtements de sols, ravalement et isolation thermique par l'extérieur;Bureau d'études / ingénierie / diagnostics;;Normandie;4000000;;10-50 (filtre);;;;;filtre CA 1-5 M€ & effectif 10-50
Fusacq;https://www.fusacq.com/vente-entreprise-agence-trade-marketing-et-fabriquant-de-supports-de-communication-aquitaine,91903_fr_;V91903;08/09/2026;Agence Trade Marketing et fabriquant de supports de communication;Communication / marketing / édition / imprimerie / PLV;;Nouvelle-Aquitaine;4000000;;10-50 (filtre);;;;;filtre CA 1-5 M€ & effectif 10-50
Fusacq;https://www.fusacq.com/vente-entreprise-menuiserie-exterieure-ille-et-vilaine,91674_fr_;V91674;;Menuiserie extérieure;Bâtiment / travaux publics / second œuvre;;Bretagne;4000000;;10-50 (filtre);;;;;filtre CA 1-5 M€ & effectif 10-50
Fusacq;https://www.fusacq.com/vente-entreprise-fabricant-b2b-de-plats-cuisines-avec-un-savoir-faire-sans-gluten-bio-ile-de-france,91433_fr_;V91433;;Fabricant B2B de plats cuisinés avec un savoir-faire sans gluten / bio;Industrie / production / fabrication;;Île-de-France;4000000;;10-50 (filtre);;;;;filtre CA 1-5 M€ & effectif 10-50
Fusacq;https://www.fusacq.com/vente-entreprise-distribution-de-parfumerie-de-niche-france,91166_fr_;V91166;;Distribution de parfumerie de niche;Négoce / distribution B2B;;;4000000;;10-50 (filtre);;;;;filtre CA 1-5 M€ & effectif 10-50
Fusacq;https://www.fusacq.com/vente-entreprise-assainissement-rehabilitation-de-reseaux-sans-tranchee-indre-et-loire,90672_fr_;V90672;22/07/2026;Assainissement - Réhabilitation de réseaux sans tranchée;Énergie / environnement / déchets / recyclage;;Centre-Val de Loire;4000000;;10-50 (filtre);;;;;filtre CA 1-5 M€ & effectif 10-50
Fusacq;https://www.fusacq.com/vente-entreprise-negoce-de-meubles-sous-enseigne-aquitaine,90670_fr_;V90670;24/08/2026;Négoce de meubles sous enseigne;Négoce / distribution B2B;;Nouvelle-Aquitaine;4000000;;10-50 (filtre);;;;;filtre CA 1-5 M€ & effectif 10-50
Fusacq;https://www.fusacq.com/vente-entreprise-second-oeuvre-du-batiment-limousin,89897_fr_;V89897;15/09/2026;Second œuvre du bâtiment;Bâtiment / travaux publics / second œuvre;;Nouvelle-Aquitaine;4000000;;10-50 (filtre);;;;;filtre CA 1-5 M€ & effectif 10-50
Fusacq;https://www.fusacq.com/vente-entreprise-infrastructures-reseaux-et-controles-d-acces-nord-ouest,89468_fr_;V89468;24/08/2026;Infrastructures réseaux et contrôles d'accès;Autres / non classé;;;4000000;;10-50 (filtre);;;;;filtre CA 1-5 M€ & effectif 10-50
Fusacq;https://www.fusacq.com/vente-entreprise-travail-des-metaux-pour-secteurs-industriels-exigeants-sud-ouest,88452_fr_;V88452;24/07/2026;Travail des métaux pour secteurs industriels exigeants;Industrie / production / fabrication;;;4000000;;10-50 (filtre);;;;;filtre CA 1-5 M€ & effectif 10-50
Fusacq;https://www.fusacq.com/vente-entreprise-peinture-platrerie-isolation-et-pose-de-sols-souples-midi-pyrenees,87781_fr_;V87781;14/09/2026;Peinture, plâtrerie, isolation et pose de sols souples;Bâtiment / travaux publics / second œuvre;;Occitanie;4000000;;10-50 (filtre);;;;;filtre CA 1-5 M€ & effectif 10-50
Fusacq;https://www.fusacq.com/vente-entreprise-transport-routier-aquitaine,86845_fr_;V86845;27/07/2026;Transport routier;Transport & logistique (commissionnaire, affrètement);;Nouvelle-Aquitaine;4000000;;10-50 (filtre);;;;;filtre CA 1-5 M€ & effectif 10-50
Fusacq;https://www.fusacq.com/vente-entreprise-batiment-travaux-de-peinture-poitou-charentes,86688_fr_;V86688;20/07/2026;Bâtiment : Travaux de peinture;Bâtiment / travaux publics / second œuvre;;Nouvelle-Aquitaine;4000000;;10-50 (filtre);;;;;filtre CA 1-5 M€ & effectif 10-50
Fusacq;https://www.fusacq.com/vente-entreprise-design-packaging-et-creation-graphique-ile-de-france,85854_fr_;V85854;25/08/2026;Design packaging et création graphique;Autres / non classé;;Île-de-France;4000000;;10-50 (filtre);;;;;filtre CA 1-5 M€ & effectif 10-50
Fusacq;https://www.fusacq.com/vente-entreprise-btp-second-oeuvre-cotes-d-armor,85365_fr_;V85365;24/08/2026;BTP - second œuvre;Bâtiment / travaux publics / second œuvre;;Bretagne;4000000;;10-50 (filtre);;;;;filtre CA 1-5 M€ & effectif 10-50
Fusacq;https://www.fusacq.com/vente-entreprise-cuisine-centrale-restauration-collective-et-traiteur-seine-et-marne,85235_fr_;V85235;22/08/2026;Cuisine centrale - restauration collective et traiteur;HCR / restauration / tourisme / loisirs;;Île-de-France;4000000;;10-50 (filtre);;;;;filtre CA 1-5 M€ & effectif 10-50
Fusacq;https://www.fusacq.com/vente-entreprise-mecanique-de-precision-ensemble-constitue-de-deux-structures-distinctes-pays-de-la-loire,83651_fr_;V83651;06/07/2026;Mécanique de précision (ensemble constitué de deux structures distinctes);Industrie / production / fabrication;;;4000000;;10-50 (filtre);;;;;filtre CA 1-5 M€ & effectif 10-50
Fusacq;https://www.fusacq.com/vente-entreprise-logistique-3pl-et-conditionnement-picardie,82665_fr_;V82665;21/07/2026;Logistique 3PL et conditionnement;Transport & logistique (commissionnaire, affrètement);;Hauts-de-France;4000000;;10-50 (filtre);;;;;filtre CA 1-5 M€ & effectif 10-50
Fusacq;https://www.fusacq.com/vente-entreprise-fabricant-d-articles-de-decoration-ille-et-vilaine,81719_fr_;V81719;14/09/2026;Fabricant d'articles de décoration;Industrie / production / fabrication;;Bretagne;4000000;;10-50 (filtre);;;;;filtre CA 1-5 M€ & effectif 10-50
Fusacq;https://www.fusacq.com/vente-entreprise-restauration-collective-rhone-alpes,72258_fr_;V72258;20/07/2026;Restauration collective;Autres / non classé;;Auvergne-Rhône-Alpes;4000000;;10-50 (filtre);;;;;filtre CA 1-5 M€ & effectif 10-50
Fusacq;https://www.fusacq.com/vente-entreprise-travaux-de-batiment-tous-corps-d-etat-confidentiel,68579_fr_;V68579;26/08/2026;Travaux de bâtiment tous corps d'état;Bâtiment / travaux publics / second œuvre;;;4000000;;10-50 (filtre);;;;;filtre CA 1-5 M€ & effectif 10-50
Fusacq;https://www.fusacq.com/vente-entreprise-transports-poids-lourd-et-logistique-moselle,65281_fr_;V65281;16/09/2026;Transports poids lourd et logistique;Transport & logistique (commissionnaire, affrètement);;Grand Est;3928000;;10-50 (filtre);;;;;filtre CA 1-5 M€ & effectif 10-50
Fusacq;https://www.fusacq.com/vente-entreprise-travaux-publics-vrd-et-activites-connexes-pays-de-la-loire,91362_fr_;V91362;;Travaux publics, VRD et activités connexes;Bâtiment / travaux publics / second œuvre;;;3900000;;10-50 (filtre);;;;;filtre CA 1-5 M€ & effectif 10-50
Fusacq;https://www.fusacq.com/vente-entreprise-boucherie-charcuterie-traiteur-et-alimentation-nord,91218_fr_;V91218;;Boucherie, charcuterie, traiteur et alimentation;HCR / restauration / tourisme / loisirs;;Hauts-de-France;3900000;;10-50 (filtre);;;;;filtre CA 1-5 M€ & effectif 10-50
Fusacq;https://www.fusacq.com/vente-entreprise-fourniture-et-pose-de-menuiseries-rhone-alpes,90735_fr_;V90735;28/08/2026;Fourniture et pose de menuiseries;Bâtiment / travaux publics / second œuvre;;Auvergne-Rhône-Alpes;3900000;;10-50 (filtre);;;;;filtre CA 1-5 M€ & effectif 10-50
Fusacq;https://www.fusacq.com/vente-entreprise-climatisation-et-energies-renouvelables-saint-barthelemy,86843_fr_;V86843;22/07/2026;Climatisation et énergies renouvelables;Bâtiment / travaux publics / second œuvre;;;3900000;;10-50 (filtre);;;;;filtre CA 1-5 M€ & effectif 10-50
Fusacq;https://www.fusacq.com/vente-entreprise-genie-climatique-plomberie-electricite-et-desenfumage-bouches-du-rhone,81363_fr_;V81363;29/07/2026;Génie climatique, plomberie, électricité et désenfumage;Bâtiment / travaux publics / second œuvre;;Provence-Alpes-Côte d'Azur;3900000;;10-50 (filtre);;;;;filtre CA 1-5 M€ & effectif 10-50
Fusacq;https://www.fusacq.com/vente-entreprise-marque-de-pret-a-porter-bouches-du-rhone,89318_fr_;V89318;15/09/2026;Marque de prêt-à-porter;Commerce de détail / e-commerce BtoC;;Provence-Alpes-Côte d'Azur;3835000;;10-50 (filtre);;;;;filtre CA 1-5 M€ & effectif 10-50
Fusacq;https://www.fusacq.com/vente-entreprise-activite-de-negoce-de-vetements-professionnels-et-epi-nord-est,92650_fr_;V92650;;Activité de négoce de vêtements professionnels et EPI;Négoce / distribution B2B;;;3800000;;10-50 (filtre);;;;;filtre CA 1-5 M€ & effectif 10-50
Fusacq;https://www.fusacq.com/vente-entreprise-fabrication-et-maintenance-d-appareils-de-levage-pour-l-entretien-du-batiment-ile-de-france,92451_fr_;V92451;;Fabrication et maintenance d'appareils de levage pour l'entretien du bâtiment;Bâtiment / travaux publics / second œuvre;;Île-de-France;3800000;;10-50 (filtre);;;;;filtre CA 1-5 M€ & effectif 10-50
Fusacq;https://www.fusacq.com/vente-entreprise-fabrication-des-ouvrages-en-acier-sur-mesure-doubs,91957_fr_;V91957;;Fabrication des ouvrages en acier sur-mesure;Industrie / production / fabrication;;Bourgogne-Franche-Comté;3800000;;10-50 (filtre);;;;;filtre CA 1-5 M€ & effectif 10-50
Fusacq;https://www.fusacq.com/vente-entreprise-groupe-d-ingenierie-multi-expertises-dedie-aux-infrastructures-techniques-paris,91551_fr_;V91551;17/07/2026;Groupe d'ingénierie multi-expertises dédié aux infrastructures techniques;Bureau d'études / ingénierie / diagnostics;;Île-de-France;3800000;;10-50 (filtre);;;;;filtre CA 1-5 M€ & effectif 10-50
Fusacq;https://www.fusacq.com/vente-entreprise-lot-de-2-boucheries-traiteurs-artisanales-nord,91373_fr_;V91373;;Lot de 2 boucheries-traiteurs artisanales;HCR / restauration / tourisme / loisirs;;Hauts-de-France;3800000;;10-50 (filtre);;;;;filtre CA 1-5 M€ & effectif 10-50
Fusacq;https://www.fusacq.com/vente-entreprise-systemes-de-securite-incendie-et-anti-intrusion-controle-d-acces-et-cameras-montreal,90075_fr_;V90075;20/07/2026;Systèmes de sécurité incendie et anti-intrusion, contrôle d'accès et caméras;Autres / non classé;;;3800000;;10-50 (filtre);;;;;filtre CA 1-5 M€ & effectif 10-50
Fusacq;https://www.fusacq.com/vente-entreprise-travail-des-metaux-construction-mecanique-vente-et-reparation-de-materiel-agricole-franche-comte,89383_fr_;V89383;01/08/2026;Travail des métaux, construction mécanique, vente et réparation de matériel agricole;Négoce / distribution B2B;;Bourgogne-Franche-Comté;3800000;;10-50 (filtre);;;;;filtre CA 1-5 M€ & effectif 10-50
Fusacq;https://www.fusacq.com/vente-entreprise-site-e-commerce-specialise-sur-un-marche-de-niche-du-jouet-centre,88274_fr_;V88274;07/09/2026;Site e-commerce spécialisé sur un marché de niche du jouet;Commerce de détail / e-commerce BtoC;;Centre-Val de Loire;3800000;;10-50 (filtre);;;;;filtre CA 1-5 M€ & effectif 10-50
Fusacq;https://www.fusacq.com/vente-entreprise-plateforme-b2b-de-formations-reglementees-savoir-faire-critiques-conseil-digital-saas-rhone,85269_fr_;V85269;07/09/2026;Plateforme B2B de formations réglementées & savoir-faire critiques – Conseil + Digital + SaaS;Services informatiques / ESN / éditeur de logiciel;;Auvergne-Rhône-Alpes;3800000;;10-50 (filtre);;;;;filtre CA 1-5 M€ & effectif 10-50
Fusacq;https://www.fusacq.com/vente-entreprise-groupe-automobile-multi-sites-loire,91931_fr_;V91931;;Groupe automobile multi-sites;Automobile / 2 roues / nautisme;;Auvergne-Rhône-Alpes;3700000;;10-50 (filtre);;;;;filtre CA 1-5 M€ & effectif 10-50
Fusacq;https://www.fusacq.com/vente-entreprise-fabrication-d-equipements-industriels-poitou-charentes,91718_fr_;V91718;;Fabrication d'équipements industriels;Industrie / production / fabrication;;Nouvelle-Aquitaine;3700000;;10-50 (filtre);;;;;filtre CA 1-5 M€ & effectif 10-50
Fusacq;https://www.fusacq.com/vente-entreprise-parc-animalier-en-pleine-nature-avec-restaurant-a-forte-capacite-espace-mittelland,88749_fr_;V88749;08/07/2026;Parc animalier en pleine nature avec restaurant à forte capacité;HCR / restauration / tourisme / loisirs;;;3700000;;10-50 (filtre);;;;;filtre CA 1-5 M€ & effectif 10-50
Fusacq;https://www.fusacq.com/vente-entreprise-vente-et-pose-de-carrelages-et-de-sols-souples-en-btob-bretagne,84013_fr_;V84013;26/08/2026;Vente et pose de carrelages et de sols souples en BtoB;Bâtiment / travaux publics / second œuvre;;Bretagne;3700000;;10-50 (filtre);;;;;filtre CA 1-5 M€ & effectif 10-50
Fusacq;https://www.fusacq.com/vente-entreprise-travaux-publics-meurthe-et-moselle,79000_fr_;V79000;24/08/2026;Travaux publics;Bâtiment / travaux publics / second œuvre;;Grand Est;3680000;;10-50 (filtre);;;;;filtre CA 1-5 M€ & effectif 10-50
Fusacq;https://www.fusacq.com/vente-entreprise-menuiserie-et-agencement-d-espaces-savoie,92627_fr_;V92627;;Menuiserie et agencement d'espaces;Bâtiment / travaux publics / second œuvre;;Auvergne-Rhône-Alpes;3600000;;10-50 (filtre);;;;;filtre CA 1-5 M€ & effectif 10-50
Fusacq;https://www.fusacq.com/vente-entreprise-hotel-3-de-70-chambres-paris,92406_fr_;V92406;;Hôtel 3* de 70 chambres;HCR / restauration / tourisme / loisirs;;Île-de-France;3600000;;10-50 (filtre);;;;;filtre CA 1-5 M€ & effectif 10-50
Fusacq;https://www.fusacq.com/vente-entreprise-transport-de-marchandises-3-societes-alsace,91892_fr_;V91892;;Transport de marchandises - 3 sociétés;Transport & logistique (commissionnaire, affrètement);;Grand Est;3600000;;10-50 (filtre);;;;;filtre CA 1-5 M€ & effectif 10-50
Fusacq;https://www.fusacq.com/vente-entreprise-electricite-generale-courant-fort-courant-faible-et-securite-incendie-seine-et-marne,91694_fr_;V91694;;Électricité générale - courant fort, courant faible et sécurité incendie;Bâtiment / travaux publics / second œuvre;;Île-de-France;3600000;;10-50 (filtre);;;;;filtre CA 1-5 M€ & effectif 10-50
Fusacq;https://www.fusacq.com/vente-entreprise-secteur-de-la-menuiserie-bretagne,90447_fr_;V90447;10/08/2026;Secteur de la menuiserie;Bâtiment / travaux publics / second œuvre;;Bretagne;3600000;;10-50 (filtre);;;;;filtre CA 1-5 M€ & effectif 10-50
Fusacq;https://www.fusacq.com/vente-entreprise-transport-routier-nord,90295_fr_;V90295;03/08/2026;Transport routier;Transport & logistique (commissionnaire, affrètement);;Hauts-de-France;3600000;;10-50 (filtre);;;;;filtre CA 1-5 M€ & effectif 10-50
Fusacq;https://www.fusacq.com/vente-entreprise-4-magasins-d-optique-et-audio-hauts-de-seine,87554_fr_;V87554;07/09/2026;4 magasins d'optique et audio;Commerce de détail / e-commerce BtoC;;Île-de-France;3600000;;10-50 (filtre);;;;;filtre CA 1-5 M€ & effectif 10-50
Fusacq;https://www.fusacq.com/vente-entreprise-agencement-et-amenagement-d-interieur-sur-mesure-alsace,86172_fr_;V86172;14/09/2026;Agencement et aménagement d'intérieur sur mesure;Bâtiment / travaux publics / second œuvre;;Grand Est;3600000;;10-50 (filtre);;;;;filtre CA 1-5 M€ & effectif 10-50
Fusacq;https://www.fusacq.com/vente-entreprise-etancheite-bardage-et-couverture-alsace,83965_fr_;V83965;24/08/2026;Étanchéité, bardage et couverture;Bâtiment / travaux publics / second œuvre;;Grand Est;3600000;;10-50 (filtre);;;;;filtre CA 1-5 M€ & effectif 10-50
Fusacq;https://www.fusacq.com/vente-entreprise-distribution-regionale-de-messagerie-champagne-ardenne,73239_fr_;V73239;07/09/2026;Distribution régionale de messagerie;Transport & logistique (commissionnaire, affrètement);;Grand Est;3600000;;10-50 (filtre);;;;;filtre CA 1-5 M€ & effectif 10-50
Fusacq;https://www.fusacq.com/vente-entreprise-travaux-publics-et-amenagements-paysagers-pays-de-la-loire,76469_fr_;V76469;09/09/2026;Travaux publics et aménagements paysagers;Bâtiment / travaux publics / second œuvre;;;3550000;;10-50 (filtre);;;;;filtre CA 1-5 M€ & effectif 10-50
Fusacq;https://www.fusacq.com/vente-entreprise-agencements-et-structures-ephemeres-sur-mesure-b2b-sud-est,92492_fr_;V92492;;Agencements et structures éphémères sur mesure (B2B);Bâtiment / travaux publics / second œuvre;;;3500000;;10-50 (filtre);;;;;filtre CA 1-5 M€ & effectif 10-50
Fusacq;https://www.fusacq.com/vente-entreprise-transformation-et-faconnage-du-bois-morbihan,91981_fr_;V91981;;Transformation et façonnage du bois;Industrie / production / fabrication;;Bretagne;3500000;;10-50 (filtre);;;;;filtre CA 1-5 M€ & effectif 10-50
Fusacq;https://www.fusacq.com/vente-entreprise-entreprise-de-travaux-publics-et-terrassement-isere,91462_fr_;V91462;15/07/2026;Entreprise de travaux publics et terrassement;Bâtiment / travaux publics / second œuvre;;Auvergne-Rhône-Alpes;3500000;;10-50 (filtre);;;;;filtre CA 1-5 M€ & effectif 10-50
Fusacq;https://www.fusacq.com/vente-entreprise-grossiste-en-fleurs-plantes-fournitures-et-accessoires-vaucluse,91391_fr_;V91391;;Grossiste en fleurs, plantes, fournitures et accessoires;Négoce / distribution B2B;;Provence-Alpes-Côte d'Azur;3500000;;10-50 (filtre);;;;;filtre CA 1-5 M€ & effectif 10-50
Fusacq;https://www.fusacq.com/vente-entreprise-une-ecole-de-reference-dans-l-art-et-le-design-ile-de-france,91309_fr_;V91309;;Une école de référence dans l'art et le design;Autres / non classé;;Île-de-France;3500000;;10-50 (filtre);;;;;filtre CA 1-5 M€ & effectif 10-50
Fusacq;https://www.fusacq.com/vente-entreprise-camping-5-de-200-emplacements-poitou-charentes,89777_fr_;V89777;02/09/2026;Camping 5* de + 200 emplacements;HCR / restauration / tourisme / loisirs;;Nouvelle-Aquitaine;3500000;;10-50 (filtre);;;;;filtre CA 1-5 M€ & effectif 10-50
Fusacq;https://www.fusacq.com/vente-entreprise-groupe-belge-de-restauration-confidentiel,89719_fr_;V89719;31/08/2026;Groupe belge de restauration;Autres / non classé;;;3500000;;10-50 (filtre);;;;;filtre CA 1-5 M€ & effectif 10-50
Fusacq;https://www.fusacq.com/vente-entreprise-peinture-interieure-et-exterieure-renovation-et-entretien-haute-garonne,88721_fr_;V88721;04/09/2026;Peinture intérieure et extérieure – Rénovation et entretien;Bâtiment / travaux publics / second œuvre;;Occitanie;3500000;;10-50 (filtre);;;;;filtre CA 1-5 M€ & effectif 10-50
Fusacq;https://www.fusacq.com/vente-entreprise-agence-design-digital-paris,88702_fr_;V88702;17/09/2026;Agence design & digital;Services informatiques / ESN / éditeur de logiciel;;Île-de-France;3500000;;10-50 (filtre);;;;;filtre CA 1-5 M€ & effectif 10-50
Fusacq;https://www.fusacq.com/vente-entreprise-plomberie-cvc-deux-societes-alpes-maritimes,88350_fr_;V88350;26/08/2026;Plomberie / CVC (deux sociétés);Bâtiment / travaux publics / second œuvre;;Provence-Alpes-Côte d'Azur;3500000;;10-50 (filtre);;;;;filtre CA 1-5 M€ & effectif 10-50
Fusacq;https://www.fusacq.com/vente-entreprise-transport-et-location-de-camions-avec-chauffeurs-ile-de-france,81674_fr_;V81674;02/09/2026;Transport et location de camions avec chauffeurs;Transport & logistique (commissionnaire, affrètement);;Île-de-France;3500000;;10-50 (filtre);;;;;filtre CA 1-5 M€ & effectif 10-50
Fusacq;https://www.fusacq.com/vente-entreprise-esn-sous-traitance-val-de-marne,77152_fr_;V77152;21/07/2026;ESN sous-traitance;Services informatiques / ESN / éditeur de logiciel;;Île-de-France;3500000;;10-50 (filtre);;;;;filtre CA 1-5 M€ & effectif 10-50
Fusacq;https://www.fusacq.com/vente-entreprise-conception-et-fabrication-de-machines-speciales-lorraine,71801_fr_;V71801;01/09/2026;Conception et fabrication de machines spéciales;Industrie / production / fabrication;;Grand Est;3500000;;10-50 (filtre);;;;;filtre CA 1-5 M€ & effectif 10-50
Fusacq;https://www.fusacq.com/vente-entreprise-electricite-et-climatisation-alpes-maritimes,78030_fr_;V78030;10/08/2026;Électricité et climatisation;Bâtiment / travaux publics / second œuvre;;Provence-Alpes-Côte d'Azur;3490000;;10-50 (filtre);;;;;filtre CA 1-5 M€ & effectif 10-50
Fusacq;https://www.fusacq.com/vente-entreprise-travaux-d-installation-electrique-nord-ouest,81638_fr_;V81638;07/09/2026;Travaux d'installation électrique;Bâtiment / travaux publics / second œuvre;;;3460000;;10-50 (filtre);;;;;filtre CA 1-5 M€ & effectif 10-50
Fusacq;https://www.fusacq.com/vente-entreprise-creation-et-fabrication-de-machines-speciales-rhone,92417_fr_;V92417;;Création et fabrication de machines spéciales;Industrie / production / fabrication;;Auvergne-Rhône-Alpes;3400000;;10-50 (filtre);;;;;filtre CA 1-5 M€ & effectif 10-50
Fusacq;https://www.fusacq.com/vente-entreprise-fabrication-de-lamelle-colle-et-rabotage-nord-ouest,92247_fr_;V92247;;Fabrication de lamellé-collé et rabotage;Industrie / production / fabrication;;;3400000;;10-50 (filtre);;;;;filtre CA 1-5 M€ & effectif 10-50
Fusacq;https://www.fusacq.com/vente-entreprise-travaux-publics-isere,91734_fr_;V91734;;Travaux publics;Bâtiment / travaux publics / second œuvre;;Auvergne-Rhône-Alpes;3400000;;10-50 (filtre);;;;;filtre CA 1-5 M€ & effectif 10-50
Fusacq;https://www.fusacq.com/vente-entreprise-groupe-familial-du-batiment-entreprise-generale-avec-forte-expertise-en-menuiserie-hainaut,89387_fr_;V89387;20/08/2026;Groupe familial du bâtiment - Entreprise générale avec forte expertise en menuiserie;Bâtiment / travaux publics / second œuvre;;;3400000;;10-50 (filtre);;;;;filtre CA 1-5 M€ & effectif 10-50
Fusacq;https://www.fusacq.com/vente-entreprise-fabrication-et-montage-de-charpentes-metalliques-et-bardage-cotes-d-armor,87219_fr_;V87219;17/08/2026;Fabrication et montage de charpentes métalliques et bardage;Bâtiment / travaux publics / second œuvre;;Bretagne;3400000;;10-50 (filtre);;;;;filtre CA 1-5 M€ & effectif 10-50
Fusacq;https://www.fusacq.com/vente-entreprise-usinage-et-assemblage-de-pieces-de-grande-dimension-franche-comte,86643_fr_;V86643;20/07/2026;Usinage et assemblage de pièces de grande dimension;Industrie / production / fabrication;;Bourgogne-Franche-Comté;3400000;;10-50 (filtre);;;;;filtre CA 1-5 M€ & effectif 10-50
Fusacq;https://www.fusacq.com/vente-entreprise-holding-offrant-des-prestations-juridiques-financieres-et-administratives-france,91747_fr_;V91747;;Holding offrant des prestations juridiques, financières et administratives;Conseil / expertise / services administratifs aux entreprises (BPO);;;3300000;;10-50 (filtre);;;;;filtre CA 1-5 M€ & effectif 10-50
Fusacq;https://www.fusacq.com/vente-entreprise-fourniture-et-pose-de-menuiseries-haute-loire,91366_fr_;V91366;;Fourniture et pose de menuiseries;Bâtiment / travaux publics / second œuvre;;Auvergne-Rhône-Alpes;3300000;;10-50 (filtre);;;;;filtre CA 1-5 M€ & effectif 10-50
Fusacq;https://www.fusacq.com/vente-entreprise-electricite-generale-vaucluse,91221_fr_;V91221;18/09/2026;Électricité générale;Bâtiment / travaux publics / second œuvre;;Provence-Alpes-Côte d'Azur;3300000;;10-50 (filtre);;;;;filtre CA 1-5 M€ & effectif 10-50
Fusacq;https://www.fusacq.com/vente-entreprise-groupe-de-restauration-gironde,90893_fr_;V90893;31/08/2026;Groupe de restauration;Autres / non classé;;Nouvelle-Aquitaine;3300000;;10-50 (filtre);;;;;filtre CA 1-5 M€ & effectif 10-50
Fusacq;https://www.fusacq.com/vente-entreprise-specialiste-de-la-serrurerie-metallerie-landes,90473_fr_;V90473;27/08/2026;Spécialiste de la serrurerie-métallerie;Bâtiment / travaux publics / second œuvre;;Nouvelle-Aquitaine;3300000;;10-50 (filtre);;;;;filtre CA 1-5 M€ & effectif 10-50
Fusacq;https://www.fusacq.com/vente-entreprise-prestataire-a-destination-des-utilities-et-des-bailleurs-sociaux-nord,89603_fr_;V89603;25/08/2026;Prestataire à destination des utilities et des bailleurs sociaux;Autres / non classé;;Hauts-de-France;3300000;;10-50 (filtre);;;;;filtre CA 1-5 M€ & effectif 10-50
Fusacq;https://www.fusacq.com/vente-entreprise-conception-fabrication-et-pose-d-escaliers-et-garde-corps-nord-ouest,88381_fr_;V88381;28/07/2026;Conception, fabrication et pose d'escaliers et garde-corps;Industrie / production / fabrication;;;3300000;;10-50 (filtre);;;;;filtre CA 1-5 M€ & effectif 10-50
Fusacq;https://www.fusacq.com/vente-entreprise-construction-et-renovation-de-piscines-gironde,86087_fr_;V86087;14/08/2026;Construction et rénovation de piscines;Bâtiment / travaux publics / second œuvre;;Nouvelle-Aquitaine;3300000;;10-50 (filtre);;;;;filtre CA 1-5 M€ & effectif 10-50
Fusacq;https://www.fusacq.com/vente-entreprise-bureau-d-etudes-techniques-et-equipements-industriels-indre-et-loire,85658_fr_;V85658;21/08/2026;Bureau d'études techniques et équipements industriels;Bureau d'études / ingénierie / diagnostics;;Centre-Val de Loire;3300000;;10-50 (filtre);;;;;filtre CA 1-5 M€ & effectif 10-50
Fusacq;https://www.fusacq.com/vente-entreprise-negoce-et-installation-de-menuiseries-rhone-alpes,85635_fr_;V85635;26/08/2026;Négoce et installation de menuiseries;Négoce / distribution B2B;;Auvergne-Rhône-Alpes;3300000;;10-50 (filtre);;;;;filtre CA 1-5 M€ & effectif 10-50
Fusacq;https://www.fusacq.com/vente-entreprise-fabricant-d-emballages-en-plastique-correze,85630_fr_;V85630;13/07/2026;Fabricant d'emballages en plastique;Négoce / distribution B2B;;Nouvelle-Aquitaine;3300000;;10-50 (filtre);;;;;filtre CA 1-5 M€ & effectif 10-50
Fusacq;https://www.fusacq.com/vente-entreprise-mecanique-generale-de-precision-poitou-charentes,78221_fr_;V78221;10/09/2026;Mécanique générale de précision;Industrie / production / fabrication;;Nouvelle-Aquitaine;3300000;;10-50 (filtre);;;;;filtre CA 1-5 M€ & effectif 10-50
Fusacq;https://www.fusacq.com/vente-entreprise-transport-poids-lourds-vosges,76393_fr_;V76393;16/08/2026;Transport poids lourds;Transport & logistique (commissionnaire, affrètement);;Grand Est;3250000;;10-50 (filtre);;;;;filtre CA 1-5 M€ & effectif 10-50
Fusacq;https://www.fusacq.com/vente-entreprise-conception-et-fabrication-de-materiel-medical-rhone,92642_fr_;V92642;;Conception et fabrication de matériel médical;Négoce / distribution B2B;;Auvergne-Rhône-Alpes;3200000;;10-50 (filtre);;;;;filtre CA 1-5 M€ & effectif 10-50
Fusacq;https://www.fusacq.com/vente-entreprise-centres-de-kinesitherapie-alpes-maritimes,91992_fr_;V91992;;Centres de kinésithérapie;Santé / pharmacie / laboratoire / cabinet médical;;Provence-Alpes-Côte d'Azur;3200000;;10-50 (filtre);;;;;filtre CA 1-5 M€ & effectif 10-50
Fusacq;https://www.fusacq.com/vente-entreprise-grossiste-en-hvac-sanitaire-placement-liege,91126_fr_;V91126;16/09/2026;Grossiste en HVAC - Sanitaire & Placement;Négoce / distribution B2B;;;3200000;;10-50 (filtre);;;;;filtre CA 1-5 M€ & effectif 10-50
Fusacq;https://www.fusacq.com/vente-entreprise-renovation-tous-corps-d-etat-ile-de-france,89330_fr_;V89330;11/08/2026;Rénovation tous corps d'état;Bâtiment / travaux publics / second œuvre;;Île-de-France;3200000;;10-50 (filtre);;;;;filtre CA 1-5 M€ & effectif 10-50
Fusacq;https://www.fusacq.com/vente-entreprise-systemes-de-classement-et-stockages-automatises-france,89160_fr_;V89160;28/07/2026;Systèmes de classement et stockages automatisés;Autres / non classé;;;3200000;;10-50 (filtre);;;;;filtre CA 1-5 M€ & effectif 10-50
Fusacq;https://www.fusacq.com/vente-entreprise-garage-automobile-seine-maritime,86443_fr_;V86443;07/09/2026;Garage automobile;Automobile / 2 roues / nautisme;;Normandie;3200000;;10-50 (filtre);;;;;filtre CA 1-5 M€ & effectif 10-50
Fusacq;https://www.fusacq.com/vente-entreprise-installation-electrique-courants-forts-et-courants-faibles-centre,85703_fr_;V85703;20/07/2026;Installation électrique - courants forts et courants faibles;Bâtiment / travaux publics / second œuvre;;Centre-Val de Loire;3200000;;10-50 (filtre);;;;;filtre CA 1-5 M€ & effectif 10-50
Fusacq;https://www.fusacq.com/vente-entreprise-mecanique-de-precision-tarn,85551_fr_;V85551;17/09/2026;Mécanique de précision;Industrie / production / fabrication;;Occitanie;3200000;;10-50 (filtre);;;;;filtre CA 1-5 M€ & effectif 10-50
Fusacq;https://www.fusacq.com/vente-entreprise-golf-restaurant-et-evenementiel-provence-alpes-cote-d-azur,84445_fr_;V84445;25/08/2026;Golf, restaurant et événementiel;Communication / marketing / édition / imprimerie / PLV;;Provence-Alpes-Côte d'Azur;3200000;;10-50 (filtre);;;;;filtre CA 1-5 M€ & effectif 10-50
Fusacq;https://www.fusacq.com/vente-entreprise-reparation-et-maintenance-en-poids-lourds-rhone-alpes,83973_fr_;V83973;27/07/2026;Réparation et maintenance en poids lourds;Automobile / 2 roues / nautisme;;Auvergne-Rhône-Alpes;3200000;;10-50 (filtre);;;;;filtre CA 1-5 M€ & effectif 10-50
Fusacq;https://www.fusacq.com/vente-entreprise-production-et-distribution-de-charcuteries-et-produits-a-griller-nord-ouest,80638_fr_;V80638;10/08/2026;Production et distribution de charcuteries et produits à griller;Négoce / distribution B2B;;;3200000;;10-50 (filtre);;;;;filtre CA 1-5 M€ & effectif 10-50
Fusacq;https://www.fusacq.com/vente-entreprise-chauffage-ventilation-et-climatisation-liege,78546_fr_;V78546;17/08/2026;Chauffage, ventilation et climatisation;Bâtiment / travaux publics / second œuvre;;;3200000;;10-50 (filtre);;;;;filtre CA 1-5 M€ & effectif 10-50
Fusacq;https://www.fusacq.com/vente-entreprise-vente-de-motocycles-vehicules-thermiques-et-electriques-sud-ouest,76180_fr_;V76180;08/09/2026;Vente de motocycles, véhicules thermiques et électriques;Bureau d'études / ingénierie / diagnostics;;;3200000;;10-50 (filtre);;;;;filtre CA 1-5 M€ & effectif 10-50
Fusacq;https://www.fusacq.com/vente-entreprise-distribution-de-materiel-agricole-et-de-motoculture-auvergne,92005_fr_;V92005;;Distribution de matériel agricole et de motoculture;Négoce / distribution B2B;;Auvergne-Rhône-Alpes;3100000;;10-50 (filtre);;;;;filtre CA 1-5 M€ & effectif 10-50
Fusacq;https://www.fusacq.com/vente-entreprise-serrurerie-metallerie-et-menuiserie-exterieure-ile-de-france,91927_fr_;V91927;;Serrurerie, métallerie et menuiserie extérieure;Bâtiment / travaux publics / second œuvre;;Île-de-France;3100000;;10-50 (filtre);;;;;filtre CA 1-5 M€ & effectif 10-50
Fusacq;https://www.fusacq.com/vente-entreprise-esn-specialisee-en-software-craftsmanship-paris,91789_fr_;V91789;;ESN spécialisée en Software Craftsmanship;Services informatiques / ESN / éditeur de logiciel;;Île-de-France;3100000;;10-50 (filtre);;;;;filtre CA 1-5 M€ & effectif 10-50
Fusacq;https://www.fusacq.com/vente-entreprise-usine-de-fabrication-de-produits-textiles-personnalises-cotes-d-armor,91425_fr_;V91425;;Usine de fabrication de produits textiles personnalisés;Industrie / production / fabrication;;Bretagne;3100000;;10-50 (filtre);;;;;filtre CA 1-5 M€ & effectif 10-50
Fusacq;https://www.fusacq.com/vente-entreprise-fabrication-et-pose-de-mobilier-haute-loire,90958_fr_;V90958;04/09/2026;Fabrication et pose de mobilier;Bâtiment / travaux publics / second œuvre;;Auvergne-Rhône-Alpes;3100000;;10-50 (filtre);;;;;filtre CA 1-5 M€ & effectif 10-50
Fusacq;https://www.fusacq.com/vente-entreprise-groupe-specialise-dans-l-impression-offset-et-numerique-provence-alpes-cote-d-azur,90328_fr_;V90328;01/09/2026;Groupe spécialisé dans l'impression OFFSET et numérique;Services informatiques / ESN / éditeur de logiciel;;Provence-Alpes-Côte d'Azur;3100000;;10-50 (filtre);;;;;filtre CA 1-5 M€ & effectif 10-50
Fusacq;https://www.fusacq.com/vente-entreprise-garage-automobile-sous-enseigne-nationale-seine-maritime,88019_fr_;V88019;11/08/2026;Garage automobile sous enseigne nationale;Automobile / 2 roues / nautisme;;Normandie;3100000;;10-50 (filtre);;;;;filtre CA 1-5 M€ & effectif 10-50
Fusacq;https://www.fusacq.com/vente-entreprise-boucherie-charcuterie-traiteur-et-epicerie-fine-3-etablissements-loire,83723_fr_;V83723;20/07/2026;Boucherie, charcuterie, traiteur et épicerie fine (3 établissements);HCR / restauration / tourisme / loisirs;;Auvergne-Rhône-Alpes;3100000;;10-50 (filtre);;;;;filtre CA 1-5 M€ & effectif 10-50
Fusacq;https://www.fusacq.com/vente-entreprise-management-de-transition-et-financement-de-l-innovation-rhone-alpes,92564_fr_;V92564;;Management de transition et financement de l'innovation;Autres / non classé;;Auvergne-Rhône-Alpes;3000000;;10-50 (filtre);;;;;filtre CA 1-5 M€ & effectif 10-50
Fusacq;https://www.fusacq.com/vente-entreprise-distribution-btob-de-quincaillerie-et-fournitures-industrielles-nord-ouest,92089_fr_;V92089;;Distribution BtoB de quincaillerie et fournitures industrielles;Négoce / distribution B2B;;;3000000;;10-50 (filtre);;;;;filtre CA 1-5 M€ & effectif 10-50
Fusacq;https://www.fusacq.com/vente-entreprise-production-de-pieces-techniques-pour-l-industrie-pays-de-la-loire,92029_fr_;V92029;;Production de pièces techniques pour l'industrie;Industrie / production / fabrication;;;3000000;;10-50 (filtre);;;;;filtre CA 1-5 M€ & effectif 10-50
Fusacq;https://www.fusacq.com/vente-entreprise-agence-de-conseil-en-communication-calvados,91843_fr_;V91843;;Agence de conseil en communication;Communication / marketing / édition / imprimerie / PLV;;Normandie;3000000;;10-50 (filtre);;;;;filtre CA 1-5 M€ & effectif 10-50
Fusacq;https://www.fusacq.com/vente-entreprise-fabrication-de-materiaux-refractaires-isolants-et-construction-de-briques-bas-carbone-centre,91121_fr_;V91121;14/09/2026;Fabrication de matériaux réfractaires isolants et construction de briques bas carbone;Industrie / production / fabrication;;Centre-Val de Loire;3000000;;10-50 (filtre);;;;;filtre CA 1-5 M€ & effectif 10-50
Fusacq;https://www.fusacq.com/vente-entreprise-transport-de-beton-pret-a-l-emploi-france,91085_fr_;V91085;;Transport de béton prêt à l'emploi;Transport & logistique (commissionnaire, affrètement);;;3000000;;10-50 (filtre);;;;;filtre CA 1-5 M€ & effectif 10-50
Fusacq;https://www.fusacq.com/vente-entreprise-cvc-plomberie-midi-pyrenees,91034_fr_;V91034;;CVC / plomberie;Bâtiment / travaux publics / second œuvre;;Occitanie;3000000;;10-50 (filtre);;;;;filtre CA 1-5 M€ & effectif 10-50
Fusacq;https://www.fusacq.com/vente-entreprise-amenagements-exterieurs-et-de-renovation-loire-atlantique,91029_fr_;V91029;;Aménagements extérieurs et de rénovation;Bâtiment / travaux publics / second œuvre;;;3000000;;10-50 (filtre);;;;;filtre CA 1-5 M€ & effectif 10-50
Fusacq;https://www.fusacq.com/vente-entreprise-plateforme-commerciale-dans-l-univers-btoc-languedoc-roussillon,91020_fr_;V91020;08/07/2026;Plateforme commerciale dans l'univers BtoC;Autres / non classé;;Occitanie;3000000;;10-50 (filtre);;;;;filtre CA 1-5 M€ & effectif 10-50
Fusacq;https://www.fusacq.com/vente-entreprise-acteur-de-reference-en-conception-et-distribution-d-equipements-dedies-au-yoga-et-a-la-meditation-ile-de-france,90968_fr_;V90968;;Acteur de référence en conception et distribution d'équipements dédiés au yoga et à la méditation;Négoce / distribution B2B;;Île-de-France;3000000;;10-50 (filtre);;;;;filtre CA 1-5 M€ & effectif 10-50
Fusacq;https://www.fusacq.com/vente-entreprise-installations-electriques-rhone-alpes,90805_fr_;V90805;31/08/2026;Installations électriques;Autres / non classé;;Auvergne-Rhône-Alpes;3000000;;10-50 (filtre);;;;;filtre CA 1-5 M€ & effectif 10-50
Fusacq;https://www.fusacq.com/vente-entreprise-serrurerie-et-menuiserie-metallique-savoie,90392_fr_;V90392;10/08/2026;Serrurerie et menuiserie métallique;Bâtiment / travaux publics / second œuvre;;Auvergne-Rhône-Alpes;3000000;;10-50 (filtre);;;;;filtre CA 1-5 M€ & effectif 10-50
Fusacq;https://www.fusacq.com/vente-entreprise-negoce-de-fournitures-industrielles-quincaillerie-et-epi-rhone-alpes,90190_fr_;V90190;23/07/2026;Négoce de fournitures industrielles, quincaillerie et EPI;Négoce / distribution B2B;;Auvergne-Rhône-Alpes;3000000;;10-50 (filtre);;;;;filtre CA 1-5 M€ & effectif 10-50
Fusacq;https://www.fusacq.com/vente-entreprise-travaux-de-second-oeuvre-cloisons-faux-plafonds-et-menuiserie-midi-pyrenees,89905_fr_;V89905;10/09/2026;Travaux de second œuvre : cloisons, faux plafonds et menuiserie;Bâtiment / travaux publics / second œuvre;;Occitanie;3000000;;10-50 (filtre);;;;;filtre CA 1-5 M€ & effectif 10-50
Fusacq;https://www.fusacq.com/vente-entreprise-fabrication-et-pose-de-menuiseries-en-aluminium-pays-de-la-loire,89640_fr_;V89640;27/08/2026;Fabrication et pose de menuiseries en aluminium;Bâtiment / travaux publics / second œuvre;;;3000000;;10-50 (filtre);;;;;filtre CA 1-5 M€ & effectif 10-50
Fusacq;https://www.fusacq.com/vente-entreprise-negoce-et-edition-reglementaire-en-ligne-france,89575_fr_;V89575;24/08/2026;Négoce et édition réglementaire en ligne;Communication / marketing / édition / imprimerie / PLV;;;3000000;;10-50 (filtre);;;;;filtre CA 1-5 M€ & effectif 10-50
Fusacq;https://www.fusacq.com/vente-entreprise-distribution-automatique-et-snacking-bouches-du-rhone,89276_fr_;V89276;17/08/2026;Distribution automatique et snacking;Négoce / distribution B2B;;Provence-Alpes-Côte d'Azur;3000000;;10-50 (filtre);;;;;filtre CA 1-5 M€ & effectif 10-50
Fusacq;https://www.fusacq.com/vente-entreprise-travaux-d-amenagement-interieur-et-de-platrerie-alsace,87710_fr_;V87710;08/09/2026;Travaux d'aménagement intérieur et de plâtrerie;Bâtiment / travaux publics / second œuvre;;Grand Est;3000000;;10-50 (filtre);;;;;filtre CA 1-5 M€ & effectif 10-50
Fusacq;https://www.fusacq.com/vente-entreprise-negoce-de-produits-siderurgiques-outillages-et-quincaillerie-sud-est,87206_fr_;V87206;24/08/2026;Négoce de produits sidérurgiques, outillages et quincaillerie;Négoce / distribution B2B;;;3000000;;10-50 (filtre);;;;;filtre CA 1-5 M€ & effectif 10-50
Fusacq;https://www.fusacq.com/vente-entreprise-specialiste-de-la-pierre-naturelle-carrelage-piscine-et-salle-de-bains-provence-alpes-cote-d-azur,86594_fr_;V86594;24/08/2026;Spécialiste de la pierre naturelle, carrelage, piscine et salle de bains;HCR / restauration / tourisme / loisirs;;Provence-Alpes-Côte d'Azur;3000000;;10-50 (filtre);;;;;filtre CA 1-5 M€ & effectif 10-50
Fusacq;https://www.fusacq.com/vente-entreprise-location-de-tracteurs-agricoles-fabrication-de-bennes-et-negoce-de-materiel-d-occasion-nord-est,86063_fr_;V86063;07/09/2026;Location de tracteurs agricoles, fabrication de bennes et négoce de matériel d'occasion;Négoce / distribution B2B;;;3000000;;10-50 (filtre);;;;;filtre CA 1-5 M€ & effectif 10-50
Fusacq;https://www.fusacq.com/vente-entreprise-conception-et-fabrication-de-produits-techniques-en-caoutchouc-sud-est,83895_fr_;V83895;14/09/2026;Conception et fabrication de produits techniques en caoutchouc;Industrie / production / fabrication;;;3000000;;10-50 (filtre);;;;;filtre CA 1-5 M€ & effectif 10-50
Fusacq;https://www.fusacq.com/vente-entreprise-travaux-de-genie-civil-et-de-maconnerie-b2b-centre,83775_fr_;V83775;19/08/2026;Travaux de génie civil et de maçonnerie - B2B;Bâtiment / travaux publics / second œuvre;;Centre-Val de Loire;3000000;;10-50 (filtre);;;;;filtre CA 1-5 M€ & effectif 10-50
Fusacq;https://www.fusacq.com/vente-entreprise-bureau-de-controle-cee-france,83096_fr_;V83096;14/09/2026;Bureau de contrôle CEE;Énergie / environnement / déchets / recyclage;;;3000000;;10-50 (filtre);;;;;filtre CA 1-5 M€ & effectif 10-50
Fusacq;https://www.fusacq.com/vente-entreprise-construction-et-mise-en-oeuvre-technique-bouches-du-rhone,82528_fr_;V82528;24/08/2026;Construction et mise en œuvre technique;Autres / non classé;;Provence-Alpes-Côte d'Azur;3000000;;10-50 (filtre);;;;;filtre CA 1-5 M€ & effectif 10-50
Fusacq;https://www.fusacq.com/vente-entreprise-mobilite-fabrication-de-deux-roues-sud-ouest,76123_fr_;V76123;17/09/2026;Mobilité : Fabrication de deux roues;Industrie / production / fabrication;;;3000000;;10-50 (filtre);;;;;filtre CA 1-5 M€ & effectif 10-50
Fusacq;https://www.fusacq.com/vente-entreprise-hotel-restaurant-3-etoiles-avec-60-chambres-rhone-alpes,76034_fr_;V76034;10/09/2026;Hôtel-restaurant 3 étoiles avec 60 chambres;HCR / restauration / tourisme / loisirs;;Auvergne-Rhône-Alpes;3000000;;10-50 (filtre);;;;;filtre CA 1-5 M€ & effectif 10-50
Fusacq;https://www.fusacq.com/vente-entreprise-garage-automobile-pyrenees-atlantiques,92365_fr_;V92365;;Garage automobile;Automobile / 2 roues / nautisme;;Nouvelle-Aquitaine;2900000;;10-50 (filtre);;;;;filtre CA 1-5 M€ & effectif 10-50
Fusacq;https://www.fusacq.com/vente-entreprise-essais-de-performance-des-pneumatiques-et-solutions-d-equipements-associees-puy-de-dome,91962_fr_;V91962;;Essais de performance des pneumatiques et solutions d'équipements associées;Bureau d'études / ingénierie / diagnostics;;Auvergne-Rhône-Alpes;2900000;;10-50 (filtre);;;;;filtre CA 1-5 M€ & effectif 10-50
Fusacq;https://www.fusacq.com/vente-entreprise-restauration-du-patrimoine-bati-herault,91593_fr_;V91593;;Restauration du patrimoine bâti;Courtage assurance / intermédiation financière;;Occitanie;2900000;;10-50 (filtre);;;;;filtre CA 1-5 M€ & effectif 10-50
Fusacq;https://www.fusacq.com/vente-entreprise-construction-et-renovation-de-batiments-haute-garonne,91322_fr_;V91322;31/08/2026;Construction et rénovation de bâtiments;Bâtiment / travaux publics / second œuvre;;Occitanie;2900000;;10-50 (filtre);;;;;filtre CA 1-5 M€ & effectif 10-50
Fusacq;https://www.fusacq.com/vente-entreprise-travaux-de-maconnerie-generale-et-gros-oeuvre-du-batiment-pays-de-la-loire,90099_fr_;V90099;20/07/2026;Travaux de maçonnerie générale et gros œuvre du bâtiment;Bâtiment / travaux publics / second œuvre;;;2900000;;10-50 (filtre);;;;;filtre CA 1-5 M€ & effectif 10-50
Fusacq;https://www.fusacq.com/vente-entreprise-groupe-de-11-micro-creches-ile-de-france,88648_fr_;V88648;07/09/2026;Groupe de 11 micro-crèches;Services à la personne / santé à domicile;;Île-de-France;2900000;;10-50 (filtre);;;;;filtre CA 1-5 M€ & effectif 10-50
Fusacq;https://www.fusacq.com/vente-entreprise-menuiserie-specialisee-dans-l-aluminium-100-btob-sarthe,81112_fr_;V81112;14/09/2026;Menuiserie spécialisée dans l'aluminium - 100% BtoB;Bâtiment / travaux publics / second œuvre;;;2900000;;10-50 (filtre);;;;;filtre CA 1-5 M€ & effectif 10-50
Fusacq;https://www.fusacq.com/vente-entreprise-construction-d-un-hotel-lifestyle-sport-bien-etre-hautes-pyrenees,91377_fr_;V91377;;Construction d'un hôtel lifestyle sport & bien-être;HCR / restauration / tourisme / loisirs;;Occitanie;2800000;;10-50 (filtre);;;;;filtre CA 1-5 M€ & effectif 10-50
Fusacq;https://www.fusacq.com/vente-entreprise-menuiserie-en-bois-haute-garonne,90446_fr_;V90446;10/08/2026;Menuiserie en bois;Bâtiment / travaux publics / second œuvre;;Occitanie;2800000;;10-50 (filtre);;;;;filtre CA 1-5 M€ & effectif 10-50
Fusacq;https://www.fusacq.com/vente-entreprise-travaux-de-charpente-couverture-indre-et-loire,88407_fr_;V88407;07/09/2026;Travaux de charpente / couverture;Bâtiment / travaux publics / second œuvre;;Centre-Val de Loire;2800000;;10-50 (filtre);;;;;filtre CA 1-5 M€ & effectif 10-50
Fusacq;https://www.fusacq.com/vente-entreprise-garage-automobile-calvados,86097_fr_;V86097;09/09/2026;Garage automobile;Automobile / 2 roues / nautisme;;Normandie;2800000;;10-50 (filtre);;;;;filtre CA 1-5 M€ & effectif 10-50
Fusacq;https://www.fusacq.com/vente-entreprise-cartonnerie-industrielle-et-assemblage-mecanique-vienne,77535_fr_;V77535;06/07/2026;Cartonnerie industrielle et assemblage mécanique;Industrie / production / fabrication;;Nouvelle-Aquitaine;2740000;;10-50 (filtre);;;;;filtre CA 1-5 M€ & effectif 10-50
Fusacq;https://www.fusacq.com/vente-entreprise-bijouterie-horlogerie-sous-enseigne-avec-5-magasins-renoves-morbihan,86513_fr_;V86513;20/07/2026;Bijouterie - horlogerie sous enseigne avec 5 magasins rénovés;Commerce de détail / e-commerce BtoC;;Bretagne;2730000;;10-50 (filtre);;;;;filtre CA 1-5 M€ & effectif 10-50
Fusacq;https://www.fusacq.com/vente-entreprise-agence-digitale-responsable-paris,91632_fr_;V91632;;Agence digitale responsable;Services informatiques / ESN / éditeur de logiciel;;Île-de-France;2700000;;10-50 (filtre);;;;;filtre CA 1-5 M€ & effectif 10-50
Fusacq;https://www.fusacq.com/vente-entreprise-hotel-restaurant-bar-spa-avec-immobilier-d-exploitation-manche,91543_fr_;V91543;;Hôtel-restaurant, bar, spa avec immobilier d'exploitation;HCR / restauration / tourisme / loisirs;;Normandie;2700000;;10-50 (filtre);;;;;filtre CA 1-5 M€ & effectif 10-50
Fusacq;https://www.fusacq.com/vente-entreprise-production-agroalimentaire-bourgogne,91374_fr_;V91374;;Production agroalimentaire;Industrie / production / fabrication;;Bourgogne-Franche-Comté;2700000;;10-50 (filtre);;;;;filtre CA 1-5 M€ & effectif 10-50
Fusacq;https://www.fusacq.com/vente-entreprise-installation-de-bornes-et-automates-banques-ile-de-france,91318_fr_;V91318;;Installation de bornes et automates (banques);Autres / non classé;;Île-de-France;2700000;;10-50 (filtre);;;;;filtre CA 1-5 M€ & effectif 10-50
Fusacq;https://www.fusacq.com/vente-entreprise-chaudronnerie-et-tuyauterie-charente,90450_fr_;V90450;12/08/2026;Chaudronnerie et tuyauterie;Industrie / production / fabrication;;Nouvelle-Aquitaine;2700000;;10-50 (filtre);;;;;filtre CA 1-5 M€ & effectif 10-50
Fusacq;https://www.fusacq.com/vente-entreprise-pepiniere-pays-de-la-loire,90371_fr_;V90371;17/08/2026;Pépinière;Autres / non classé;;;2700000;;10-50 (filtre);;;;;filtre CA 1-5 M€ & effectif 10-50
Fusacq;https://www.fusacq.com/vente-entreprise-cvc-plomberie-midi-pyrenees,89846_fr_;V89846;06/07/2026;CVC / plomberie;Bâtiment / travaux publics / second œuvre;;Occitanie;2700000;;10-50 (filtre);;;;;filtre CA 1-5 M€ & effectif 10-50
Fusacq;https://www.fusacq.com/vente-entreprise-location-de-materiel-de-transport-avec-chauffeur-aquitaine,86841_fr_;V86841;27/07/2026;Location de matériel de transport avec chauffeur;Transport & logistique (commissionnaire, affrètement);;Nouvelle-Aquitaine;2700000;;10-50 (filtre);;;;;filtre CA 1-5 M€ & effectif 10-50
Fusacq;https://www.fusacq.com/vente-entreprise-renovation-energetique-aquitaine,86747_fr_;V86747;28/07/2026;Rénovation énergétique;Bâtiment / travaux publics / second œuvre;;Nouvelle-Aquitaine;2700000;;10-50 (filtre);;;;;filtre CA 1-5 M€ & effectif 10-50
Fusacq;https://www.fusacq.com/vente-entreprise-transport-poids-lourds-mayenne,86734_fr_;V86734;30/07/2026;Transport poids lourds;Transport & logistique (commissionnaire, affrètement);;;2700000;;10-50 (filtre);;;;;filtre CA 1-5 M€ & effectif 10-50
Fusacq;https://www.fusacq.com/vente-entreprise-motoculture-de-plaisance-poitou-charentes,82951_fr_;V82951;16/09/2026;Motoculture de plaisance;Autres / non classé;;Nouvelle-Aquitaine;2700000;;10-50 (filtre);;;;;filtre CA 1-5 M€ & effectif 10-50
Fusacq;https://www.fusacq.com/vente-entreprise-traiteur-haut-de-gamme-rhone,92339_fr_;V92339;;Traiteur haut de gamme;HCR / restauration / tourisme / loisirs;;Auvergne-Rhône-Alpes;2600000;;10-50 (filtre);;;;;filtre CA 1-5 M€ & effectif 10-50
Fusacq;https://www.fusacq.com/vente-entreprise-travaux-de-maconnerie-et-de-renovation-paris,91662_fr_;V91662;;Travaux de maçonnerie et de rénovation;Bâtiment / travaux publics / second œuvre;;Île-de-France;2600000;;10-50 (filtre);;;;;filtre CA 1-5 M€ & effectif 10-50
Fusacq;https://www.fusacq.com/vente-entreprise-fabrication-et-pose-de-tous-ouvrages-de-metallerie-essonne,91646_fr_;V91646;;Fabrication et pose de tous ouvrages de métallerie;Bâtiment / travaux publics / second œuvre;;Île-de-France;2600000;;10-50 (filtre);;;;;filtre CA 1-5 M€ & effectif 10-50
Fusacq;https://www.fusacq.com/vente-entreprise-location-de-materiel-tp-avec-chauffeur-loire-atlantique,91064_fr_;V91064;;Location de matériel TP avec chauffeur;Négoce / distribution B2B;;;2600000;;10-50 (filtre);;;;;filtre CA 1-5 M€ & effectif 10-50
Fusacq;https://www.fusacq.com/vente-entreprise-decolletage-et-usinage-bretagne,90216_fr_;V90216;24/07/2026;Décolletage et usinage;Industrie / production / fabrication;;Bretagne;2600000;;10-50 (filtre);;;;;filtre CA 1-5 M€ & effectif 10-50
Fusacq;https://www.fusacq.com/vente-entreprise-charcuterie-traiteur-production-et-distribution-locale-nord-ouest,90009_fr_;V90009;20/07/2026;Charcuterie / traiteur : production et distribution locale;Négoce / distribution B2B;;;2600000;;10-50 (filtre);;;;;filtre CA 1-5 M€ & effectif 10-50
Fusacq;https://www.fusacq.com/vente-entreprise-hotel-5-etoiles-savoie,89502_fr_;V89502;02/09/2026;Hôtel 5 étoiles;HCR / restauration / tourisme / loisirs;;Auvergne-Rhône-Alpes;2600000;;10-50 (filtre);;;;;filtre CA 1-5 M€ & effectif 10-50
Fusacq;https://www.fusacq.com/vente-entreprise-scierie-de-chene-bourgogne,89101_fr_;V89101;27/08/2026;Scierie de chêne;Industrie / production / fabrication;;Bourgogne-Franche-Comté;2600000;;10-50 (filtre);;;;;filtre CA 1-5 M€ & effectif 10-50
Fusacq;https://www.fusacq.com/vente-entreprise-formation-de-coachs-france,89025_fr_;V89025;07/09/2026;Formation de coachs;Autres / non classé;;;2600000;;10-50 (filtre);;;;;filtre CA 1-5 M€ & effectif 10-50
Fusacq;https://www.fusacq.com/vente-entreprise-transport-frigorifique-et-transport-industriel-limousin,88389_fr_;V88389;31/08/2026;Transport frigorifique et transport industriel;Transport & logistique (commissionnaire, affrètement);;Nouvelle-Aquitaine;2600000;;10-50 (filtre);;;;;filtre CA 1-5 M€ & effectif 10-50
Fusacq;https://www.fusacq.com/vente-entreprise-distribution-de-meubles-et-installation-de-cuisines-bourgogne,87640_fr_;V87640;07/09/2026;Distribution de meubles et installation de cuisines;Négoce / distribution B2B;;Bourgogne-Franche-Comté;2600000;;10-50 (filtre);;;;;filtre CA 1-5 M€ & effectif 10-50
Fusacq;https://www.fusacq.com/vente-entreprise-couverture-et-charpente-manche,87032_fr_;V87032;03/08/2026;Couverture et charpente;Bâtiment / travaux publics / second œuvre;;Normandie;2600000;;10-50 (filtre);;;;;filtre CA 1-5 M€ & effectif 10-50
Fusacq;https://www.fusacq.com/vente-entreprise-fermetures-exterieures-et-verandas-auvergne,83598_fr_;V83598;31/08/2026;Fermetures extérieures et vérandas;Bâtiment / travaux publics / second œuvre;;Auvergne-Rhône-Alpes;2600000;;10-50 (filtre);;;;;filtre CA 1-5 M€ & effectif 10-50
Fusacq;https://www.fusacq.com/vente-entreprise-menuiseries-exterieures-bourgogne,82048_fr_;V82048;31/08/2026;Menuiseries extérieures;Bâtiment / travaux publics / second œuvre;;Bourgogne-Franche-Comté;2600000;;10-50 (filtre);;;;;filtre CA 1-5 M€ & effectif 10-50
Fusacq;https://www.fusacq.com/vente-entreprise-traiteur-evenementiel-alpes-maritimes,81869_fr_;V81869;25/08/2026;Traiteur événementiel;Communication / marketing / édition / imprimerie / PLV;;Provence-Alpes-Côte d'Azur;2600000;;10-50 (filtre);;;;;filtre CA 1-5 M€ & effectif 10-50
Fusacq;https://www.fusacq.com/vente-entreprise-maconnerie-carrelage-et-assainissement-somme,81679_fr_;V81679;22/07/2026;Maçonnerie, carrelage et assainissement;Bâtiment / travaux publics / second œuvre;;Hauts-de-France;2600000;;10-50 (filtre);;;;;filtre CA 1-5 M€ & effectif 10-50
Fusacq;https://www.fusacq.com/vente-entreprise-travaux-d-etancheite-isolation-bardage-gironde,80998_fr_;V80998;27/07/2026;Travaux d'étanchéité, isolation, bardage;Bâtiment / travaux publics / second œuvre;;Nouvelle-Aquitaine;2600000;;10-50 (filtre);;;;;filtre CA 1-5 M€ & effectif 10-50
Fusacq;https://www.fusacq.com/vente-entreprise-metallerie-serrurerie-meurthe-et-moselle,76260_fr_;V76260;17/09/2026;Métallerie - serrurerie;Bâtiment / travaux publics / second œuvre;;Grand Est;2600000;;10-50 (filtre);;;;;filtre CA 1-5 M€ & effectif 10-50
Fusacq;https://www.fusacq.com/vente-entreprise-vente-installation-et-depannage-en-chauffage-sanitaire-et-climatisation-luxembourg,73494_fr_;V73494;31/07/2026;Vente, installation et dépannage en chauffage, sanitaire et climatisation;Bâtiment / travaux publics / second œuvre;;;2600000;;10-50 (filtre);;;;;filtre CA 1-5 M€ & effectif 10-50
Fusacq;https://www.fusacq.com/vente-entreprise-interphonie-controle-d-acces-serrurerie-et-travaux-tce-hauts-de-seine,74943_fr_;V74943;17/07/2026;Interphonie, contrôle d'accès, serrurerie et travaux TCE;Bâtiment / travaux publics / second œuvre;;Île-de-France;2535000;;10-50 (filtre);;;;;filtre CA 1-5 M€ & effectif 10-50
Fusacq;https://www.fusacq.com/vente-entreprise-nettoyage-de-cuves-hydrocarbures-et-traitement-des-eaux-polluees-provence-alpes-cote-d-azur,92490_fr_;V92490;;Nettoyage de cuves hydrocarbures et traitement des eaux polluées;Propreté / nettoyage / multiservices;;Provence-Alpes-Côte d'Azur;2500000;;10-50 (filtre);;;;;filtre CA 1-5 M€ & effectif 10-50
Fusacq;https://www.fusacq.com/vente-entreprise-negoce-de-jouets-peluches-et-articles-cadeaux-nord,91428_fr_;V91428;;Négoce de jouets, peluches et articles cadeaux;Négoce / distribution B2B;;Hauts-de-France;2500000;;10-50 (filtre);;;;;filtre CA 1-5 M€ & effectif 10-50
Fusacq;https://www.fusacq.com/vente-entreprise-metallerie-fabrication-et-pose-d-habillage-architectural-de-facade-et-de-decoration-interieure-france,91332_fr_;V91332;03/08/2026;Métallerie, fabrication et pose d'habillage architectural de façade et de décoration intérieure;Bâtiment / travaux publics / second œuvre;;;2500000;;10-50 (filtre);;;;;filtre CA 1-5 M€ & effectif 10-50
Fusacq;https://www.fusacq.com/vente-entreprise-conception-fabrication-et-distribution-de-robots-franche-comte,90932_fr_;V90932;03/09/2026;Conception, fabrication et distribution de robots;Négoce / distribution B2B;;Bourgogne-Franche-Comté;2500000;;10-50 (filtre);;;;;filtre CA 1-5 M€ & effectif 10-50
Fusacq;https://www.fusacq.com/vente-entreprise-electricite-basse-et-haute-tension-rhone,89885_fr_;V89885;09/09/2026;Électricité basse et haute tension;Bâtiment / travaux publics / second œuvre;;Auvergne-Rhône-Alpes;2500000;;10-50 (filtre);;;;;filtre CA 1-5 M€ & effectif 10-50
Fusacq;https://www.fusacq.com/vente-entreprise-developpement-de-solutions-metiers-assistance-technique-integrateur-conseil-et-formation-alsace,89826_fr_;V89826;04/09/2026;Développement de solutions métiers, assistance technique, intégrateur, conseil et formation;Conseil / expertise / services administratifs aux entreprises (BPO);;Grand Est;2500000;;10-50 (filtre);;;;;filtre CA 1-5 M€ & effectif 10-50
Fusacq;https://www.fusacq.com/vente-entreprise-vente-et-pose-de-poeles-cheminees-et-inserts-ile-de-france,88408_fr_;V88408;27/08/2026;Vente et pose de poêles, cheminées et inserts;Bâtiment / travaux publics / second œuvre;;Île-de-France;2500000;;10-50 (filtre);;;;;filtre CA 1-5 M€ & effectif 10-50
Fusacq;https://www.fusacq.com/vente-entreprise-agencement-specialise-nord-est,87745_fr_;V87745;15/09/2026;Agencement spécialisé;Bâtiment / travaux publics / second œuvre;;;2500000;;10-50 (filtre);;;;;filtre CA 1-5 M€ & effectif 10-50
Fusacq;https://www.fusacq.com/vente-entreprise-vente-et-reparation-de-materiel-de-motoculture-nord-ouest,87372_fr_;V87372;31/08/2026;Vente et réparation de matériel de motoculture;Négoce / distribution B2B;;;2500000;;10-50 (filtre);;;;;filtre CA 1-5 M€ & effectif 10-50
Fusacq;https://www.fusacq.com/vente-entreprise-construction-bois-drome,86844_fr_;V86844;09/09/2026;Construction bois;Industrie / production / fabrication;;Auvergne-Rhône-Alpes;2500000;;10-50 (filtre);;;;;filtre CA 1-5 M€ & effectif 10-50
Fusacq;https://www.fusacq.com/vente-entreprise-climatisation-et-froid-industriel-rhone-alpes,85642_fr_;V85642;03/08/2026;Climatisation et froid industriel;Bâtiment / travaux publics / second œuvre;;Auvergne-Rhône-Alpes;2500000;;10-50 (filtre);;;;;filtre CA 1-5 M€ & effectif 10-50
Fusacq;https://www.fusacq.com/vente-entreprise-maintenance-construction-reconditionnement-de-machines-speciales-lorraine,85529_fr_;V85529;11/09/2026;Maintenance, construction, reconditionnement de machines spéciales;Industrie / production / fabrication;;Grand Est;2500000;;10-50 (filtre);;;;;filtre CA 1-5 M€ & effectif 10-50
Fusacq;https://www.fusacq.com/vente-entreprise-chaudronnerie-et-metallerie-gard,82900_fr_;V82900;01/09/2026;Chaudronnerie et métallerie;Bâtiment / travaux publics / second œuvre;;Occitanie;2500000;;10-50 (filtre);;;;;filtre CA 1-5 M€ & effectif 10-50
Fusacq;https://www.fusacq.com/vente-entreprise-renovation-second-oeuvre-tce-ile-de-france,81892_fr_;V81892;03/08/2026;Rénovation second oeuvre TCE;Bâtiment / travaux publics / second œuvre;;Île-de-France;2500000;;10-50 (filtre);;;;;filtre CA 1-5 M€ & effectif 10-50
Fusacq;https://www.fusacq.com/vente-entreprise-garage-vn-vo-et-carrosserie-vaucluse,76731_fr_;V76731;23/07/2026;Garage VN - VO et carrosserie;Automobile / 2 roues / nautisme;;Provence-Alpes-Côte d'Azur;2500000;;10-50 (filtre);;;;;filtre CA 1-5 M€ & effectif 10-50
Fusacq;https://www.fusacq.com/vente-entreprise-construction-maisons-individuelles-haute-normandie,65206_fr_;V65206;22/07/2026;Construction maisons individuelles;Autres / non classé;;Normandie;2500000;;10-50 (filtre);;;;;filtre CA 1-5 M€ & effectif 10-50
Fusacq;https://www.fusacq.com/vente-entreprise-travaux-d-acces-difficile-et-maintenance-technique-du-batiment-midi-pyrenees,86430_fr_;V86430;27/07/2026;Travaux d'accès difficile et maintenance technique du bâtiment;Bâtiment / travaux publics / second œuvre;;Occitanie;2450000;;10-50 (filtre);;;;;filtre CA 1-5 M€ & effectif 10-50
Fusacq;https://www.fusacq.com/vente-entreprise-restauration-et-traiteur-evenementiel-loire,92507_fr_;V92507;;Restauration et traiteur événementiel;Communication / marketing / édition / imprimerie / PLV;;Auvergne-Rhône-Alpes;2400000;;10-50 (filtre);;;;;filtre CA 1-5 M€ & effectif 10-50
Fusacq;https://www.fusacq.com/vente-entreprise-centre-d-anglais-etabli-de-longue-date-confidentiel,91626_fr_;V91626;;Centre d'anglais établi de longue date;Autres / non classé;;Centre-Val de Loire;2400000;;10-50 (filtre);;;;;filtre CA 1-5 M€ & effectif 10-50
Fusacq;https://www.fusacq.com/vente-entreprise-developpement-et-installation-de-systemes-de-securite-et-controle-d-acces-confidentiel,90973_fr_;V90973;08/09/2026;Développement et installation de systèmes de sécurité et contrôle d'accès;Autres / non classé;;;2400000;;10-50 (filtre);;;;;filtre CA 1-5 M€ & effectif 10-50
Fusacq;https://www.fusacq.com/vente-entreprise-maconnerie-et-terrassement-drome,90534_fr_;V90534;17/08/2026;Maçonnerie et terrassement;Bâtiment / travaux publics / second œuvre;;Auvergne-Rhône-Alpes;2400000;;10-50 (filtre);;;;;filtre CA 1-5 M€ & effectif 10-50
Fusacq;https://www.fusacq.com/vente-entreprise-agencement-maitrise-d-oeuvre-d-espaces-de-sante-nord-ouest,90386_fr_;V90386;24/08/2026;Agencement maîtrise d'œuvre d'espaces de santé;Bâtiment / travaux publics / second œuvre;;;2400000;;10-50 (filtre);;;;;filtre CA 1-5 M€ & effectif 10-50
Fusacq;https://www.fusacq.com/vente-entreprise-formulation-et-conditionnement-de-produits-chimiques-sur-mesure-nord-pas-de-calais,90325_fr_;V90325;29/07/2026;Formulation et conditionnement de produits chimiques sur mesure;Autres / non classé;;Hauts-de-France;2400000;;10-50 (filtre);;;;;filtre CA 1-5 M€ & effectif 10-50
Fusacq;https://www.fusacq.com/vente-entreprise-fabricant-francais-de-jeux-de-societe-et-d-autres-articles-de-divertissement-nord-est,90280_fr_;V90280;29/07/2026;Fabricant français de jeux de société et d'autres articles de divertissement;Industrie / production / fabrication;;;2400000;;10-50 (filtre);;;;;filtre CA 1-5 M€ & effectif 10-50
Fusacq;https://www.fusacq.com/vente-entreprise-scierie-de-feuillus-nord-est,90220_fr_;V90220;27/08/2026;Scierie de feuillus;Industrie / production / fabrication;;;2400000;;10-50 (filtre);;;;;filtre CA 1-5 M€ & effectif 10-50
Fusacq;https://www.fusacq.com/vente-entreprise-conseil-en-financement-des-acteurs-de-la-culture-ile-de-france,89862_fr_;V89862;21/07/2026;Conseil en financement des acteurs de la culture;Conseil / expertise / services administratifs aux entreprises (BPO);;Île-de-France;2400000;;10-50 (filtre);;;;;filtre CA 1-5 M€ & effectif 10-50
Fusacq;https://www.fusacq.com/vente-entreprise-menuiserie-interieure-et-agencement-rhone-alpes,86860_fr_;V86860;22/07/2026;Menuiserie intérieure et agencement;Bâtiment / travaux publics / second œuvre;;Auvergne-Rhône-Alpes;2400000;;10-50 (filtre);;;;;filtre CA 1-5 M€ & effectif 10-50
Fusacq;https://www.fusacq.com/vente-entreprise-revetement-de-sols-et-murs-alsace,86729_fr_;V86729;20/07/2026;Revêtement de sols et murs;Bâtiment / travaux publics / second œuvre;;Grand Est;2400000;;10-50 (filtre);;;;;filtre CA 1-5 M€ & effectif 10-50
Fusacq;https://www.fusacq.com/vente-entreprise-design-et-renovation-de-biens-immobiliers-de-luxe-provence-alpes-cote-d-azur,79847_fr_;V79847;17/09/2026;Design et rénovation de biens immobiliers de luxe;Bâtiment / travaux publics / second œuvre;;Provence-Alpes-Côte d'Azur;2400000;;10-50 (filtre);;;;;filtre CA 1-5 M€ & effectif 10-50
Fusacq;https://www.fusacq.com/vente-entreprise-extrusion-de-pieces-plastiques-auvergne,67912_fr_;V67912;14/09/2026;Extrusion de pièces plastiques;Industrie / production / fabrication;;Auvergne-Rhône-Alpes;2400000;;10-50 (filtre);;;;;filtre CA 1-5 M€ & effectif 10-50
Fusacq;https://www.fusacq.com/vente-entreprise-maconnerie-couverture-et-charpente-manche,86119_fr_;V86119;24/08/2026;Maçonnerie, couverture et charpente;Bâtiment / travaux publics / second œuvre;;Normandie;2350000;;10-50 (filtre);;;;;filtre CA 1-5 M€ & effectif 10-50
Fusacq;https://www.fusacq.com/vente-entreprise-transport-routier-de-fret-interurbain-et-affretement-rhone-alpes,85880_fr_;V85880;02/07/2026;Transport routier de fret interurbain et affrètement;Transport & logistique (commissionnaire, affrètement);;Auvergne-Rhône-Alpes;2320000;;10-50 (filtre);;;;;filtre CA 1-5 M€ & effectif 10-50
Fusacq;https://www.fusacq.com/vente-entreprise-mercerie-tissu-d-ameublement-et-habillement-5-magasins-haute-normandie,92303_fr_;V92303;;Mercerie, tissu d'ameublement et habillement : 5 magasins;Commerce de détail / e-commerce BtoC;;Normandie;2300000;;10-50 (filtre);;;;;filtre CA 1-5 M€ & effectif 10-50
Fusacq;https://www.fusacq.com/vente-entreprise-garage-automobile-morbihan,92171_fr_;V92171;;Garage automobile;Automobile / 2 roues / nautisme;;Bretagne;2300000;;10-50 (filtre);;;;;filtre CA 1-5 M€ & effectif 10-50
Fusacq;https://www.fusacq.com/vente-entreprise-groupe-de-boulangeries-patisseries-artisanales-avec-3-sites-gironde,91952_fr_;V91952;;Groupe de boulangeries - pâtisseries artisanales avec 3 sites;HCR / restauration / tourisme / loisirs;;Nouvelle-Aquitaine;2300000;;10-50 (filtre);;;;;filtre CA 1-5 M€ & effectif 10-50
Fusacq;https://www.fusacq.com/vente-entreprise-conception-fabrication-et-pose-de-menuiserie-sur-mesure-franche-comte,91696_fr_;V91696;;Conception, fabrication et pose de menuiserie sur-mesure;Bâtiment / travaux publics / second œuvre;;Bourgogne-Franche-Comté;2300000;;10-50 (filtre);;;;;filtre CA 1-5 M€ & effectif 10-50
Fusacq;https://www.fusacq.com/vente-entreprise-construction-de-batiments-residentiels-et-non-residentiels-rhone,91528_fr_;V91528;;Construction de bâtiments résidentiels et non résidentiels;Bâtiment / travaux publics / second œuvre;;Auvergne-Rhône-Alpes;2300000;;10-50 (filtre);;;;;filtre CA 1-5 M€ & effectif 10-50
Fusacq;https://www.fusacq.com/vente-entreprise-edition-de-magazine-et-regie-publicitaire-bretagne,91127_fr_;V91127;;Édition de magazine et régie publicitaire;Communication / marketing / édition / imprimerie / PLV;;Bretagne;2300000;;10-50 (filtre);;;;;filtre CA 1-5 M€ & effectif 10-50
Fusacq;https://www.fusacq.com/vente-entreprise-editeur-de-logiciels-de-niche-dematerialisation-des-appels-d-offres-alpes-maritimes,90302_fr_;V90302;03/08/2026;Éditeur de logiciels de niche : dématérialisation des appels d'offres;Services informatiques / ESN / éditeur de logiciel;;Provence-Alpes-Côte d'Azur;2300000;;10-50 (filtre);;;;;filtre CA 1-5 M€ & effectif 10-50
Fusacq;https://www.fusacq.com/vente-entreprise-geomarketing-et-outils-digitaux-de-la-connaissance-et-de-l-activation-client-pays-de-la-loire,90116_fr_;V90116;20/07/2026;Géomarketing et outils digitaux de la connaissance et de l'activation client;Communication / marketing / édition / imprimerie / PLV;;;2300000;;10-50 (filtre);;;;;filtre CA 1-5 M€ & effectif 10-50
Fusacq;https://www.fusacq.com/vente-entreprise-impression-industrielle-et-routage-btob-centre,90105_fr_;V90105;08/09/2026;Impression industrielle et routage – BtoB;Industrie / production / fabrication;;Centre-Val de Loire;2300000;;10-50 (filtre);;;;;filtre CA 1-5 M€ & effectif 10-50
Fusacq;https://www.fusacq.com/vente-entreprise-electricite-courant-fort-et-courant-faible-val-de-marne,87211_fr_;V87211;07/09/2026;Électricité : courant fort et courant faible;Bâtiment / travaux publics / second œuvre;;Île-de-France;2300000;;10-50 (filtre);;;;;filtre CA 1-5 M€ & effectif 10-50
Fusacq;https://www.fusacq.com/vente-entreprise-reemploi-de-biens-de-grande-consommation-basse-normandie,87112_fr_;V87112;25/08/2026;Réemploi de biens de grande consommation;Autres / non classé;;Normandie;2300000;;10-50 (filtre);;;;;filtre CA 1-5 M€ & effectif 10-50
Fusacq;https://www.fusacq.com/vente-entreprise-fabrication-negoce-et-sav-de-pompes-hydrauliques-bourgogne,86640_fr_;V86640;16/09/2026;Fabrication, négoce et SAV de pompes hydrauliques;Négoce / distribution B2B;;Bourgogne-Franche-Comté;2300000;;10-50 (filtre);;;;;filtre CA 1-5 M€ & effectif 10-50
Fusacq;https://www.fusacq.com/vente-entreprise-societe-suisse-active-dans-l-integration-erp-confidentiel,85363_fr_;V85363;31/08/2026;Société suisse active dans l'intégration ERP;Autres / non classé;;;2300000;;10-50 (filtre);;;;;filtre CA 1-5 M€ & effectif 10-50
Fusacq;https://www.fusacq.com/vente-entreprise-negoce-en-fruits-et-legumes-alpes-maritimes,83931_fr_;V83931;21/07/2026;Négoce en fruits et légumes;Négoce / distribution B2B;;Provence-Alpes-Côte d'Azur;2300000;;10-50 (filtre);;;;;filtre CA 1-5 M€ & effectif 10-50
Fusacq;https://www.fusacq.com/vente-entreprise-construction-et-mise-en-service-de-reseaux-electriques-et-telecom-provence-alpes-cote-d-azur,77403_fr_;V77403;23/07/2026;Construction et mise en service de réseaux électriques et télécom;Services informatiques / ESN / éditeur de logiciel;;Provence-Alpes-Côte d'Azur;2300000;;10-50 (filtre);;;;;filtre CA 1-5 M€ & effectif 10-50
Fusacq;https://www.fusacq.com/vente-entreprise-assistance-technique-et-recrutement-seine-et-marne,86313_fr_;V86313;17/09/2026;Assistance technique et recrutement;Recrutement / intérim / RH / paie;;Île-de-France;2260000;;10-50 (filtre);;;;;filtre CA 1-5 M€ & effectif 10-50
Fusacq;https://www.fusacq.com/vente-entreprise-mecanique-industrielle-meuse,70671_fr_;V70671;16/09/2026;Mécanique industrielle;Industrie / production / fabrication;;Grand Est;2230000;;10-50 (filtre);;;;;filtre CA 1-5 M€ & effectif 10-50
Fusacq;https://www.fusacq.com/vente-entreprise-peinture-sur-pieces-plastiques-ain,92388_fr_;V92388;;Peinture sur pièces plastiques;Bâtiment / travaux publics / second œuvre;;Auvergne-Rhône-Alpes;2200000;;10-50 (filtre);;;;;filtre CA 1-5 M€ & effectif 10-50
Fusacq;https://www.fusacq.com/vente-entreprise-groupe-multi-agences-specialiste-du-diagnostic-immobilier-nord-est,92354_fr_;V92354;;Groupe multi-agences spécialiste du diagnostic immobilier;Bureau d'études / ingénierie / diagnostics;;;2200000;;10-50 (filtre);;;;;filtre CA 1-5 M€ & effectif 10-50
Fusacq;https://www.fusacq.com/vente-entreprise-mecanique-generale-et-de-precision-rhone,91796_fr_;V91796;;Mécanique générale et de précision;Industrie / production / fabrication;;Auvergne-Rhône-Alpes;2200000;;10-50 (filtre);;;;;filtre CA 1-5 M€ & effectif 10-50
Fusacq;https://www.fusacq.com/vente-entreprise-entreprise-generale-de-gros-oeuvre-second-oeuvre-alpes-de-haute-provence,91448_fr_;V91448;;Entreprise générale de gros œuvre - second œuvre;Autres / non classé;;Provence-Alpes-Côte d'Azur;2200000;;10-50 (filtre);;;;;filtre CA 1-5 M€ & effectif 10-50
Fusacq;https://www.fusacq.com/vente-entreprise-location-amenagement-et-vente-de-batiments-modulaires-gard,91274_fr_;V91274;;Location, aménagement et vente de bâtiments modulaires;Bâtiment / travaux publics / second œuvre;;Occitanie;2200000;;10-50 (filtre);;;;;filtre CA 1-5 M€ & effectif 10-50
Fusacq;https://www.fusacq.com/vente-entreprise-vente-et-installation-de-menuiserie-aluminium-pvc-herault,91041_fr_;V91041;18/09/2026;Vente et installation de menuiserie aluminium / PVC;Négoce / distribution B2B;;Occitanie;2200000;;10-50 (filtre);;;;;filtre CA 1-5 M€ & effectif 10-50
Fusacq;https://www.fusacq.com/vente-entreprise-leader-des-services-autonomie-a-domicile-sad-et-du-portage-de-repas-meurthe-et-moselle,90142_fr_;V90142;21/07/2026;Leader des Services Autonomie à Domicile (SAD) et du portage de repas;Services à la personne / santé à domicile;;Grand Est;2200000;;10-50 (filtre);;;;;filtre CA 1-5 M€ & effectif 10-50
Fusacq;https://www.fusacq.com/vente-entreprise-laboratoire-de-protheses-dentaires-nord-ouest,89851_fr_;V89851;18/09/2026;Laboratoire de prothèses dentaires;Santé / pharmacie / laboratoire / cabinet médical;;;2200000;;10-50 (filtre);;;;;filtre CA 1-5 M€ & effectif 10-50
Fusacq;https://www.fusacq.com/vente-entreprise-location-de-camions-avec-chauffeurs-centre,89760_fr_;V89760;09/07/2026;Location de camions avec chauffeurs;Autres / non classé;;Centre-Val de Loire;2200000;;10-50 (filtre);;;;;filtre CA 1-5 M€ & effectif 10-50
Fusacq;https://www.fusacq.com/vente-entreprise-agencement-d-espaces-et-menuiserie-interieure-rhone-alpes,89670_fr_;V89670;31/08/2026;Agencement d'espaces et menuiserie intérieure;Bâtiment / travaux publics / second œuvre;;Auvergne-Rhône-Alpes;2200000;;10-50 (filtre);;;;;filtre CA 1-5 M€ & effectif 10-50
Fusacq;https://www.fusacq.com/vente-entreprise-charpente-couverture-mob-et-ccmi-yonne,87142_fr_;V87142;03/09/2026;Charpente, couverture MOB et CCMI;Bâtiment / travaux publics / second œuvre;;Bourgogne-Franche-Comté;2200000;;10-50 (filtre);;;;;filtre CA 1-5 M€ & effectif 10-50
Fusacq;https://www.fusacq.com/vente-entreprise-serrurerie-et-metallerie-essonne,86897_fr_;V86897;31/08/2026;Serrurerie et métallerie;Bâtiment / travaux publics / second œuvre;;Île-de-France;2200000;;10-50 (filtre);;;;;filtre CA 1-5 M€ & effectif 10-50
Fusacq;https://www.fusacq.com/vente-entreprise-fabrication-et-pose-de-menuiseries-landes,86582_fr_;V86582;14/08/2026;Fabrication et pose de menuiseries;Bâtiment / travaux publics / second œuvre;;Nouvelle-Aquitaine;2200000;;10-50 (filtre);;;;;filtre CA 1-5 M€ & effectif 10-50
Fusacq;https://www.fusacq.com/vente-entreprise-travaux-de-maconnerie-generale-ile-de-france,84362_fr_;V84362;27/08/2026;Travaux de maçonnerie générale;Bâtiment / travaux publics / second œuvre;;Île-de-France;2200000;;10-50 (filtre);;;;;filtre CA 1-5 M€ & effectif 10-50
Fusacq;https://www.fusacq.com/vente-entreprise-injection-plastique-moulage-surmoulage-et-decoupe-laser-vosges,81099_fr_;V81099;24/08/2026;Injection plastique, moulage, surmoulage et découpe laser;Industrie / production / fabrication;;Grand Est;2200000;;10-50 (filtre);;;;;filtre CA 1-5 M€ & effectif 10-50
Fusacq;https://www.fusacq.com/vente-entreprise-charcuterie-artisanale-seine-et-marne,69112_fr_;V69112;24/08/2026;Charcuterie artisanale;HCR / restauration / tourisme / loisirs;;Île-de-France;2200000;;10-50 (filtre);;;;;filtre CA 1-5 M€ & effectif 10-50
Fusacq;https://www.fusacq.com/vente-entreprise-menuiserie-et-isolation-pas-de-calais,76098_fr_;V76098;27/07/2026;Menuiserie et isolation;Bâtiment / travaux publics / second œuvre;;Hauts-de-France;2125000;;10-50 (filtre);;;;;filtre CA 1-5 M€ & effectif 10-50
Fusacq;https://www.fusacq.com/vente-entreprise-affichage-publicitaire-urbain-languedoc-roussillon,92609_fr_;V92609;;Affichage publicitaire urbain;Communication / marketing / édition / imprimerie / PLV;;Occitanie;2100000;;10-50 (filtre);;;;;filtre CA 1-5 M€ & effectif 10-50
Fusacq;https://www.fusacq.com/vente-entreprise-urbanisme-amenagement-du-territoire-et-developpement-territorial-region-lemanique,92412_fr_;V92412;;Urbanisme, aménagement du territoire et développement territorial;Autres / non classé;;;2100000;;10-50 (filtre);;;;;filtre CA 1-5 M€ & effectif 10-50
Fusacq;https://www.fusacq.com/vente-entreprise-fourniture-et-pose-de-menuiseries-exterieures-vienne,91467_fr_;V91467;;Fourniture et pose de menuiseries extérieures;Bâtiment / travaux publics / second œuvre;;Nouvelle-Aquitaine;2100000;;10-50 (filtre);;;;;filtre CA 1-5 M€ & effectif 10-50
Fusacq;https://www.fusacq.com/vente-entreprise-second-oeuvre-du-batiment-isere,91058_fr_;V91058;;Second œuvre du bâtiment;Bâtiment / travaux publics / second œuvre;;Auvergne-Rhône-Alpes;2100000;;10-50 (filtre);;;;;filtre CA 1-5 M€ & effectif 10-50
Fusacq;https://www.fusacq.com/vente-entreprise-garage-automobile-2-garages-avec-station-service-rhone,91035_fr_;V91035;10/09/2026;Garage automobile (2 garages avec station-service);Automobile / 2 roues / nautisme;;Auvergne-Rhône-Alpes;2100000;;10-50 (filtre);;;;;filtre CA 1-5 M€ & effectif 10-50
Fusacq;https://www.fusacq.com/vente-entreprise-specialiste-des-solutions-d-alerte-multicanale-et-de-communication-de-crise-france,90926_fr_;V90926;07/09/2026;Spécialiste des solutions d'alerte multicanale et de communication de crise;Communication / marketing / édition / imprimerie / PLV;;;2100000;;10-50 (filtre);;;;;filtre CA 1-5 M€ & effectif 10-50
Fusacq;https://www.fusacq.com/vente-entreprise-menuiserie-charpente-couverture-et-ossature-bois-poitou-charentes,90189_fr_;V90189;22/07/2026;Menuiserie, charpente, couverture et ossature bois;Bâtiment / travaux publics / second œuvre;;Nouvelle-Aquitaine;2100000;;10-50 (filtre);;;;;filtre CA 1-5 M€ & effectif 10-50
Fusacq;https://www.fusacq.com/vente-entreprise-production-de-foie-gras-et-de-produits-a-base-de-canard-midi-pyrenees,85479_fr_;V85479;07/09/2026;Production de foie gras et de produits à base de canard;Industrie / production / fabrication;;Occitanie;2100000;;10-50 (filtre);;;;;filtre CA 1-5 M€ & effectif 10-50
Fusacq;https://www.fusacq.com/vente-entreprise-vente-reparation-de-moto-et-accessoires-lorraine,71978_fr_;V71978;30/07/2026;Vente, réparation de moto et accessoires;Automobile / 2 roues / nautisme;;Grand Est;2045000;;10-50 (filtre);;;;;filtre CA 1-5 M€ & effectif 10-50
Fusacq;https://www.fusacq.com/vente-entreprise-menuiseries-metalliques-avec-bureau-d-etudes-integre-aube,79216_fr_;V79216;17/09/2026;Menuiseries métalliques avec bureau d'études intégré;Bureau d'études / ingénierie / diagnostics;;Grand Est;2020000;;10-50 (filtre);;;;;filtre CA 1-5 M€ & effectif 10-50
Fusacq;https://www.fusacq.com/vente-entreprise-chauffage-ventilation-climatisation-confidentiel,85153_fr_;V85153;18/09/2026;Chauffage, Ventilation, Climatisation;Bâtiment / travaux publics / second œuvre;;;2008000;;10-50 (filtre);;;;;filtre CA 1-5 M€ & effectif 10-50
Fusacq;https://www.fusacq.com/vente-entreprise-location-de-materiel-audiovisuel-professionnel-ile-de-france,92622_fr_;V92622;;Location de matériel audiovisuel professionnel;Communication / marketing / édition / imprimerie / PLV;;Île-de-France;2000000;;10-50 (filtre);;;;;filtre CA 1-5 M€ & effectif 10-50
Fusacq;https://www.fusacq.com/vente-entreprise-infogerance-et-hebergement-nord-est,92390_fr_;V92390;;Infogérance et hébergement;Services informatiques / ESN / éditeur de logiciel;;;2000000;;10-50 (filtre);;;;;filtre CA 1-5 M€ & effectif 10-50
Fusacq;https://www.fusacq.com/vente-entreprise-agence-de-marketing-operationnel-paris,92361_fr_;V92361;;Agence de marketing opérationnel;Communication / marketing / édition / imprimerie / PLV;;Île-de-France;2000000;;10-50 (filtre);;;;;filtre CA 1-5 M€ & effectif 10-50
Fusacq;https://www.fusacq.com/vente-entreprise-construction-de-piscines-en-inox-gironde,92149_fr_;V92149;;Construction de piscines en inox;Bâtiment / travaux publics / second œuvre;;Nouvelle-Aquitaine;2000000;;10-50 (filtre);;;;;filtre CA 1-5 M€ & effectif 10-50
Fusacq;https://www.fusacq.com/vente-entreprise-maison-francaise-de-pret-a-porter-feminin-paris,91946_fr_;V91946;;Maison française de prêt-à-porter féminin;Commerce de détail / e-commerce BtoC;;Île-de-France;2000000;;10-50 (filtre);;;;;filtre CA 1-5 M€ & effectif 10-50
Fusacq;https://www.fusacq.com/vente-entreprise-bureau-d-etudes-techniques-en-fluides-pays-de-la-loire,91798_fr_;V91798;;Bureau d'études techniques en fluides;Bureau d'études / ingénierie / diagnostics;;;2000000;;10-50 (filtre);;;;;filtre CA 1-5 M€ & effectif 10-50
Fusacq;https://www.fusacq.com/vente-entreprise-travaux-metalliques-specifiques-pour-marches-publics-provence-alpes-cote-d-azur,91693_fr_;V91693;;Travaux métalliques spécifiques pour marchés publics;Autres / non classé;;Provence-Alpes-Côte d'Azur;2000000;;10-50 (filtre);;;;;filtre CA 1-5 M€ & effectif 10-50
Fusacq;https://www.fusacq.com/vente-entreprise-reseau-de-micro-creches-rhone-alpes,91562_fr_;V91562;;Réseau de micro-crèches;Services à la personne / santé à domicile;;Auvergne-Rhône-Alpes;2000000;;10-50 (filtre);;;;;filtre CA 1-5 M€ & effectif 10-50
Fusacq;https://www.fusacq.com/vente-entreprise-hotel-3-etoiles-provence-alpes-cote-d-azur,91538_fr_;V91538;;Hôtel 3 étoiles;HCR / restauration / tourisme / loisirs;;Provence-Alpes-Côte d'Azur;2000000;;10-50 (filtre);;;;;filtre CA 1-5 M€ & effectif 10-50
Fusacq;https://www.fusacq.com/vente-entreprise-laboratoire-d-analyses-environnementales-nord-est,91404_fr_;V91404;;Laboratoire d'analyses environnementales;Santé / pharmacie / laboratoire / cabinet médical;;;2000000;;10-50 (filtre);;;;;filtre CA 1-5 M€ & effectif 10-50
Fusacq;https://www.fusacq.com/vente-entreprise-usinage-de-precision-mecano-soudure-tolerie-et-chaudronnerie-lorraine,91163_fr_;V91163;17/09/2026;Usinage de précision, mécano-soudure, tôlerie et chaudronnerie;Industrie / production / fabrication;;Grand Est;2000000;;10-50 (filtre);;;;;filtre CA 1-5 M€ & effectif 10-50
Fusacq;https://www.fusacq.com/vente-entreprise-commerce-alimentaire-non-franchise-pas-de-calais,90613_fr_;V90613;07/09/2026;Commerce alimentaire (non franchisé);Commerce de détail / e-commerce BtoC;;Hauts-de-France;2000000;;10-50 (filtre);;;;;filtre CA 1-5 M€ & effectif 10-50
Fusacq;https://www.fusacq.com/vente-entreprise-etancheite-bardage-et-desenfumage-charente,90508_fr_;V90508;23/08/2026;Étanchéité, bardage et désenfumage;Bâtiment / travaux publics / second œuvre;;Nouvelle-Aquitaine;2000000;;10-50 (filtre);;;;;filtre CA 1-5 M€ & effectif 10-50
Fusacq;https://www.fusacq.com/vente-entreprise-production-de-plants-destines-aux-professionnels-du-vegetal-nord-ouest,90138_fr_;V90138;21/07/2026;Production de plants destinés aux professionnels du végétal;Industrie / production / fabrication;;;2000000;;10-50 (filtre);;;;;filtre CA 1-5 M€ & effectif 10-50
Fusacq;https://www.fusacq.com/vente-entreprise-cuisine-professionnelle-climatisation-pompe-a-chaleur-et-hygiene-alimentaire-centre,88544_fr_;V88544;07/08/2026;Cuisine professionnelle, climatisation, pompe à chaleur et hygiène alimentaire;Bâtiment / travaux publics / second œuvre;;Centre-Val de Loire;2000000;;10-50 (filtre);;;;;filtre CA 1-5 M€ & effectif 10-50
Fusacq;https://www.fusacq.com/vente-entreprise-services-de-demenagement-provence-alpes-cote-d-azur,88016_fr_;V88016;13/08/2026;Services de déménagement;Transport & logistique (commissionnaire, affrètement);;Provence-Alpes-Côte d'Azur;2000000;;10-50 (filtre);;;;;filtre CA 1-5 M€ & effectif 10-50
Fusacq;https://www.fusacq.com/vente-entreprise-installation-et-maintenance-de-reseaux-telephoniques-et-telecoms-sarthe,87901_fr_;V87901;20/07/2026;Installation et maintenance de réseaux téléphoniques et télécoms;Services informatiques / ESN / éditeur de logiciel;;;2000000;;10-50 (filtre);;;;;filtre CA 1-5 M€ & effectif 10-50
Fusacq;https://www.fusacq.com/vente-entreprise-scierie-et-fabrication-de-palettes-bourgogne,87706_fr_;V87706;27/08/2026;Scierie et fabrication de palettes;Industrie / production / fabrication;;Bourgogne-Franche-Comté;2000000;;10-50 (filtre);;;;;filtre CA 1-5 M€ & effectif 10-50
Fusacq;https://www.fusacq.com/vente-entreprise-production-vegetale-nord-ouest,87483_fr_;V87483;24/08/2026;Production végétale;Industrie / production / fabrication;;;2000000;;10-50 (filtre);;;;;filtre CA 1-5 M€ & effectif 10-50
Fusacq;https://www.fusacq.com/vente-entreprise-renovation-energetique-de-l-habitat-du-conseil-a-la-pose-nord-pas-de-calais,87457_fr_;V87457;14/09/2026;Rénovation énergétique de l'habitat : du conseil à la pose;Conseil / expertise / services administratifs aux entreprises (BPO);;Hauts-de-France;2000000;;10-50 (filtre);;;;;filtre CA 1-5 M€ & effectif 10-50
Fusacq;https://www.fusacq.com/vente-entreprise-travaux-publics-et-services-associes-centre,87164_fr_;V87164;24/08/2026;Travaux publics et services associés;Bâtiment / travaux publics / second œuvre;;Centre-Val de Loire;2000000;;10-50 (filtre);;;;;filtre CA 1-5 M€ & effectif 10-50
Fusacq;https://www.fusacq.com/vente-entreprise-menuiseries-bois-loire,86620_fr_;V86620;11/08/2026;Menuiseries bois;Bâtiment / travaux publics / second œuvre;;Auvergne-Rhône-Alpes;2000000;;10-50 (filtre);;;;;filtre CA 1-5 M€ & effectif 10-50
Fusacq;https://www.fusacq.com/vente-entreprise-menuiserie-metallique-fabrication-et-negoce-aquitaine,85268_fr_;V85268;26/08/2026;Menuiserie métallique : Fabrication et négoce;Négoce / distribution B2B;;Nouvelle-Aquitaine;2000000;;10-50 (filtre);;;;;filtre CA 1-5 M€ & effectif 10-50
Fusacq;https://www.fusacq.com/vente-entreprise-menuiserie-charpente-ossature-bois-isolation-et-bardage-cotes-d-armor,81826_fr_;V81826;22/07/2026;Menuiserie, charpente, ossature bois, isolation et bardage;Bâtiment / travaux publics / second œuvre;;Bretagne;2000000;;10-50 (filtre);;;;;filtre CA 1-5 M€ & effectif 10-50
Fusacq;https://www.fusacq.com/vente-entreprise-travaux-de-menuiserie-pvc-et-en-aluminium-haut-rhin,78758_fr_;V78758;24/08/2026;Travaux de menuiserie PVC et en aluminium;Bâtiment / travaux publics / second œuvre;;Grand Est;2000000;;10-50 (filtre);;;;;filtre CA 1-5 M€ & effectif 10-50
Fusacq;https://www.fusacq.com/vente-entreprise-climatisation-pompe-a-chaleur-photovoltaique-installation-entretien-et-depannage-alpes-maritimes,78094_fr_;V78094;03/09/2026;Climatisation, pompe à chaleur, photovoltaïque : installation, entretien et dépannage;Bâtiment / travaux publics / second œuvre;;Provence-Alpes-Côte d'Azur;1950000;;10-50 (filtre);;;;;filtre CA 1-5 M€ & effectif 10-50
Fusacq;https://www.fusacq.com/vente-entreprise-formation-a-la-securite-incendie-et-au-secourisme-ile-de-france,92595_fr_;V92595;;Formation à la sécurité incendie et au secourisme;Autres / non classé;;Île-de-France;1900000;;10-50 (filtre);;;;;filtre CA 1-5 M€ & effectif 10-50
Fusacq;https://www.fusacq.com/vente-entreprise-protection-et-maintenance-industrielle-gironde,92500_fr_;V92500;;Protection et maintenance industrielle;Industrie / production / fabrication;;Nouvelle-Aquitaine;1900000;;10-50 (filtre);;;;;filtre CA 1-5 M€ & effectif 10-50
Fusacq;https://www.fusacq.com/vente-entreprise-maintenance-industrielle-moselle,92320_fr_;V92320;;Maintenance industrielle;Industrie / production / fabrication;;Grand Est;1900000;;10-50 (filtre);;;;;filtre CA 1-5 M€ & effectif 10-50
Fusacq;https://www.fusacq.com/vente-entreprise-plateforme-de-deux-clubs-de-fitness-premium-independant-provence-alpes-cote-d-azur,92179_fr_;V92179;;Plateforme de deux clubs de fitness premium indépendant;HCR / restauration / tourisme / loisirs;;Provence-Alpes-Côte d'Azur;1900000;;10-50 (filtre);;;;;filtre CA 1-5 M€ & effectif 10-50
Fusacq;https://www.fusacq.com/vente-entreprise-chauffage-ventilation-climatisation-et-plomberie-gironde,91531_fr_;V91531;;Chauffage, ventilation, climatisation et plomberie;Bâtiment / travaux publics / second œuvre;;Nouvelle-Aquitaine;1900000;;10-50 (filtre);;;;;filtre CA 1-5 M€ & effectif 10-50
Fusacq;https://www.fusacq.com/vente-entreprise-esn-specialisee-en-regie-it-sud-est,91368_fr_;V91368;;ESN spécialisée en régie IT;Services informatiques / ESN / éditeur de logiciel;;;1900000;;10-50 (filtre);;;;;filtre CA 1-5 M€ & effectif 10-50
Fusacq;https://www.fusacq.com/vente-entreprise-metallerie-serrurerie-fabrication-et-pose-bas-rhin,91102_fr_;V91102;;Métallerie / serrurerie : fabrication et pose;Bâtiment / travaux publics / second œuvre;;Grand Est;1900000;;10-50 (filtre);;;;;filtre CA 1-5 M€ & effectif 10-50
Fusacq;https://www.fusacq.com/vente-entreprise-fabrication-et-pose-de-mobilier-d-agencement-et-de-menuiserie-gard,91019_fr_;V91019;;Fabrication et pose de mobilier d'agencement et de menuiserie;Bâtiment / travaux publics / second œuvre;;Occitanie;1900000;;10-50 (filtre);;;;;filtre CA 1-5 M€ & effectif 10-50
Fusacq;https://www.fusacq.com/vente-entreprise-tuyauterie-industrielle-cotes-d-armor,90288_fr_;V90288;29/07/2026;Tuyauterie industrielle;Industrie / production / fabrication;;Bretagne;1900000;;10-50 (filtre);;;;;filtre CA 1-5 M€ & effectif 10-50
Fusacq;https://www.fusacq.com/vente-entreprise-integrateur-securite-telecoms-btob-languedoc-roussillon,90001_fr_;V90001;16/09/2026;Intégrateur sécurité & télécoms BtoB;Services informatiques / ESN / éditeur de logiciel;;Occitanie;1900000;;10-50 (filtre);;;;;filtre CA 1-5 M€ & effectif 10-50
Fusacq;https://www.fusacq.com/vente-entreprise-stockage-de-produits-gestion-de-stocks-et-logistique-centre,89844_fr_;V89844;18/09/2026;Stockage de produits, gestion de stocks et logistique;Transport & logistique (commissionnaire, affrètement);;Centre-Val de Loire;1900000;;10-50 (filtre);;;;;filtre CA 1-5 M€ & effectif 10-50
Fusacq;https://www.fusacq.com/vente-entreprise-vente-et-pose-de-poeles-et-cheminees-pays-de-la-loire,88302_fr_;V88302;20/07/2026;Vente et pose de poêles et cheminées;Bâtiment / travaux publics / second œuvre;;;1900000;;10-50 (filtre);;;;;filtre CA 1-5 M€ & effectif 10-50
Fusacq;https://www.fusacq.com/vente-entreprise-traiteur-reception-boucherie-et-charcuterie-auvergne,80194_fr_;V80194;14/09/2026;Traiteur, réception, boucherie et charcuterie;HCR / restauration / tourisme / loisirs;;Auvergne-Rhône-Alpes;1860000;;10-50 (filtre);;;;;filtre CA 1-5 M€ & effectif 10-50
Fusacq;https://www.fusacq.com/vente-entreprise-vente-ambulante-de-fournitures-d-outillage-deux-societes-dordogne,89850_fr_;V89850;24/07/2026;Vente ambulante de fournitures d'outillage - Deux sociétés;Négoce / distribution B2B;;Nouvelle-Aquitaine;1855000;;10-50 (filtre);;;;;filtre CA 1-5 M€ & effectif 10-50
Fusacq;https://www.fusacq.com/vente-entreprise-plomberie-chauffage-et-climatisation-indre-et-loire,86600_fr_;V86600;03/08/2026;Plomberie, chauffage et climatisation;Bâtiment / travaux publics / second œuvre;;Centre-Val de Loire;1850000;;10-50 (filtre);;;;;filtre CA 1-5 M€ & effectif 10-50
Fusacq;https://www.fusacq.com/vente-entreprise-location-de-machines-et-equipements-pour-la-construction-provence-alpes-cote-d-azur,85205_fr_;V85205;21/07/2026;Location de machines et équipements pour la construction;Autres / non classé;;Provence-Alpes-Côte d'Azur;1850000;;10-50 (filtre);;;;;filtre CA 1-5 M€ & effectif 10-50
Fusacq;https://www.fusacq.com/vente-entreprise-maconnerie-couverture-charpente-isolation-et-carrelage-loiret,82798_fr_;V82798;09/09/2026;Maçonnerie, couverture, charpente, isolation et carrelage;Bâtiment / travaux publics / second œuvre;;Centre-Val de Loire;1840000;;10-50 (filtre);;;;;filtre CA 1-5 M€ & effectif 10-50
Fusacq;https://www.fusacq.com/vente-entreprise-traiteur-evenementiel-bruxelles-capitale,77577_fr_;V77577;26/08/2026;Traiteur évènementiel;Communication / marketing / édition / imprimerie / PLV;;;1825000;;10-50 (filtre);;;;;filtre CA 1-5 M€ & effectif 10-50
Fusacq;https://www.fusacq.com/vente-entreprise-travaux-d-installation-electrique-generale-et-industrielle-aube,78623_fr_;V78623;17/09/2026;Travaux d'installation électrique (générale et industrielle);Bâtiment / travaux publics / second œuvre;;Grand Est;1820000;;10-50 (filtre);;;;;filtre CA 1-5 M€ & effectif 10-50
Fusacq;https://www.fusacq.com/vente-entreprise-groupe-de-8-micro-creches-doubs,92612_fr_;V92612;;Groupe de 8 micro-crèches;Services à la personne / santé à domicile;;Bourgogne-Franche-Comté;1800000;;10-50 (filtre);;;;;filtre CA 1-5 M€ & effectif 10-50
Fusacq;https://www.fusacq.com/vente-entreprise-un-reseau-de-restauration-digitale-multi-marques-seine-saint-denis,92504_fr_;V92504;;Un réseau de restauration digitale multi-marques;Services informatiques / ESN / éditeur de logiciel;;Île-de-France;1800000;;10-50 (filtre);;;;;filtre CA 1-5 M€ & effectif 10-50
Fusacq;https://www.fusacq.com/vente-entreprise-menuiserie-alu-et-metallerie-aube,92449_fr_;V92449;;Menuiserie alu et métallerie;Bâtiment / travaux publics / second œuvre;;Grand Est;1800000;;10-50 (filtre);;;;;filtre CA 1-5 M€ & effectif 10-50
Fusacq;https://www.fusacq.com/vente-entreprise-agence-de-communication-creative-influence-b2b-paris,92416_fr_;V92416;;Agence de communication créative & influence B2B;Communication / marketing / édition / imprimerie / PLV;;Île-de-France;1800000;;10-50 (filtre);;;;;filtre CA 1-5 M€ & effectif 10-50
Fusacq;https://www.fusacq.com/vente-entreprise-specialiste-de-la-couverture-zinguerie-et-de-la-plomberie-chauffage-nord,91469_fr_;V91469;27/08/2026;Spécialiste de la couverture-zinguerie et de la plomberie-chauffage;Bâtiment / travaux publics / second œuvre;;Hauts-de-France;1800000;;10-50 (filtre);;;;;filtre CA 1-5 M€ & effectif 10-50
Fusacq;https://www.fusacq.com/vente-entreprise-conception-fabrication-et-pose-de-produits-sur-mesure-et-des-projets-techniques-morbihan,91066_fr_;V91066;;Conception, fabrication et pose de produits sur-mesure et des projets techniques;Bâtiment / travaux publics / second œuvre;;Bretagne;1800000;;10-50 (filtre);;;;;filtre CA 1-5 M€ & effectif 10-50
Fusacq;https://www.fusacq.com/vente-entreprise-centres-pare-brise-et-lavage-auto-ain,90695_fr_;V90695;24/08/2026;Centres pare-brise et lavage auto;Autres / non classé;;Auvergne-Rhône-Alpes;1800000;;10-50 (filtre);;;;;filtre CA 1-5 M€ & effectif 10-50
Fusacq;https://www.fusacq.com/vente-entreprise-travaux-de-platrerie-et-isolation-gard,89930_fr_;V89930;16/07/2026;Travaux de plâtrerie et isolation;Bâtiment / travaux publics / second œuvre;;Occitanie;1800000;;10-50 (filtre);;;;;filtre CA 1-5 M€ & effectif 10-50
Fusacq;https://www.fusacq.com/vente-entreprise-pisciniste-haut-de-gamme-maroc,89688_fr_;V89688;04/09/2026;Pisciniste haut de gamme;Autres / non classé;;;1800000;;10-50 (filtre);;;;;filtre CA 1-5 M€ & effectif 10-50
Fusacq;https://www.fusacq.com/vente-entreprise-maconnerie-generale-et-gros-oeuvre-de-batiment-ariege,89568_fr_;V89568;24/08/2026;Maçonnerie générale et gros œuvre de bâtiment;Bâtiment / travaux publics / second œuvre;;Occitanie;1800000;;10-50 (filtre);;;;;filtre CA 1-5 M€ & effectif 10-50
Fusacq;https://www.fusacq.com/vente-entreprise-traitement-de-surface-et-peinture-industrielle-rhone,89528_fr_;V89528;01/09/2026;Traitement de surface et peinture industrielle;Bâtiment / travaux publics / second œuvre;;Auvergne-Rhône-Alpes;1800000;;10-50 (filtre);;;;;filtre CA 1-5 M€ & effectif 10-50
Fusacq;https://www.fusacq.com/vente-entreprise-prestataire-premium-de-services-linguistiques-btob-sud-est,89098_fr_;V89098;21/07/2026;Prestataire premium de services linguistiques BtoB;Autres / non classé;;;1800000;;10-50 (filtre);;;;;filtre CA 1-5 M€ & effectif 10-50
Fusacq;https://www.fusacq.com/vente-entreprise-camping-4-d-environ-200-emplacements-poitou-charentes,88818_fr_;V88818;14/09/2026;Camping 4* d'environ 200 emplacements;HCR / restauration / tourisme / loisirs;;Nouvelle-Aquitaine;1800000;;10-50 (filtre);;;;;filtre CA 1-5 M€ & effectif 10-50
Fusacq;https://www.fusacq.com/vente-entreprise-metallerie-chaudronnerie-usinage-de-precision-et-tolerie-industrielle-oise,86810_fr_;V86810;16/07/2026;Métallerie, chaudronnerie, usinage de précision et tôlerie industrielle;Bâtiment / travaux publics / second œuvre;;Hauts-de-France;1800000;;10-50 (filtre);;;;;filtre CA 1-5 M€ & effectif 10-50
Fusacq;https://www.fusacq.com/vente-entreprise-travaux-de-couverture-etancheite-et-zinguerie-morbihan,86685_fr_;V86685;19/08/2026;Travaux de couverture, étanchéité et zinguerie;Bâtiment / travaux publics / second œuvre;;Bretagne;1800000;;10-50 (filtre);;;;;filtre CA 1-5 M€ & effectif 10-50
Fusacq;https://www.fusacq.com/vente-entreprise-genie-climatique-energies-renouvelables-et-plomberie-haute-normandie,85904_fr_;V85904;;Génie climatique, énergies renouvelables et plomberie;Bâtiment / travaux publics / second œuvre;;Normandie;1800000;;10-50 (filtre);;;;;filtre CA 1-5 M€ & effectif 10-50
Fusacq;https://www.fusacq.com/vente-entreprise-distribution-specialisee-en-epicerie-bretagne,84073_fr_;V84073;27/07/2026;Distribution spécialisée en épicerie;Négoce / distribution B2B;;Bretagne;1800000;;10-50 (filtre);;;;;filtre CA 1-5 M€ & effectif 10-50
Fusacq;https://www.fusacq.com/vente-entreprise-entreprise-generale-de-batiment-cotes-d-armor,82069_fr_;V82069;22/07/2026;Entreprise générale de bâtiment;Bâtiment / travaux publics / second œuvre;;Bretagne;1800000;;10-50 (filtre);;;;;filtre CA 1-5 M€ & effectif 10-50
Fusacq;https://www.fusacq.com/vente-entreprise-traiteur-haut-de-gamme-pour-mariages-et-receptions-ile-de-france,73815_fr_;V73815;03/08/2026;Traiteur haut de gamme pour mariages et réceptions;HCR / restauration / tourisme / loisirs;;Île-de-France;1800000;;10-50 (filtre);;;;;filtre CA 1-5 M€ & effectif 10-50
Fusacq;https://www.fusacq.com/vente-entreprise-boulangerie-patisserie-proposant-un-espace-de-restauration-sur-place-gironde,77626_fr_;V77626;14/09/2026;Boulangerie - Pâtisserie proposant un espace de restauration sur place;HCR / restauration / tourisme / loisirs;;Nouvelle-Aquitaine;1780000;;10-50 (filtre);;;;;filtre CA 1-5 M€ & effectif 10-50
Fusacq;https://www.fusacq.com/vente-entreprise-menuiserie-et-autres-travaux-lies-au-batiment-poitou-charentes,72519_fr_;V72519;27/07/2026;Menuiserie et autres travaux liés au bâtiment;Bâtiment / travaux publics / second œuvre;;Nouvelle-Aquitaine;1730000;;10-50 (filtre);;;;;filtre CA 1-5 M€ & effectif 10-50
Fusacq;https://www.fusacq.com/vente-entreprise-transport-de-marchandises-rhone-alpes,83029_fr_;V83029;20/07/2026;Transport de marchandises;Transport & logistique (commissionnaire, affrètement);;Auvergne-Rhône-Alpes;1725000;;10-50 (filtre);;;;;filtre CA 1-5 M€ & effectif 10-50
Fusacq;https://www.fusacq.com/vente-entreprise-mecanique-de-precision-sud-est,91942_fr_;V91942;;Mécanique de précision;Industrie / production / fabrication;;;1700000;;10-50 (filtre);;;;;filtre CA 1-5 M€ & effectif 10-50
Fusacq;https://www.fusacq.com/vente-entreprise-specialiste-de-chiens-et-chats-plusieurs-boutiques-paris,91485_fr_;V91485;;Spécialiste de chiens et chats - plusieurs boutiques;Commerce de détail / e-commerce BtoC;;Île-de-France;1700000;;10-50 (filtre);;;;;filtre CA 1-5 M€ & effectif 10-50
Fusacq;https://www.fusacq.com/vente-entreprise-transport-routier-de-marchandises-par-bennes-pas-de-calais,91412_fr_;V91412;;Transport routier de marchandises par bennes;Transport & logistique (commissionnaire, affrètement);;Hauts-de-France;1700000;;10-50 (filtre);;;;;filtre CA 1-5 M€ & effectif 10-50
Fusacq;https://www.fusacq.com/vente-entreprise-bureau-d-etudes-en-reseaux-pyrenees-atlantiques,91337_fr_;V91337;;Bureau d'études en réseaux;Bureau d'études / ingénierie / diagnostics;;Nouvelle-Aquitaine;1700000;;10-50 (filtre);;;;;filtre CA 1-5 M€ & effectif 10-50
Fusacq;https://www.fusacq.com/vente-entreprise-agence-de-conseil-en-design-et-communication-de-marque-hauts-de-seine,91256_fr_;V91256;;Agence de conseil en design et communication de marque;Communication / marketing / édition / imprimerie / PLV;;Île-de-France;1700000;;10-50 (filtre);;;;;filtre CA 1-5 M€ & effectif 10-50
Fusacq;https://www.fusacq.com/vente-entreprise-cabinet-d-expertise-comptable-alpes-maritimes,91235_fr_;V91235;;Cabinet d'expertise comptable;Conseil / expertise / services administratifs aux entreprises (BPO);;Provence-Alpes-Côte d'Azur;1700000;;10-50 (filtre);;;;;filtre CA 1-5 M€ & effectif 10-50
Fusacq;https://www.fusacq.com/vente-entreprise-hotellerie-2-restauration-gastronomique-traiteur-nord,89598_fr_;V89598;03/08/2026;Hôtellerie 2* Restauration gastronomique / Traiteur;HCR / restauration / tourisme / loisirs;;Hauts-de-France;1700000;;10-50 (filtre);;;;;filtre CA 1-5 M€ & effectif 10-50
Fusacq;https://www.fusacq.com/vente-entreprise-domaine-de-loisirs-experientiel-avec-hebergement-nature-premium-ile-de-france,87956_fr_;V87956;27/07/2026;Domaine de loisirs expérientiel avec hébergement nature premium;Services informatiques / ESN / éditeur de logiciel;;Île-de-France;1700000;;10-50 (filtre);;;;;filtre CA 1-5 M€ & effectif 10-50
Fusacq;https://www.fusacq.com/vente-entreprise-site-de-loisirs-hotellerie-restauration-evenementiel-et-spectacles-nord-est,87931_fr_;V87931;21/07/2026;Site de loisirs, hôtellerie, restauration, événementiel et spectacles;Communication / marketing / édition / imprimerie / PLV;;;1700000;;10-50 (filtre);;;;;filtre CA 1-5 M€ & effectif 10-50
Fusacq;https://www.fusacq.com/vente-entreprise-producteur-de-foie-gras-et-de-produits-gascons-gers,86837_fr_;V86837;22/07/2026;Producteur de foie gras et de produits gascons;Autres / non classé;;Occitanie;1700000;;10-50 (filtre);;;;;filtre CA 1-5 M€ & effectif 10-50
Fusacq;https://www.fusacq.com/vente-entreprise-entreprise-agroalimentaire-france,82398_fr_;V82398;03/07/2026;Entreprise agroalimentaire;Industrie / production / fabrication;;;1700000;;10-50 (filtre);;;;;filtre CA 1-5 M€ & effectif 10-50
Fusacq;https://www.fusacq.com/vente-entreprise-specialiste-du-depannage-l-entretien-reparation-et-la-vente-de-vehicules-savoie,74829_fr_;V74829;16/09/2026;Spécialiste du dépannage, l'entretien-réparation et la vente de véhicules;Automobile / 2 roues / nautisme;;Auvergne-Rhône-Alpes;1700000;;10-50 (filtre);;;;;filtre CA 1-5 M€ & effectif 10-50
Fusacq;https://www.fusacq.com/vente-entreprise-desamiantage-sciage-beton-demolition-de-batiments-voirie-deconstruction-et-assainissement-france,73095_fr_;V73095;19/08/2026;Désamiantage, sciage béton, démolition de bâtiments, voirie, déconstruction et assainissement;Bâtiment / travaux publics / second œuvre;;;1700000;;10-50 (filtre);;;;;filtre CA 1-5 M€ & effectif 10-50
Fusacq;https://www.fusacq.com/vente-entreprise-hotel-restaurant-3-d-environ-60-chambres-avec-salle-de-seminaire-vienne,64110_fr_;V64110;22/07/2026;Hôtel restaurant 3* d'environ 60 chambres avec salle de séminaire;HCR / restauration / tourisme / loisirs;;Nouvelle-Aquitaine;1700000;;10-50 (filtre);;;;;filtre CA 1-5 M€ & effectif 10-50
Fusacq;https://www.fusacq.com/vente-entreprise-boulangerie-patisserie-snacking-emplacement-n-1-gironde,85250_fr_;V85250;05/08/2026;Boulangerie, pâtisserie, snacking / Emplacement N°1;HCR / restauration / tourisme / loisirs;;Nouvelle-Aquitaine;1660000;;10-50 (filtre);;;;;filtre CA 1-5 M€ & effectif 10-50
Fusacq;https://www.fusacq.com/vente-entreprise-metiers-du-bois-couverture-terrassement-maconnerie-et-amenagement-poitou-charentes,80299_fr_;V80299;03/08/2026;Métiers du bois, couverture, terrassement, maçonnerie et aménagement;Bâtiment / travaux publics / second œuvre;;Nouvelle-Aquitaine;1650000;;10-50 (filtre);;;;;filtre CA 1-5 M€ & effectif 10-50
Fusacq;https://www.fusacq.com/vente-entreprise-menuiseries-exterieures-stores-et-fermetures-alpes-maritimes,92087_fr_;V92087;;Menuiseries extérieures - stores et fermetures;Bâtiment / travaux publics / second œuvre;;Provence-Alpes-Côte d'Azur;1600000;;10-50 (filtre);;;;;filtre CA 1-5 M€ & effectif 10-50
Fusacq;https://www.fusacq.com/vente-entreprise-activite-de-maconnerie-qualibat-rge-somme,92001_fr_;V92001;;Activité de maçonnerie Qualibat / RGE;Bâtiment / travaux publics / second œuvre;;Hauts-de-France;1600000;;10-50 (filtre);;;;;filtre CA 1-5 M€ & effectif 10-50
Fusacq;https://www.fusacq.com/vente-entreprise-nettoyage-tertiaire-nord-pas-de-calais,91683_fr_;V91683;;Nettoyage tertiaire;Propreté / nettoyage / multiservices;;Hauts-de-France;1600000;;10-50 (filtre);;;;;filtre CA 1-5 M€ & effectif 10-50
Fusacq;https://www.fusacq.com/vente-entreprise-travaux-speciaux-saone-et-loire,91618_fr_;V91618;;Travaux spéciaux;Autres / non classé;;Bourgogne-Franche-Comté;1600000;;10-50 (filtre);;;;;filtre CA 1-5 M€ & effectif 10-50
Fusacq;https://www.fusacq.com/vente-entreprise-chantier-naval-tous-services-aux-plaisanciers-morbihan,91514_fr_;V91514;;Chantier naval tous services aux plaisanciers;Autres / non classé;;Bretagne;1600000;;10-50 (filtre);;;;;filtre CA 1-5 M€ & effectif 10-50
Fusacq;https://www.fusacq.com/vente-entreprise-mecanique-industrielle-chaudronnerie-nord,91278_fr_;V91278;;Mécanique industrielle / Chaudronnerie;Industrie / production / fabrication;;Hauts-de-France;1600000;;10-50 (filtre);;;;;filtre CA 1-5 M€ & effectif 10-50
Fusacq;https://www.fusacq.com/vente-entreprise-plate-forme-numerique-pour-le-bien-etre-et-les-produits-de-consommation-commerce-electronique-mondial-confidentiel,91095_fr_;V91095;24/07/2026;Plate-forme numérique pour le bien-être et les produits de consommation;Services informatiques / ESN / éditeur de logiciel;;;1600000;;10-50 (filtre);;;;;filtre CA 1-5 M€ & effectif 10-50
Fusacq;https://www.fusacq.com/vente-entreprise-distribution-automatique-seine-saint-denis,91049_fr_;V91049;;Distribution automatique;Négoce / distribution B2B;;Île-de-France;1600000;;10-50 (filtre);;;;;filtre CA 1-5 M€ & effectif 10-50
Fusacq;https://www.fusacq.com/vente-entreprise-fabrication-de-lunettes-sud-est,90964_fr_;V90964;;Fabrication de lunettes;Industrie / production / fabrication;;;1600000;;10-50 (filtre);;;;;filtre CA 1-5 M€ & effectif 10-50
Fusacq;https://www.fusacq.com/vente-entreprise-bureau-d-etudes-specialise-en-detection-et-cartographie-de-reseaux-nord,90732_fr_;V90732;27/08/2026;Bureau d'études spécialisé en détection et cartographie de réseaux;Bureau d'études / ingénierie / diagnostics;;Hauts-de-France;1600000;;10-50 (filtre);;;;;filtre CA 1-5 M€ & effectif 10-50
Fusacq;https://www.fusacq.com/vente-entreprise-chaudronnerie-ferronnerie-et-metallerie-serrurerie-gard,88957_fr_;V88957;16/07/2026;Chaudronnerie, ferronnerie et métallerie-serrurerie;Bâtiment / travaux publics / second œuvre;;Occitanie;1600000;;10-50 (filtre);;;;;filtre CA 1-5 M€ & effectif 10-50
Fusacq;https://www.fusacq.com/vente-entreprise-installation-de-menuiseries-exterieures-haute-vienne,86775_fr_;V86775;27/07/2026;Installation de menuiseries extérieures;Bâtiment / travaux publics / second œuvre;;Nouvelle-Aquitaine;1600000;;10-50 (filtre);;;;;filtre CA 1-5 M€ & effectif 10-50
Fusacq;https://www.fusacq.com/vente-entreprise-btp-tous-corps-d-etat-deux-sevres,86470_fr_;V86470;15/09/2026;BTP - Tous corps d'état;Bâtiment / travaux publics / second œuvre;;Nouvelle-Aquitaine;1600000;;10-50 (filtre);;;;;filtre CA 1-5 M€ & effectif 10-50
Fusacq;https://www.fusacq.com/vente-entreprise-electricite-neuf-et-renovation-pyrenees-orientales,80739_fr_;V80739;24/08/2026;Électricité : neuf et rénovation;Bâtiment / travaux publics / second œuvre;;Occitanie;1600000;;10-50 (filtre);;;;;filtre CA 1-5 M€ & effectif 10-50
Fusacq;https://www.fusacq.com/vente-entreprise-fabricant-de-machines-outils-france,80486_fr_;V80486;01/09/2026;Fabricant de machines-outils;Industrie / production / fabrication;;;1600000;;10-50 (filtre);;;;;filtre CA 1-5 M€ & effectif 10-50
Fusacq;https://www.fusacq.com/vente-entreprise-depannage-automobile-mecanique-et-carrosserie-isere,79301_fr_;V79301;02/09/2026;Dépannage automobile, mécanique et carrosserie;Automobile / 2 roues / nautisme;;Auvergne-Rhône-Alpes;1600000;;10-50 (filtre);;;;;filtre CA 1-5 M€ & effectif 10-50
Fusacq;https://www.fusacq.com/vente-entreprise-carrosserie-mecanique-pneus-vienne,68057_fr_;V68057;27/08/2026;Carrosserie : mécanique / pneus;Automobile / 2 roues / nautisme;;Nouvelle-Aquitaine;1600000;;10-50 (filtre);;;;;filtre CA 1-5 M€ & effectif 10-50
Fusacq;https://www.fusacq.com/vente-entreprise-fabrication-de-moules-pour-fonderie-et-composites-et-usinage-de-pieces-complexes-rhone-alpes,68056_fr_;V68056;22/07/2026;Fabrication de moules pour fonderie et composites et usinage de pièces complexes;Industrie / production / fabrication;;Auvergne-Rhône-Alpes;1600000;;10-50 (filtre);;;;;filtre CA 1-5 M€ & effectif 10-50
Fusacq;https://www.fusacq.com/vente-entreprise-camping-avec-piscine-bar-et-restaurant-rhone-alpes,84034_fr_;V84034;04/09/2026;Camping *** avec piscine, bar et restaurant;HCR / restauration / tourisme / loisirs;;Auvergne-Rhône-Alpes;1550000;;10-50 (filtre);;;;;filtre CA 1-5 M€ & effectif 10-50
Fusacq;https://www.fusacq.com/vente-entreprise-services-a-la-personne-france,80690_fr_;V80690;14/09/2026;Services à la personne;Services à la personne / santé à domicile;;;1525000;;10-50 (filtre);;;;;filtre CA 1-5 M€ & effectif 10-50
Fusacq;https://www.fusacq.com/vente-entreprise-proprete-et-nettoyage-alpes-maritimes,92575_fr_;V92575;;Propreté et nettoyage;Propreté / nettoyage / multiservices;;Provence-Alpes-Côte d'Azur;1500000;;10-50 (filtre);;;;;filtre CA 1-5 M€ & effectif 10-50
Fusacq;https://www.fusacq.com/vente-entreprise-groupe-multiservices-a-la-personne-seine-et-marne,92506_fr_;V92506;;Groupe multiservices à la personne;Propreté / nettoyage / multiservices;;Île-de-France;1500000;;10-50 (filtre);;;;;filtre CA 1-5 M€ & effectif 10-50
Fusacq;https://www.fusacq.com/vente-entreprise-mecanique-de-precision-rhone-alpes,92070_fr_;V92070;;Mécanique de précision;Industrie / production / fabrication;;Auvergne-Rhône-Alpes;1500000;;10-50 (filtre);;;;;filtre CA 1-5 M€ & effectif 10-50
Fusacq;https://www.fusacq.com/vente-entreprise-genie-climatique-provence-alpes-cote-d-azur,91885_fr_;V91885;;Génie climatique;Autres / non classé;;Provence-Alpes-Côte d'Azur;1500000;;10-50 (filtre);;;;;filtre CA 1-5 M€ & effectif 10-50
Fusacq;https://www.fusacq.com/vente-entreprise-integrateur-erp-nord,91490_fr_;V91490;;Intégrateur ERP;Autres / non classé;;;1500000;;10-50 (filtre);;;;;filtre CA 1-5 M€ & effectif 10-50
Fusacq;https://www.fusacq.com/vente-entreprise-travaux-de-peinture-et-de-renovation-interieure-et-exterieure-ille-et-vilaine,91307_fr_;V91307;;Travaux de peinture et de rénovation intérieure et extérieure;Bâtiment / travaux publics / second œuvre;;Bretagne;1500000;;10-50 (filtre);;;;;filtre CA 1-5 M€ & effectif 10-50
Fusacq;https://www.fusacq.com/vente-entreprise-residence-d-autonomie-pour-seniors-provence-alpes-cote-d-azur,91135_fr_;V91135;;Résidence d'autonomie pour séniors;Autres / non classé;;Provence-Alpes-Côte d'Azur;1500000;;10-50 (filtre);;;;;filtre CA 1-5 M€ & effectif 10-50
Fusacq;https://www.fusacq.com/vente-entreprise-chaudronnerie-manutention-et-maintenance-industrielle-loire,91063_fr_;V91063;12/06/2026;Chaudronnerie, manutention et maintenance industrielle;Industrie / production / fabrication;;Auvergne-Rhône-Alpes;1500000;;10-50 (filtre);;;;;filtre CA 1-5 M€ & effectif 10-50
Fusacq;https://www.fusacq.com/vente-entreprise-nettoyage-et-entretien-gard,91032_fr_;V91032;07/09/2026;Nettoyage et entretien;Propreté / nettoyage / multiservices;;Occitanie;1500000;;10-50 (filtre);;;;;filtre CA 1-5 M€ & effectif 10-50
Fusacq;https://www.fusacq.com/vente-entreprise-transport-de-biens-bas-rhin,90992_fr_;V90992;16/09/2026;Transport de biens;Transport & logistique (commissionnaire, affrètement);;Grand Est;1500000;;10-50 (filtre);;;;;filtre CA 1-5 M€ & effectif 10-50
Fusacq;https://www.fusacq.com/vente-entreprise-nettoyage-et-entretien-languedoc-roussillon,90705_fr_;V90705;21/08/2026;Nettoyage et entretien;Propreté / nettoyage / multiservices;;Occitanie;1500000;;10-50 (filtre);;;;oui (cf. Fusacq V91032);filtre CA 1-5 M€ & effectif 10-50
Fusacq;https://www.fusacq.com/vente-entreprise-fabrication-et-pose-de-verandas-pergolas-et-fermetures-bas-rhin,90004_fr_;V90004;17/09/2026;Fabrication et pose de vérandas, pergolas et fermetures;Bâtiment / travaux publics / second œuvre;;Grand Est;1500000;;10-50 (filtre);;;;;filtre CA 1-5 M€ & effectif 10-50
Fusacq;https://www.fusacq.com/vente-entreprise-production-horticole-horticulture-et-vente-indre-et-loire,89747_fr_;V89747;02/09/2026;Production horticole - horticulture et vente;Industrie / production / fabrication;;Centre-Val de Loire;1500000;;10-50 (filtre);;;;;filtre CA 1-5 M€ & effectif 10-50
Fusacq;https://www.fusacq.com/vente-entreprise-site-de-production-et-de-fabrication-de-boulangerie-en-btob-vaucluse,89650_fr_;V89650;07/09/2026;Site de production et de fabrication de boulangerie en BtoB;HCR / restauration / tourisme / loisirs;;Provence-Alpes-Côte d'Azur;1500000;;10-50 (filtre);;;;;filtre CA 1-5 M€ & effectif 10-50
Fusacq;https://www.fusacq.com/vente-entreprise-primeurs-3-points-de-vente-paris,88992_fr_;V88992;28/07/2026;Primeurs - 3 points de vente;Autres / non classé;;Île-de-France;1500000;;10-50 (filtre);;;;;filtre CA 1-5 M€ & effectif 10-50
Fusacq;https://www.fusacq.com/vente-entreprise-fabrication-vente-et-livraison-de-blocs-de-glace-de-glacons-et-de-paillettes-de-glace-sud-est,88410_fr_;V88410;01/09/2026;Fabrication, vente et livraison de blocs de glace, de glaçons et de paillettes de glace;Industrie / production / fabrication;;;1500000;;10-50 (filtre);;;;;filtre CA 1-5 M€ & effectif 10-50
Fusacq;https://www.fusacq.com/vente-entreprise-mecanique-industrielle-bureau-d-etudes-centre,88012_fr_;V88012;17/09/2026;Mécanique industrielle - Bureau d'études;Bureau d'études / ingénierie / diagnostics;;Centre-Val de Loire;1500000;;10-50 (filtre);;;;;filtre CA 1-5 M€ & effectif 10-50
Fusacq;https://www.fusacq.com/vente-entreprise-assistance-technique-bureau-d-etudes-industrielles-et-mecaniques-rhone-alpes,86576_fr_;V86576;31/08/2026;Assistance technique / Bureau d'études industrielles et mécaniques;Bureau d'études / ingénierie / diagnostics;;Auvergne-Rhône-Alpes;1500000;;10-50 (filtre);;;;;filtre CA 1-5 M€ & effectif 10-50
Fusacq;https://www.fusacq.com/vente-entreprise-boulangeries-patisseries-avec-3-points-de-vente-nord,84195_fr_;V84195;18/08/2026;Boulangeries - Pâtisseries avec 3 points de vente;HCR / restauration / tourisme / loisirs;;Hauts-de-France;1500000;;10-50 (filtre);;;;;filtre CA 1-5 M€ & effectif 10-50
Fusacq;https://www.fusacq.com/vente-entreprise-installation-d-isolation-thermique-centre,83971_fr_;V83971;24/08/2026;Installation d'isolation thermique;Bureau d'études / ingénierie / diagnostics;;Centre-Val de Loire;1500000;;10-50 (filtre);;;;;filtre CA 1-5 M€ & effectif 10-50
Fusacq;https://www.fusacq.com/vente-entreprise-editeur-d-un-logiciel-de-gestion-de-point-de-vente-et-d-encaissement-erp-pos-france,82594_fr_;V82594;26/08/2026;Éditeur d'un logiciel de gestion de point de vente et d'encaissement ERP POS;Services informatiques / ESN / éditeur de logiciel;;;1500000;;10-50 (filtre);;;;;filtre CA 1-5 M€ & effectif 10-50
Fusacq;https://www.fusacq.com/vente-entreprise-conception-fabrication-et-distribution-de-systemes-de-surveillance-et-protection-sud-est,82177_fr_;V82177;07/09/2026;Conception, fabrication et distribution de systèmes de surveillance et protection;Sécurité / surveillance / télésurveillance;;;1500000;;10-50 (filtre);;;;;filtre CA 1-5 M€ & effectif 10-50
Fusacq;https://www.fusacq.com/vente-entreprise-charpente-couverture-et-zinguerie-loire,80552_fr_;V80552;15/07/2026;Charpente, couverture et zinguerie;Bâtiment / travaux publics / second œuvre;;Auvergne-Rhône-Alpes;1500000;;10-50 (filtre);;;;;filtre CA 1-5 M€ & effectif 10-50
Fusacq;https://www.fusacq.com/vente-entreprise-menuiserie-generale-orne,79030_fr_;V79030;08/07/2026;Menuiserie générale;Bâtiment / travaux publics / second œuvre;;Normandie;1500000;;10-50 (filtre);;;;;filtre CA 1-5 M€ & effectif 10-50
Fusacq;https://www.fusacq.com/vente-entreprise-carrosserie-automobile-vl-ile-de-france,76329_fr_;V76329;04/08/2026;Carrosserie automobile VL;Automobile / 2 roues / nautisme;;Île-de-France;1500000;;10-50 (filtre);;;;;filtre CA 1-5 M€ & effectif 10-50
Fusacq;https://www.fusacq.com/vente-entreprise-plateforme-telephonique-provence-alpes-cote-d-azur,72476_fr_;V72476;01/09/2026;Plateforme téléphonique;Autres / non classé;;Provence-Alpes-Côte d'Azur;1455000;;10-50 (filtre);;;;;filtre CA 1-5 M€ & effectif 10-50
Fusacq;https://www.fusacq.com/vente-entreprise-groupe-de-deux-restaurants-paris,91129_fr_;V91129;;Groupe de deux restaurants;HCR / restauration / tourisme / loisirs;;Île-de-France;1450000;;10-50 (filtre);;;;;filtre CA 1-5 M€ & effectif 10-50
Fusacq;https://www.fusacq.com/vente-entreprise-livraison-et-transport-aux-entreprises-aquitaine,77996_fr_;V77996;24/08/2026;Livraison et transport aux entreprises;Transport & logistique (commissionnaire, affrètement);;Nouvelle-Aquitaine;1450000;;10-50 (filtre);;;;;filtre CA 1-5 M€ & effectif 10-50
Fusacq;https://www.fusacq.com/vente-entreprise-transport-routier-3-5-tonnes-avec-20-licences-nord,85701_fr_;V85701;28/08/2026;Transport routier -3.5 Tonnes avec 20 licences;Transport & logistique (commissionnaire, affrètement);;Hauts-de-France;1445000;;10-50 (filtre);;;;;filtre CA 1-5 M€ & effectif 10-50
Fusacq;https://www.fusacq.com/vente-entreprise-producteur-local-de-vegetaux-et-de-jeunes-plants-rhone-alpes,87331_fr_;V87331;11/09/2026;Producteur local de végétaux et de jeunes plants;Autres / non classé;;Auvergne-Rhône-Alpes;1410000;;10-50 (filtre);;;;;filtre CA 1-5 M€ & effectif 10-50
Fusacq;https://www.fusacq.com/vente-entreprise-boulangerie-et-snack-en-multi-implantations-meurthe-et-moselle,92332_fr_;V92332;;Boulangerie et snack en multi implantations;HCR / restauration / tourisme / loisirs;;Grand Est;1400000;;10-50 (filtre);;;;;filtre CA 1-5 M€ & effectif 10-50
Fusacq;https://www.fusacq.com/vente-entreprise-groupe-de-6-micro-creches-doubs,92220_fr_;V92220;;Groupe de 6 micro-crèches;Services à la personne / santé à domicile;;Bourgogne-Franche-Comté;1400000;;10-50 (filtre);;;;;filtre CA 1-5 M€ & effectif 10-50
Fusacq;https://www.fusacq.com/vente-entreprise-travaux-d-electricite-plomberie-et-chauffage-loire-atlantique,91547_fr_;V91547;;Travaux d'électricité, plomberie et chauffage;Bâtiment / travaux publics / second œuvre;;;1400000;;10-50 (filtre);;;;;filtre CA 1-5 M€ & effectif 10-50
Fusacq;https://www.fusacq.com/vente-entreprise-mecanique-de-precision-vendee,91146_fr_;V91146;17/09/2026;Mécanique de précision;Industrie / production / fabrication;;;1400000;;10-50 (filtre);;;;;filtre CA 1-5 M€ & effectif 10-50
Fusacq;https://www.fusacq.com/vente-entreprise-agence-de-marketing-corse,90908_fr_;V90908;13/08/2026;Agence de marketing;Communication / marketing / édition / imprimerie / PLV;;Corse;1400000;;10-50 (filtre);;;;;filtre CA 1-5 M€ & effectif 10-50
Fusacq;https://www.fusacq.com/vente-entreprise-mecanique-de-precision-centre,89869_fr_;V89869;28/07/2026;Mécanique de précision;Industrie / production / fabrication;;Centre-Val de Loire;1400000;;10-50 (filtre);;;;oui (cf. Fusacq V91146);filtre CA 1-5 M€ & effectif 10-50
Fusacq;https://www.fusacq.com/vente-entreprise-location-poids-lourds-avec-chauffeurs-rhone,88814_fr_;V88814;14/09/2026;Location poids lourds avec chauffeurs;Automobile / 2 roues / nautisme;;Auvergne-Rhône-Alpes;1400000;;10-50 (filtre);;;;;filtre CA 1-5 M€ & effectif 10-50
Fusacq;https://www.fusacq.com/vente-entreprise-location-de-vaisselle-et-materiel-de-cuisine-aude,88810_fr_;V88810;20/07/2026;Location de vaisselle et matériel de cuisine;Négoce / distribution B2B;;Occitanie;1400000;;10-50 (filtre);;;;;filtre CA 1-5 M€ & effectif 10-50
Fusacq;https://www.fusacq.com/vente-entreprise-pose-de-chapes-et-de-carrelages-liege,88698_fr_;V88698;25/08/2026;Pose de chapes et de carrelages;Bâtiment / travaux publics / second œuvre;;;1400000;;10-50 (filtre);;;;;filtre CA 1-5 M€ & effectif 10-50
Fusacq;https://www.fusacq.com/vente-entreprise-genie-climatique-et-electrique-tarn,88455_fr_;V88455;16/07/2026;Génie climatique et électrique;Autres / non classé;;Occitanie;1400000;;10-50 (filtre);;;;;filtre CA 1-5 M€ & effectif 10-50
Fusacq;https://www.fusacq.com/vente-entreprise-pompe-a-chaleur-climatisation-et-photovoltaique-midi-pyrenees,87486_fr_;V87486;26/08/2026;Pompe à chaleur, climatisation et photovoltaïque;Bâtiment / travaux publics / second œuvre;;Occitanie;1400000;;10-50 (filtre);;;;;filtre CA 1-5 M€ & effectif 10-50
Fusacq;https://www.fusacq.com/vente-entreprise-agence-de-communication-et-marketing-digital-local-sud-est,86151_fr_;V86151;31/08/2026;Agence de communication et marketing digital local;Services informatiques / ESN / éditeur de logiciel;;;1400000;;10-50 (filtre);;;;;filtre CA 1-5 M€ & effectif 10-50
Fusacq;https://www.fusacq.com/vente-entreprise-parc-animalier-sauvage-reserve-naturelle-avec-complexe-touristique-france,84001_fr_;V84001;14/09/2026;Parc animalier sauvage, réserve naturelle avec complexe touristique;Autres / non classé;;;1400000;;10-50 (filtre);;;;;filtre CA 1-5 M€ & effectif 10-50
Fusacq;https://www.fusacq.com/vente-entreprise-menuiserie-fermetures-aquitaine,81939_fr_;V81939;14/08/2026;Menuiserie / Fermetures;Bâtiment / travaux publics / second œuvre;;Nouvelle-Aquitaine;1400000;;10-50 (filtre);;;;;filtre CA 1-5 M€ & effectif 10-50
Fusacq;https://www.fusacq.com/vente-entreprise-menuiserie-et-metallerie-industrielle-nord,81883_fr_;V81883;27/07/2026;Menuiserie et métallerie industrielle;Bâtiment / travaux publics / second œuvre;;Hauts-de-France;1400000;;10-50 (filtre);;;;;filtre CA 1-5 M€ & effectif 10-50
Fusacq;https://www.fusacq.com/vente-entreprise-transport-dernier-kilometre-confidentiel,73276_fr_;V73276;22/07/2026;Transport dernier kilomètre;Transport & logistique (commissionnaire, affrètement);;;1400000;;10-50 (filtre);;;;;filtre CA 1-5 M€ & effectif 10-50
Fusacq;https://www.fusacq.com/vente-entreprise-menuiserie-et-ebenisterie-orne,67085_fr_;V67085;07/09/2026;Menuiserie et ébénisterie;Bâtiment / travaux publics / second œuvre;;Normandie;1400000;;10-50 (filtre);;;;;filtre CA 1-5 M€ & effectif 10-50
Fusacq;https://www.fusacq.com/vente-entreprise-securite-electronique-vente-installation-maintenance-centre,91956_fr_;V91956;26/08/2026;Sécurité électronique : vente, installation, maintenance;Industrie / production / fabrication;;Centre-Val de Loire;1340000;;10-50 (filtre);;;;;filtre CA 1-5 M€ & effectif 10-50
Fusacq;https://www.fusacq.com/vente-entreprise-miroiterie-menuiserie-aluminium-gironde,82965_fr_;V82965;28/08/2026;Miroiterie – Menuiserie Aluminium;Bâtiment / travaux publics / second œuvre;;Nouvelle-Aquitaine;1340000;;10-50 (filtre);;;;;filtre CA 1-5 M€ & effectif 10-50
Fusacq;https://www.fusacq.com/vente-entreprise-organisme-de-formation-en-transport-et-securite-aquitaine,92447_fr_;V92447;;Organisme de formation en transport et sécurité;Transport & logistique (commissionnaire, affrètement);;Nouvelle-Aquitaine;1300000;;10-50 (filtre);;;;;filtre CA 1-5 M€ & effectif 10-50
Fusacq;https://www.fusacq.com/vente-entreprise-esn-parisienne-en-regie-it-pure-paris,91222_fr_;V91222;18/09/2026;ESN parisienne en régie IT pure;Services informatiques / ESN / éditeur de logiciel;;Île-de-France;1300000;;10-50 (filtre);;;;;filtre CA 1-5 M€ & effectif 10-50
Fusacq;https://www.fusacq.com/vente-entreprise-garage-reparation-electrique-pour-poids-lourds-ille-et-vilaine,90972_fr_;V90972;;Garage : réparation électrique pour poids lourds;Automobile / 2 roues / nautisme;;Bretagne;1300000;;10-50 (filtre);;;;;filtre CA 1-5 M€ & effectif 10-50
Fusacq;https://www.fusacq.com/vente-entreprise-usinage-numerique-rhone-alpes,90959_fr_;V90959;04/09/2026;Usinage numérique;Services informatiques / ESN / éditeur de logiciel;;Auvergne-Rhône-Alpes;1300000;;10-50 (filtre);;;;;filtre CA 1-5 M€ & effectif 10-50
Fusacq;https://www.fusacq.com/vente-entreprise-fabrication-de-rangement-et-amenagement-d-interieurs-ile-de-france,89919_fr_;V89919;20/07/2026;Fabrication de rangement et aménagement d'intérieurs;Industrie / production / fabrication;;Île-de-France;1300000;;10-50 (filtre);;;;;filtre CA 1-5 M€ & effectif 10-50
Fusacq;https://www.fusacq.com/vente-entreprise-transport-routier-de-marchandises-et-prestations-logistiques-associees-isere,89507_fr_;V89507;26/08/2026;Transport routier de marchandises et prestations logistiques associées;Transport & logistique (commissionnaire, affrètement);;Auvergne-Rhône-Alpes;1300000;;10-50 (filtre);;;;;filtre CA 1-5 M€ & effectif 10-50
Fusacq;https://www.fusacq.com/vente-entreprise-fabrication-de-menuiserie-exterieure-en-aluminium-morbihan,88860_fr_;V88860;28/08/2026;Fabrication de menuiserie extérieure en aluminium;Bâtiment / travaux publics / second œuvre;;Bretagne;1300000;;10-50 (filtre);;;;;filtre CA 1-5 M€ & effectif 10-50
Fusacq;https://www.fusacq.com/vente-entreprise-fabrication-de-moules-et-d-outillages-pour-la-plasturgie-jura,88832_fr_;V88832;14/09/2026;Fabrication de moules et d'outillages pour la plasturgie;Industrie / production / fabrication;;Bourgogne-Franche-Comté;1300000;;10-50 (filtre);;;;;filtre CA 1-5 M€ & effectif 10-50
Fusacq;https://www.fusacq.com/vente-entreprise-metallerie-ferronnerie-et-chaudronnerie-gironde,88678_fr_;V88678;26/08/2026;Métallerie, ferronnerie et chaudronnerie;Bâtiment / travaux publics / second œuvre;;Nouvelle-Aquitaine;1300000;;10-50 (filtre);;;;;filtre CA 1-5 M€ & effectif 10-50
Fusacq;https://www.fusacq.com/vente-entreprise-fabrication-de-vitrages-isolants-rhone-alpes,88602_fr_;V88602;02/09/2026;Fabrication de vitrages isolants;Industrie / production / fabrication;;Auvergne-Rhône-Alpes;1300000;;10-50 (filtre);;;;;filtre CA 1-5 M€ & effectif 10-50
Fusacq;https://www.fusacq.com/vente-entreprise-groupe-de-6-micro-creches-doubs,86995_fr_;V86995;29/07/2026;Groupe de 6 micro-crèches;Services à la personne / santé à domicile;;Bourgogne-Franche-Comté;1300000;;10-50 (filtre);;;;;filtre CA 1-5 M€ & effectif 10-50
Fusacq;https://www.fusacq.com/vente-entreprise-marketing-operationnel-specialise-dans-le-secteur-des-nouvelles-technologies-provence-alpes-cote-d-azur,79394_fr_;V79394;20/07/2026;Marketing opérationnel spécialisé dans le secteur des nouvelles technologies;Communication / marketing / édition / imprimerie / PLV;;Provence-Alpes-Côte d'Azur;1300000;;10-50 (filtre);;;;;filtre CA 1-5 M€ & effectif 10-50
Fusacq;https://www.fusacq.com/vente-entreprise-services-et-renovation-d-appartements-savoie,81706_fr_;V81706;26/08/2026;Services et rénovation d'appartements;Bâtiment / travaux publics / second œuvre;;Auvergne-Rhône-Alpes;1225000;;10-50 (filtre);;;;;filtre CA 1-5 M€ & effectif 10-50
Fusacq;https://www.fusacq.com/vente-entreprise-espaces-verts-et-maintenance-photovoltaique-deux-structures-aquitaine,92626_fr_;V92626;;Espaces verts et maintenance photovoltaïque - Deux structures;Bâtiment / travaux publics / second œuvre;;Nouvelle-Aquitaine;1200000;;10-50 (filtre);;;;;filtre CA 1-5 M€ & effectif 10-50
Fusacq;https://www.fusacq.com/vente-entreprise-bureau-d-etudes-mecaniques-et-mecatroniques-ille-et-vilaine,92616_fr_;V92616;;Bureau d'études mécaniques et mécatroniques;Bureau d'études / ingénierie / diagnostics;;Bretagne;1200000;;10-50 (filtre);;;;;filtre CA 1-5 M€ & effectif 10-50
Fusacq;https://www.fusacq.com/vente-entreprise-plomberie-chauffage-et-electricite-finistere,92569_fr_;V92569;;Plomberie, chauffage et électricité;Bâtiment / travaux publics / second œuvre;;Bretagne;1200000;;10-50 (filtre);;;;;filtre CA 1-5 M€ & effectif 10-50
Fusacq;https://www.fusacq.com/vente-entreprise-elaboration-de-plats-cuisines-premium-b2b-puy-de-dome,92366_fr_;V92366;;Élaboration de plats cuisinés premium B2B;Autres / non classé;;Auvergne-Rhône-Alpes;1200000;;10-50 (filtre);;;;;filtre CA 1-5 M€ & effectif 10-50
Fusacq;https://www.fusacq.com/vente-entreprise-aide-a-la-personne-saad-gironde,92226_fr_;V92226;;Aide à la personne (SAAD);Autres / non classé;;Nouvelle-Aquitaine;1200000;;10-50 (filtre);;;;;filtre CA 1-5 M€ & effectif 10-50
Fusacq;https://www.fusacq.com/vente-entreprise-station-de-sports-d-hiver-et-d-activites-de-montagne-haut-rhin,92216_fr_;V92216;;Station de sports d'hiver et d'activités de montagne;HCR / restauration / tourisme / loisirs;;Grand Est;1200000;;10-50 (filtre);;;;;filtre CA 1-5 M€ & effectif 10-50
Fusacq;https://www.fusacq.com/vente-entreprise-plateforme-commerciale-digitale-pyrenees-orientales,92215_fr_;V92215;;Plateforme commerciale digitale;Services informatiques / ESN / éditeur de logiciel;;Occitanie;1200000;;10-50 (filtre);;;;;filtre CA 1-5 M€ & effectif 10-50
Fusacq;https://www.fusacq.com/vente-entreprise-entreprise-generale-du-batiment-moselle,92082_fr_;V92082;;Entreprise générale du bâtiment;Bâtiment / travaux publics / second œuvre;;Grand Est;1200000;;10-50 (filtre);;;;;filtre CA 1-5 M€ & effectif 10-50
Fusacq;https://www.fusacq.com/vente-entreprise-ia-agentique-b2b-employes-ia-proprietaires-souverains-rhone,91750_fr_;V91750;07/09/2026;IA agentique B2B – Employés IA propriétaires & souverains;Autres / non classé;;Auvergne-Rhône-Alpes;1200000;;10-50 (filtre);;;;;filtre CA 1-5 M€ & effectif 10-50
Fusacq;https://www.fusacq.com/vente-entreprise-peinture-decoration-et-amenagements-sols-et-murs-seine-maritime,91468_fr_;V91468;;Peinture, décoration et aménagements sols et murs;Bâtiment / travaux publics / second œuvre;;Normandie;1200000;;10-50 (filtre);;;;;filtre CA 1-5 M€ & effectif 10-50
Fusacq;https://www.fusacq.com/vente-entreprise-menuiseries-bois-pvc-alu-negoce-pose-rhone-alpes,91282_fr_;V91282;;Menuiseries bois, PVC, alu : négoce & pose;Négoce / distribution B2B;;Auvergne-Rhône-Alpes;1200000;;10-50 (filtre);;;;;filtre CA 1-5 M€ & effectif 10-50
Fusacq;https://www.fusacq.com/vente-entreprise-cabinet-de-consulting-centre-de-formation-gironde,91165_fr_;V91165;;Cabinet de consulting / centre de formation;Formation professionnelle / organisme de formation;;Nouvelle-Aquitaine;1200000;;10-50 (filtre);;;;;filtre CA 1-5 M€ & effectif 10-50
Fusacq;https://www.fusacq.com/vente-entreprise-mecanique-de-precision-languedoc-roussillon,90746_fr_;V90746;28/08/2026;Mécanique de précision;Industrie / production / fabrication;;Occitanie;1200000;;10-50 (filtre);;;;;filtre CA 1-5 M€ & effectif 10-50
Fusacq;https://www.fusacq.com/vente-entreprise-agence-de-maintien-a-domicile-isere,90431_fr_;V90431;20/08/2026;Agence de maintien à domicile;Services à la personne / santé à domicile;;Auvergne-Rhône-Alpes;1200000;;10-50 (filtre);;;;;filtre CA 1-5 M€ & effectif 10-50
Fusacq;https://www.fusacq.com/vente-entreprise-rehabilitation-de-canalisations-par-chemisage-provence-alpes-cote-d-azur,89902_fr_;V89902;11/09/2026;Réhabilitation de canalisations par chemisage;Autres / non classé;;Provence-Alpes-Côte d'Azur;1200000;;10-50 (filtre);;;;;filtre CA 1-5 M€ & effectif 10-50
Fusacq;https://www.fusacq.com/vente-entreprise-complexe-de-loisirs-indoor-multi-activites-seine-et-marne,89700_fr_;V89700;07/07/2026;Complexe de loisirs indoor multi-activités;HCR / restauration / tourisme / loisirs;;Île-de-France;1200000;;10-50 (filtre);;;;;filtre CA 1-5 M€ & effectif 10-50
Fusacq;https://www.fusacq.com/vente-entreprise-camping-3-pays-de-la-loire,88812_fr_;V88812;14/09/2026;Camping 3*;HCR / restauration / tourisme / loisirs;;;1200000;;10-50 (filtre);;;;;filtre CA 1-5 M€ & effectif 10-50
Fusacq;https://www.fusacq.com/vente-entreprise-fabrication-bois-charpente-ossature-et-amenagement-interieur-en-bois-rhone-alpes,87332_fr_;V87332;24/08/2026;Fabrication bois - charpente, ossature et aménagement intérieur en bois;Bâtiment / travaux publics / second œuvre;;Auvergne-Rhône-Alpes;1200000;;10-50 (filtre);;;;;filtre CA 1-5 M€ & effectif 10-50
Fusacq;https://www.fusacq.com/vente-entreprise-maconnerie-et-gros-oeuvre-indre-et-loire,84245_fr_;V84245;21/07/2026;Maçonnerie et gros œuvre;Bâtiment / travaux publics / second œuvre;;Centre-Val de Loire;1200000;;10-50 (filtre);;;;;filtre CA 1-5 M€ & effectif 10-50
Fusacq;https://www.fusacq.com/vente-entreprise-fabricant-de-kit-de-maison-en-bois-massif-de-qualite-laurentides,82977_fr_;V82977;31/07/2026;Fabricant de kit de maison en bois massif de qualité;Industrie / production / fabrication;;;1200000;;10-50 (filtre);;;;;filtre CA 1-5 M€ & effectif 10-50
Fusacq;https://www.fusacq.com/vente-entreprise-cabinet-d-architectes-hainaut,81623_fr_;V81623;22/07/2026;Cabinet d'architectes;Conseil / expertise / services administratifs aux entreprises (BPO);;;1200000;;10-50 (filtre);;;;;filtre CA 1-5 M€ & effectif 10-50
Fusacq;https://www.fusacq.com/vente-entreprise-hotel-restaurant-avec-salle-de-seminaire-vendee,77290_fr_;V77290;27/08/2026;Hôtel-restaurant avec salle de séminaire;HCR / restauration / tourisme / loisirs;;;1200000;;10-50 (filtre);;;;;filtre CA 1-5 M€ & effectif 10-50
Fusacq;https://www.fusacq.com/vente-entreprise-usinage-fraisage-et-tournage-aisne,72777_fr_;V72777;03/08/2026;Usinage, fraisage et tournage;Industrie / production / fabrication;;Hauts-de-France;1200000;;10-50 (filtre);;;;;filtre CA 1-5 M€ & effectif 10-50
Fusacq;https://www.fusacq.com/vente-entreprise-recherche-fabrication-et-commercialisation-de-solutions-d-energies-vertes-loir-et-cher,73042_fr_;V73042;11/08/2026;Recherche, fabrication et commercialisation de solutions d'énergies vertes;Industrie / production / fabrication;;Centre-Val de Loire;1150000;;10-50 (filtre);;;;;filtre CA 1-5 M€ & effectif 10-50
Fusacq;https://www.fusacq.com/vente-entreprise-formation-professionnelle-seine-maritime,81338_fr_;V81338;14/09/2026;Formation professionnelle;Formation professionnelle / organisme de formation;;Normandie;1145000;;10-50 (filtre);;;;;filtre CA 1-5 M€ & effectif 10-50
Fusacq;https://www.fusacq.com/vente-entreprise-editeur-de-progiciels-de-gestion-et-esn-saone-et-loire,83982_fr_;V83982;27/08/2026;Éditeur de progiciels de gestion et ESN;Services informatiques / ESN / éditeur de logiciel;;Bourgogne-Franche-Comté;1135000;;10-50 (filtre);;;;;filtre CA 1-5 M€ & effectif 10-50
Fusacq;https://www.fusacq.com/vente-entreprise-ambulances-et-vehicules-sanitaires-legers-seine-maritime,92649_fr_;V92649;;Ambulances et véhicules sanitaires légers;Automobile / 2 roues / nautisme;;Normandie;1100000;;10-50 (filtre);;;;;filtre CA 1-5 M€ & effectif 10-50
Fusacq;https://www.fusacq.com/vente-entreprise-specialiste-des-menuiseries-cintrees-pour-les-professionnels-mayenne,92647_fr_;V92647;;Spécialiste des menuiseries cintrées pour les professionnels;Bâtiment / travaux publics / second œuvre;;;1100000;;10-50 (filtre);;;;;filtre CA 1-5 M€ & effectif 10-50
Fusacq;https://www.fusacq.com/vente-entreprise-conception-et-commercialisation-d-alternatives-vegetales-aux-produits-de-la-mer-gironde,92489_fr_;V92489;;Conception et commercialisation d'alternatives végétales aux produits de la mer;Autres / non classé;;Nouvelle-Aquitaine;1100000;;10-50 (filtre);;;;;filtre CA 1-5 M€ & effectif 10-50
Fusacq;https://www.fusacq.com/vente-entreprise-transport-routier-de-marchandises-loiret,92158_fr_;V92158;;Transport routier de marchandises;Transport & logistique (commissionnaire, affrètement);;Centre-Val de Loire;1100000;;10-50 (filtre);;;;;filtre CA 1-5 M€ & effectif 10-50
Fusacq;https://www.fusacq.com/vente-entreprise-conseil-rh-et-plateforme-saas-ile-de-france,92019_fr_;V92019;;Conseil RH et plateforme SaaS;Services informatiques / ESN / éditeur de logiciel;;Île-de-France;1100000;;10-50 (filtre);;;;;filtre CA 1-5 M€ & effectif 10-50
Fusacq;https://www.fusacq.com/vente-entreprise-travaux-de-maconnerie-cantal,91828_fr_;V91828;28/07/2026;Travaux de maçonnerie;Bâtiment / travaux publics / second œuvre;;Auvergne-Rhône-Alpes;1100000;;10-50 (filtre);;;;;filtre CA 1-5 M€ & effectif 10-50
Fusacq;https://www.fusacq.com/vente-entreprise-activites-de-charcuterie-traditionnelle-et-de-traiteur-evenementiel-auvergne,91699_fr_;V91699;;Activités de charcuterie traditionnelle et de traiteur événementiel;Communication / marketing / édition / imprimerie / PLV;;Auvergne-Rhône-Alpes;1100000;;10-50 (filtre);;;;;filtre CA 1-5 M€ & effectif 10-50
Fusacq;https://www.fusacq.com/vente-entreprise-centre-automobile-pneumatique-et-entretien-gironde,91465_fr_;V91465;;Centre automobile : pneumatique et entretien;Automobile / 2 roues / nautisme;;Nouvelle-Aquitaine;1100000;;10-50 (filtre);;;;;filtre CA 1-5 M€ & effectif 10-50
Fusacq;https://www.fusacq.com/vente-entreprise-specialiste-du-nettoyage-en-support-de-chantiers-de-renovation-seine-et-marne,91382_fr_;V91382;;Spécialiste du nettoyage en support de chantiers de rénovation;Propreté / nettoyage / multiservices;;Île-de-France;1100000;;10-50 (filtre);;;;;filtre CA 1-5 M€ & effectif 10-50
Fusacq;https://www.fusacq.com/vente-entreprise-impression-graphique-serigraphie-graphic-printing-screen-printing-company-bas-rhin,91319_fr_;V91319;17/07/2026;Impression graphique & sérigraphie / Graphic printing & screen-printing company;Autres / non classé;;Grand Est;1100000;;10-50 (filtre);;;;;filtre CA 1-5 M€ & effectif 10-50
Fusacq;https://www.fusacq.com/vente-entreprise-serrurerie-metallerie-gard,90531_fr_;V90531;14/08/2026;Serrurerie - Métallerie;Bâtiment / travaux publics / second œuvre;;Occitanie;1100000;;10-50 (filtre);;;;;filtre CA 1-5 M€ & effectif 10-50
Fusacq;https://www.fusacq.com/vente-entreprise-ambulances-vsl-et-taxis-indre-et-loire,90290_fr_;V90290;29/07/2026;Ambulances, VSL et taxis;Autres / non classé;;Centre-Val de Loire;1100000;;10-50 (filtre);;;;;filtre CA 1-5 M€ & effectif 10-50
Fusacq;https://www.fusacq.com/vente-entreprise-centre-dentaire-bouches-du-rhone,89893_fr_;V89893;06/07/2026;Centre dentaire;Santé / pharmacie / laboratoire / cabinet médical;;Provence-Alpes-Côte d'Azur;1100000;;10-50 (filtre);;;;;filtre CA 1-5 M€ & effectif 10-50
Fusacq;https://www.fusacq.com/vente-entreprise-secretariat-telephonique-pour-les-professions-medicales-haute-garonne,89615_fr_;V89615;06/07/2026;Secrétariat téléphonique pour les professions médicales;Conseil / expertise / services administratifs aux entreprises (BPO);;Occitanie;1100000;;10-50 (filtre);;;;;filtre CA 1-5 M€ & effectif 10-50
Fusacq;https://www.fusacq.com/vente-entreprise-platrerie-et-peinture-loire,89003_fr_;V89003;27/07/2026;Plâtrerie et peinture;Bâtiment / travaux publics / second œuvre;;Auvergne-Rhône-Alpes;1100000;;10-50 (filtre);;;;;filtre CA 1-5 M€ & effectif 10-50
Fusacq;https://www.fusacq.com/vente-entreprise-camping-4-verdoyant-d-environ-200-emplacements-provence-alpes-cote-d-azur,88835_fr_;V88835;16/09/2026;Camping 4* verdoyant d'environ 200 emplacements;HCR / restauration / tourisme / loisirs;;Provence-Alpes-Côte d'Azur;1100000;;10-50 (filtre);;;;;filtre CA 1-5 M€ & effectif 10-50
Fusacq;https://www.fusacq.com/vente-entreprise-activites-de-loisirs-bar-et-jeux-vienne,87626_fr_;V87626;08/09/2026;Activités de loisirs, bar et jeux;HCR / restauration / tourisme / loisirs;;Nouvelle-Aquitaine;1100000;;10-50 (filtre);;;;;filtre CA 1-5 M€ & effectif 10-50
Fusacq;https://www.fusacq.com/vente-entreprise-fabrication-boulangere-viennoiserie-et-snacking-btob-isere,87491_fr_;V87491;17/08/2026;Fabrication boulangère, viennoiserie et snacking BtoB;HCR / restauration / tourisme / loisirs;;Auvergne-Rhône-Alpes;1100000;;10-50 (filtre);;;;;filtre CA 1-5 M€ & effectif 10-50
Fusacq;https://www.fusacq.com/vente-entreprise-travaux-publics-et-terrassement-sarthe,85429_fr_;V85429;07/09/2026;Travaux publics et terrassement;Bâtiment / travaux publics / second œuvre;;;1100000;;10-50 (filtre);;;;;filtre CA 1-5 M€ & effectif 10-50
Fusacq;https://www.fusacq.com/vente-entreprise-mecanique-generale-et-usinage-a-facon-poitou-charentes,74277_fr_;V74277;27/08/2026;Mécanique générale et usinage à façon;Industrie / production / fabrication;;Nouvelle-Aquitaine;1100000;;10-50 (filtre);;;;;filtre CA 1-5 M€ & effectif 10-50
Fusacq;https://www.fusacq.com/vente-entreprise-hotel-restaurant-spa-4-etoiles-bouches-du-rhone,91939_fr_;V91939;;Hôtel restaurant SPA 4 étoiles;HCR / restauration / tourisme / loisirs;;Provence-Alpes-Côte d'Azur;1050000;;10-50 (filtre);;;;;filtre CA 1-5 M€ & effectif 10-50
Fusacq;https://www.fusacq.com/vente-entreprise-maconnerie-et-carrelage-pyrenees-atlantiques,87595_fr_;V87595;24/08/2026;Maçonnerie et carrelage;Bâtiment / travaux publics / second œuvre;;Nouvelle-Aquitaine;1050000;;10-50 (filtre);;;;;filtre CA 1-5 M€ & effectif 10-50
Fusacq;https://www.fusacq.com/vente-entreprise-groupe-agroalimentaire-boulangerie-patisserie-artisanale-et-chocolaterie-neuchatel,90312_fr_;V90312;24/07/2026;Groupe agroalimentaire - boulangerie-pâtisserie artisanale et chocolaterie;HCR / restauration / tourisme / loisirs;;;1040000;;10-50 (filtre);;;;;filtre CA 1-5 M€ & effectif 10-50
Fusacq;https://www.fusacq.com/vente-entreprise-camping-de-150-emplacements-liege,92292_fr_;V92292;;Camping de 150 emplacements;HCR / restauration / tourisme / loisirs;;;1000000;;10-50 (filtre);;;;;filtre CA 1-5 M€ & effectif 10-50
Fusacq;https://www.fusacq.com/vente-entreprise-cabinet-de-conseil-en-recrutement-bilans-professionnels-et-organisation-yvelines,92261_fr_;V92261;;Cabinet de conseil en recrutement, bilans professionnels et organisation;Recrutement / intérim / RH / paie;;Île-de-France;1000000;;10-50 (filtre);;;;;filtre CA 1-5 M€ & effectif 10-50
Fusacq;https://www.fusacq.com/vente-entreprise-residence-services-pour-seniors-non-medicalisee-yonne,92228_fr_;V92228;;Résidence services pour seniors - non médicalisée;Santé / pharmacie / laboratoire / cabinet médical;;Bourgogne-Franche-Comté;1000000;;10-50 (filtre);;;;;filtre CA 1-5 M€ & effectif 10-50
Fusacq;https://www.fusacq.com/vente-entreprise-cabinet-de-daf-a-temps-partage-paris,92207_fr_;V92207;;Cabinet de DAF à temps partagé;Conseil / expertise / services administratifs aux entreprises (BPO);;Île-de-France;1000000;;10-50 (filtre);;;;;filtre CA 1-5 M€ & effectif 10-50
Fusacq;https://www.fusacq.com/vente-entreprise-transport-sanitaire-ambulance-vsl-taxi-eure-et-loir,92181_fr_;V92181;;Transport sanitaire - Ambulance / VSL / taxi;Transport & logistique (commissionnaire, affrètement);;Centre-Val de Loire;1000000;;10-50 (filtre);;;;;filtre CA 1-5 M€ & effectif 10-50
Fusacq;https://www.fusacq.com/vente-entreprise-transport-sanitaire-conventionne-gironde,92162_fr_;V92162;;Transport sanitaire conventionné;Transport & logistique (commissionnaire, affrètement);;Nouvelle-Aquitaine;1000000;;10-50 (filtre);;;;;filtre CA 1-5 M€ & effectif 10-50
Fusacq;https://www.fusacq.com/vente-entreprise-agencement-d-exception-hotellerie-residentiel-vosges,92065_fr_;V92065;14/09/2026;Agencement d’exception – Hôtellerie & Résidentiel;HCR / restauration / tourisme / loisirs;;Grand Est;1000000;;10-50 (filtre);;;;;filtre CA 1-5 M€ & effectif 10-50
Fusacq;https://www.fusacq.com/vente-entreprise-fabrication-et-commercialisation-de-saumon-fume-gironde,91974_fr_;V91974;09/09/2026;Fabrication et commercialisation de saumon fumé;Industrie / production / fabrication;;Nouvelle-Aquitaine;1000000;;10-50 (filtre);;;;;filtre CA 1-5 M€ & effectif 10-50
Fusacq;https://www.fusacq.com/vente-entreprise-nettoyage-des-sols-et-certaines-surfaces-vitrees-alpes-maritimes,91941_fr_;V91941;;Nettoyage des sols et certaines surfaces vitrées;Propreté / nettoyage / multiservices;;Provence-Alpes-Côte d'Azur;1000000;;10-50 (filtre);;;;;filtre CA 1-5 M€ & effectif 10-50
Fusacq;https://www.fusacq.com/vente-entreprise-agent-commercial-exclusif-distribution-d-articles-de-sport-et-de-loisirs-poitou-charentes,91777_fr_;V91777;;Agent commercial exclusif - Distribution d'articles de sport et de loisirs;Négoce / distribution B2B;;Nouvelle-Aquitaine;1000000;;10-50 (filtre);;;;;filtre CA 1-5 M€ & effectif 10-50
Fusacq;https://www.fusacq.com/vente-entreprise-menuiserie-d-agencement-interieur-haut-de-gamme-lorraine,89805_fr_;V89805;17/08/2026;Menuiserie d'agencement intérieur haut de gamme;Bâtiment / travaux publics / second œuvre;;Grand Est;1000000;;10-50 (filtre);;;;;filtre CA 1-5 M€ & effectif 10-50
Fusacq;https://www.fusacq.com/vente-entreprise-menuiserie-alu-cintree-structures-metalliques-serrurerie-et-ferronnerie-confidentiel,89744_fr_;V89744;06/07/2026;Menuiserie alu / cintrée, structures métalliques, serrurerie et ferronnerie;Bâtiment / travaux publics / second œuvre;;;1000000;;10-50 (filtre);;;;;filtre CA 1-5 M€ & effectif 10-50
Fusacq;https://www.fusacq.com/vente-entreprise-services-a-la-personne-et-aux-entreprises-loire-atlantique,88409_fr_;V88409;23/07/2026;Services à la personne et aux entreprises;Services à la personne / santé à domicile;;;1000000;;10-50 (filtre);;;;;filtre CA 1-5 M€ & effectif 10-50
Fusacq;https://www.fusacq.com/vente-entreprise-content-factory-specialisee-sur-youtube-france,87492_fr_;V87492;07/09/2026;Content Factory spécialisée sur Youtube;Autres / non classé;;;1000000;;10-50 (filtre);;;;;filtre CA 1-5 M€ & effectif 10-50
Fusacq;https://www.fusacq.com/vente-entreprise-acteur-digital-leader-dans-l-hospitality-sud-est,84588_fr_;V84588;03/08/2026;Acteur digital leader dans l'hospitality;Services informatiques / ESN / éditeur de logiciel;;;1000000;;10-50 (filtre);;;;;filtre CA 1-5 M€ & effectif 10-50
Fusacq;https://www.fusacq.com/vente-entreprise-peinture-et-ravalement-de-batiments-ille-et-vilaine,81101_fr_;V81101;29/07/2026;Peinture et ravalement de bâtiments;Bâtiment / travaux publics / second œuvre;;Bretagne;1000000;;10-50 (filtre);;;;;filtre CA 1-5 M€ & effectif 10-50
Bpifrance;https://reprise-entreprise.bpifrance.fr/tracking/annonce/click/652078/site/0;652078;Mise à jour il y a 1 jour;Bar - Brasserie - Tabac VANNES;HCR / restauration / tourisme / loisirs;;;1200000;;12;730000;;;;"cat.: Restauration et Tourisme; via Cession PME"
Bpifrance;https://reprise-entreprise.bpifrance.fr/tracking/annonce/click/634385/site/0;634385;Mise à jour il y a 1 jour;Bar, Brasserie 100 couverts à Beauvais ;HCR / restauration / tourisme / loisirs;;;1000000;;11;539000;;;;"cat.: Restauration et Tourisme; via Place des Commerces"
Bpifrance;https://reprise-entreprise.bpifrance.fr/tracking/annonce/click/634384/site/0;634384;Mise à jour il y a 1 jour;Restaurant 200 couverts avec terrasse à Évreux ;HCR / restauration / tourisme / loisirs;;;1150000;;13;220000;;;;"cat.: Restauration et Tourisme; via Place des Commerces"
Bpifrance;https://reprise-entreprise.bpifrance.fr/tracking/annonce/click/633716/site/0;633716;Mise à jour il y a 1 jour;Agencement intérieur, peinture et décoration dans les Côtes d'Armor (22);Bâtiment / travaux publics / second œuvre;;;1411000;185000;10;486000;;;;"cat.: Commerce; via Cession PME; Place des Commerces; Les annonces du commerce"
Bpifrance;https://reprise-entreprise.bpifrance.fr/tracking/annonce/click/592151/site/0;592151;Mise à jour il y a 1 jour;Divers Commerces cagnes sur mer;Autres / non classé;;Provence-Alpes-Côte d'Azur;1381000;220000;16;660000;;;;"cat.: Commerce; via Cession PME"
Bpifrance;https://reprise-entreprise.bpifrance.fr/tracking/annonce/click/559719/site/0;559719;Mise à jour il y a 1 jour;Restaurant antibes;HCR / restauration / tourisme / loisirs;;Provence-Alpes-Côte d'Azur;1230000;258000;12;996400;;;;"cat.: Restauration et Tourisme; via Cession PME"
Bpifrance;https://reprise-entreprise.bpifrance.fr/tracking/annonce/click/649072/site/0;649072;Mise à jour il y a 1 jour;Boulangerie, Pâtisserie de 450 m2 à Audruicq sur un axe passant ;HCR / restauration / tourisme / loisirs;;;1035000;186000000;12;795000;;;;"cat.: Commerce; via Place des Commerces"
Bpifrance;https://reprise-entreprise.bpifrance.fr/tracking/annonce/click/633739/site/0;633739;Mise à jour il y a 1 jour;Boulangerie, Pâtisserie, Chocolatier, Traiteur;HCR / restauration / tourisme / loisirs;;;1516000;214000;21;653000;;;;"cat.: Commerce; via Cession PME; Les annonces du commerce; Place des Commerces"
Bpifrance;https://reprise-entreprise.bpifrance.fr/tracking/annonce/click/642530/site/0;642530;Mise à jour il y a 1 jour;Restaurant Vienne;HCR / restauration / tourisme / loisirs;;;2412000;;13;1200000;;;;"cat.: Restauration et Tourisme; via Cession PME"
Bpifrance;https://reprise-entreprise.bpifrance.fr/tracking/annonce/click/636554/site/0;636554;Mise à jour il y a 1 jour;Bar - Brasserie - Tabac Nièvre;HCR / restauration / tourisme / loisirs;;;1039000;224000;12;570000;;;;"cat.: Restauration et Tourisme; via Cession PME"
Bpifrance;https://reprise-entreprise.bpifrance.fr/tracking/annonce/click/557501/site/0;557501;Mise à jour il y a 1 jour;Bar - Brasserie - Tabac LYON;HCR / restauration / tourisme / loisirs;;;1250000;;10;690000;;;;"cat.: Restauration et Tourisme; via Cession PME"
Bpifrance;https://reprise-entreprise.bpifrance.fr/tracking/annonce/click/587845/site/0;587845;Mise à jour il y a 1 jour;Restaurant antibes;HCR / restauration / tourisme / loisirs;;Provence-Alpes-Côte d'Azur;1055000;91000;10;856000;;;;"cat.: Restauration et Tourisme; via Cession PME"
Bpifrance;https://reprise-entreprise.bpifrance.fr/tracking/annonce/click/553914/site/0;553914;Mise à jour il y a 1 jour;Restaurant les pennes mirabeau;HCR / restauration / tourisme / loisirs;;Provence-Alpes-Côte d'Azur;1785000;450000;13;1166000;;;;"cat.: Restauration et Tourisme; via Cession PME"
Bpifrance;https://reprise-entreprise.bpifrance.fr/tracking/annonce/click/537111/site/0;537111;Mise à jour il y a 1 jour;Restaurant st laurent du var;HCR / restauration / tourisme / loisirs;;Provence-Alpes-Côte d'Azur;1116000;190000;12;800000;;;;"cat.: Restauration et Tourisme; via Cession PME"
Bpifrance;https://reprise-entreprise.bpifrance.fr/tracking/annonce/click/589567/site/0;589567;Mise à jour il y a 1 jour;Restaurant cannes;HCR / restauration / tourisme / loisirs;;Provence-Alpes-Côte d'Azur;1237000;40000;10;1431000;;;;"cat.: Restauration et Tourisme; via Cession PME"
Bpifrance;https://reprise-entreprise.bpifrance.fr/tracking/annonce/click/536883/site/0;536883;Mise à jour il y a 1 jour;Restaurant les pennes mirabeau;HCR / restauration / tourisme / loisirs;;Provence-Alpes-Côte d'Azur;1395000;108000;19;909500;;;;"cat.: Restauration et Tourisme; via Cession PME"
Bpifrance;https://reprise-entreprise.bpifrance.fr/tracking/annonce/click/617547/site/0;617547;Mise à jour il y a 1 jour;Bar - Brasserie - Tabac Paris;HCR / restauration / tourisme / loisirs;;Île-de-France;1480000;;10;1620000;;;;"cat.: Restauration et Tourisme; via Cession PME"
Bpifrance;https://reprise-entreprise.bpifrance.fr/tracking/annonce/click/595109/site/0;595109;Mise à jour il y a 3 jours;Bar - Brasserie - Tabac Paris;HCR / restauration / tourisme / loisirs;;Île-de-France;2100000;;12;3752000;;;;"cat.: Restauration et Tourisme; via Cession PME"
Bpifrance;https://reprise-entreprise.bpifrance.fr/tracking/annonce/click/450949/site/0;450949;Mise à jour il y a 3 jours;Affaire direction Boulangerie côte landaise;HCR / restauration / tourisme / loisirs;;;1120000;124000000;16;330000;;;;"cat.: Commerce; via Place des Commerces; Cession PME; Les annonces du commerce"
Bpifrance;https://reprise-entreprise.bpifrance.fr/tracking/annonce/click/550622/site/0;550622;Mise à jour il y a 3 jours;Bar - Brasserie - Tabac Paris;HCR / restauration / tourisme / loisirs;;Île-de-France;1750000;;14;3816000;;;;"cat.: Restauration et Tourisme; via Cession PME"
Bpifrance;https://reprise-entreprise.bpifrance.fr/tracking/annonce/click/626129/site/0;626129;Mise à jour il y a 3 jours;Restaurant Cher;HCR / restauration / tourisme / loisirs;;;2014000;359000;17;1190000;;;;"cat.: Restauration et Tourisme; via Cession PME"
Bpifrance;https://reprise-entreprise.bpifrance.fr/tracking/annonce/click/652713/site/0;652713;Mise à jour il y a 4 jours;Fonds de commerce Traiteur;HCR / restauration / tourisme / loisirs;;Auvergne-Rhône-Alpes;1100000;;14;600000;;;;"cat.: Commerce; via Cession PME"
Bpifrance;https://reprise-entreprise.bpifrance.fr/tracking/annonce/click/621517/site/0;621517;Mise à jour il y a 4 jours;Restaurant Var;HCR / restauration / tourisme / loisirs;;Provence-Alpes-Côte d'Azur;1739000;225000;15;710000;;;;"cat.: Restauration et Tourisme; via Cession PME"
Bpifrance;https://reprise-entreprise.bpifrance.fr/tracking/annonce/click/482982/site/0;482982;Mise à jour il y a 4 jours;Club - discothèque AMIENS;HCR / restauration / tourisme / loisirs;;;1300000;;30;1470000;;;;"cat.: Services; via Cession PME"
Bpifrance;https://reprise-entreprise.bpifrance.fr/tracking/annonce/click/474265/site/0;474265;Mise à jour il y a 4 jours;Hôtel - Hôtel restaurant AMIENS Périphérie;HCR / restauration / tourisme / loisirs;;;1200000;120000;14;594000;;;;"cat.: Restauration et Tourisme; via Cession PME"
Bpifrance;https://reprise-entreprise.bpifrance.fr/tracking/annonce/click/552986/site/0;552986;Mise à jour il y a 4 jours;Restaurant SOMME;HCR / restauration / tourisme / loisirs;;;2000000;;24;756000;;;;"cat.: Commerce; via Cession PME"
Bpifrance;https://reprise-entreprise.bpifrance.fr/tracking/annonce/click/646454/site/0;646454;Mise à jour il y a 4 jours;Restaurant Sarthe;HCR / restauration / tourisme / loisirs;;;1400000;190000;15;1400000;;;;"cat.: Restauration et Tourisme; via Cession PME"
Bpifrance;https://reprise-entreprise.bpifrance.fr/tracking/annonce/click/652718/site/0;652718;Mise à jour il y a 4 jours;Restaurant SENLIS;HCR / restauration / tourisme / loisirs;;;1754000;350000;14;1378000;;;;"cat.: Restauration et Tourisme; via Cession PME"
Bpifrance;https://reprise-entreprise.bpifrance.fr/tracking/annonce/click/637772/site/0;637772;Mise à jour il y a 4 jours;Bar - Brasserie - Tabac RUMIGNY;HCR / restauration / tourisme / loisirs;;;1199000;220000;11;1166000;;;;"cat.: Restauration et Tourisme; via Cession PME"
Bpifrance;https://reprise-entreprise.bpifrance.fr/tracking/annonce/click/634058/site/0;634058;Mise à jour il y a 5 jours;Restaurant EVREUX;HCR / restauration / tourisme / loisirs;;;1150000;;13;220000;;;;"cat.: Restauration et Tourisme; via Cession PME"
Bpifrance;https://reprise-entreprise.bpifrance.fr/tracking/annonce/click/636281/site/0;636281;Mise à jour il y a 5 jours;Hôtel 3*** , Restaurant & SPA avec les murs à céder 100% des titres dans une zone touristique des Pyrénées Orientales (66);HCR / restauration / tourisme / loisirs;;;1110000;334000;10;2665000;;;;"cat.: Restauration et Tourisme; via Cession PME; Place des Commerces"
Bpifrance;https://reprise-entreprise.bpifrance.fr/tracking/annonce/click/587134/site/0;587134;Mise à jour il y a 5 jours;Entreprise Transport - Logistique Pyrénées Orientales;Transport & logistique (commissionnaire, affrètement);;;1815000;175000;13;715000;;;;"cat.: Services; via Cession PME"
Bpifrance;https://reprise-entreprise.bpifrance.fr/tracking/annonce/click/589820/site/0;589820;Mise à jour il y a 5 jours;Entreprise Transport - Logistique;Transport & logistique (commissionnaire, affrètement);;Occitanie;2150000;;30;935000;;;;"cat.: Services; via Cession PME"
Bpifrance;https://reprise-entreprise.bpifrance.fr/tracking/annonce/click/520472/site/0;520472;Mise à jour il y a 5 jours;Livraison et transport aux entreprises;Transport & logistique (commissionnaire, affrètement);;Nouvelle-Aquitaine;1450000;;20;700000;;;oui (cf. Fusacq V77996);"cat.: Services; via Cession PME; Fusacq"
Bpifrance;https://reprise-entreprise.bpifrance.fr/tracking/annonce/click/648247/site/0;648247;Mise à jour il y a 5 jours;Boulangerie - Pâtisserie MONTGERON;HCR / restauration / tourisme / loisirs;;Île-de-France;1564000;178000;15;1000000;;;;"cat.: Restauration et Tourisme; via Cession PME"
Bpifrance;https://reprise-entreprise.bpifrance.fr/tracking/annonce/click/660208/site/0;660208;Mise à jour il y a 5 jours;Boulangerie - Pâtisserie Voiron;HCR / restauration / tourisme / loisirs;;;1088000;206000;14;580000;;;;"cat.: Commerce; via Cession PME"
Bpifrance;https://reprise-entreprise.bpifrance.fr/tracking/annonce/click/594405/site/0;594405;Mise à jour il y a 5 jours;Boucherie - Charcuterie Troyes;HCR / restauration / tourisme / loisirs;;;1150000;180000;10;577500;;;;"cat.: Commerce; via Cession PME"
Bpifrance;https://reprise-entreprise.bpifrance.fr/tracking/annonce/click/660297/site/0;660297;Mise à jour il y a 5 jours;Restaurant 30 couverts avec terrasse à Bayonne ;HCR / restauration / tourisme / loisirs;;;1037000;;10;964000;;;;"cat.: Restauration et Tourisme; via Place des Commerces"
Bpifrance;https://reprise-entreprise.bpifrance.fr/tracking/annonce/click/633768/site/0;633768;Mise à jour il y a 7 jours;Restaurant VERSAILLES;HCR / restauration / tourisme / loisirs;;Île-de-France;2700000;;30;550000;;;;"cat.: Restauration et Tourisme; via Cession PME"
Bpifrance;https://reprise-entreprise.bpifrance.fr/tracking/annonce/click/659882/site/0;659882;Mise à jour il y a 1 semaine;Boulangerie - Pâtisserie Alpes Maritimes;HCR / restauration / tourisme / loisirs;;Provence-Alpes-Côte d'Azur;1500000;;12;1530000;;;;"cat.: Commerce; via Cession PME"
Bpifrance;https://reprise-entreprise.bpifrance.fr/tracking/annonce/click/633769/site/0;633769;Mise à jour il y a 1 semaine;Bar - Brasserie - Tabac BEAUVAIS;HCR / restauration / tourisme / loisirs;;;1091000;;11;539000;;;;"cat.: Restauration et Tourisme; via Cession PME"
Bpifrance;https://reprise-entreprise.bpifrance.fr/tracking/annonce/click/656265/site/0;656265;Mise à jour il y a 1 semaine;Entreprise Charpente - Menuiserie Vosges;Bâtiment / travaux publics / second œuvre;;;1050000;;10;210000;;;;"cat.: Production; via Cession PME"
Bpifrance;https://reprise-entreprise.bpifrance.fr/tracking/annonce/click/619177/site/0;619177;Mise à jour il y a 1 semaine;Bar - Brasserie - Tabac QUIMPER;HCR / restauration / tourisme / loisirs;;;1344000;;25;1644000;;;;"cat.: Restauration et Tourisme; via Cession PME"
Bpifrance;https://reprise-entreprise.bpifrance.fr/tracking/annonce/click/613184/site/0;613184;Mise à jour il y a 1 semaine;A CEDER FONDS DE COMMERCE DE RESTAURATION ET BOUTIQUE;HCR / restauration / tourisme / loisirs;;;2619000;166000;13;954000;;;;"cat.: Restauration et Tourisme; via Cession PME; Les annonces du commerce"
Bpifrance;https://reprise-entreprise.bpifrance.fr/tracking/annonce/click/603375/site/0;603375;Mise à jour le 09/09/2026;Restaurant LYON;HCR / restauration / tourisme / loisirs;;;1600000;;18;990000;;;;"cat.: Restauration et Tourisme; via Cession PME"
Bpifrance;https://reprise-entreprise.bpifrance.fr/tracking/annonce/click/607022/site/0;607022;Mise à jour le 09/09/2026;Bar - Brasserie - Tabac Lyon;HCR / restauration / tourisme / loisirs;;;2500000;;20;2150000;;;;"cat.: Restauration et Tourisme; via Cession PME"
Bpifrance;https://reprise-entreprise.bpifrance.fr/tracking/annonce/click/421094/site/0;421094;Mise à jour le 09/09/2026;Boucherie - Charcuterie Seine et Marne;HCR / restauration / tourisme / loisirs;;Île-de-France;2600000;400000;18;1600000;;;;"cat.: Commerce; via Cession PME"
Bpifrance;https://reprise-entreprise.bpifrance.fr/tracking/annonce/click/592349/site/0;592349;Mise à jour le 09/09/2026;Restaurant AIX EN PROVENCE;HCR / restauration / tourisme / loisirs;;Provence-Alpes-Côte d'Azur;1151000;210000;10;764000;;;;"cat.: Restauration et Tourisme; via Cession PME"
Bpifrance;https://reprise-entreprise.bpifrance.fr/tracking/annonce/click/632381/site/0;632381;Mise à jour le 09/09/2026;Vente Hôtel Restaurant Triangle d'or proche Sarlat (24);HCR / restauration / tourisme / loisirs;;;1037000;354000;17;1822000;;;;"cat.: Restauration et Tourisme; via Cession PME; Place des Commerces; Les annonces du commerce"
Bpifrance;https://reprise-entreprise.bpifrance.fr/tracking/annonce/click/496760/site/0;496760;Mise à jour le 09/09/2026;Cession Superbe Brasserie labelisée agglomération de PAU;HCR / restauration / tourisme / loisirs;;;1184000;244000000;11;660000;;;;"cat.: Restauration et Tourisme; via Place des Commerces; Les annonces du commerce; Cession PME"
Bpifrance;https://reprise-entreprise.bpifrance.fr/tracking/annonce/click/547721/site/0;547721;Mise à jour le 08/09/2026;Restaurant BORDEAUX;HCR / restauration / tourisme / loisirs;;;1824000;;14;2310000;;;;"cat.: Restauration et Tourisme; via Cession PME"
Bpifrance;https://reprise-entreprise.bpifrance.fr/tracking/annonce/click/616369/site/0;616369;Mise à jour le 08/09/2026;Restaurant BORDEAUX;HCR / restauration / tourisme / loisirs;;;1013000;;12;1260000;;;;"cat.: Restauration et Tourisme; via Cession PME"
Bpifrance;https://reprise-entreprise.bpifrance.fr/tracking/annonce/click/592421/site/0;592421;Mise à jour le 08/09/2026;Fonds de commerce Garage - Station service Proche Toulouse;Automobile / 2 roues / nautisme;;;4050000;159000;18;718000;;;;"cat.: Commerce; via Cession PME"
Bpifrance;https://reprise-entreprise.bpifrance.fr/tracking/annonce/click/484373/site/0;484373;Mise à jour le 08/09/2026;Restaurant à thème à Valence ;HCR / restauration / tourisme / loisirs;;;1382000;220000;14;0;;;;"cat.: Restauration et Tourisme; via Place des Commerces; Cession PME"
Bpifrance;https://reprise-entreprise.bpifrance.fr/tracking/annonce/click/631805/site/0;631805;Mise à jour le 08/09/2026;Restaurant BORDEAUX;HCR / restauration / tourisme / loisirs;;;1749000;;14;2600000;;;;"cat.: Restauration et Tourisme; via Cession PME"
Bpifrance;https://reprise-entreprise.bpifrance.fr/tracking/annonce/click/646416/site/0;646416;Mise à jour le 08/09/2026;Bar - Brasserie - Tabac BORDEAUX;HCR / restauration / tourisme / loisirs;;;1256000;;11;1100000;;;;"cat.: Restauration et Tourisme; via Cession PME"
Bpifrance;https://reprise-entreprise.bpifrance.fr/tracking/annonce/click/576280/site/0;576280;Mise à jour le 08/09/2026;Restaurant BORDEAUX;HCR / restauration / tourisme / loisirs;;;2831000;;20;428000;;;;"cat.: Restauration et Tourisme; via Cession PME"
Bpifrance;https://reprise-entreprise.bpifrance.fr/tracking/annonce/click/620951/site/0;620951;Mise à jour le 07/09/2026;Restaurant DIJON;HCR / restauration / tourisme / loisirs;;;2800000;;19;900000;;;;"cat.: Restauration et Tourisme; via Cession PME"
Bpifrance;https://reprise-entreprise.bpifrance.fr/tracking/annonce/click/616722/site/0;616722;Mise à jour le 07/09/2026;Hôtel bureau 4* avec piscine et spa dans l'Hérault (34);HCR / restauration / tourisme / loisirs;;;1400000;;21;1644000;;;;"cat.: Restauration et Tourisme; via Place des Commerces"
Bpifrance;https://reprise-entreprise.bpifrance.fr/tracking/annonce/click/623128/site/0;623128;Mise à jour le 05/09/2026;Bar - Brasserie - Tabac Finistère;HCR / restauration / tourisme / loisirs;;;1400000;270000;15;1150000;;;;"cat.: Restauration et Tourisme; via Cession PME"
Bpifrance;https://reprise-entreprise.bpifrance.fr/tracking/annonce/click/595914/site/0;595914;Mise à jour le 05/09/2026;Restaurant st raphael;HCR / restauration / tourisme / loisirs;;Provence-Alpes-Côte d'Azur;1154000;170000;10;999050;;;;"cat.: Restauration et Tourisme; via Cession PME"
Bpifrance;https://reprise-entreprise.bpifrance.fr/tracking/annonce/click/626864/site/0;626864;Mise à jour le 04/09/2026;Entreprise Transport - Logistique Rhône;Transport & logistique (commissionnaire, affrètement);;;1500000;;10;810000;;;;"cat.: Services; via Cession PME"
Bpifrance;https://reprise-entreprise.bpifrance.fr/tracking/annonce/click/642604/site/0;642604;Mise à jour le 04/09/2026;Réseau de 2 boutiques de vente de cheminées, poêles, inserts en Ile-de-France;Commerce de détail / e-commerce BtoC;;Île-de-France;1800000;;10;0;;;;"cat.: Commerce; via Place des Commerces"
Bpifrance;https://reprise-entreprise.bpifrance.fr/tracking/annonce/click/590154/site/0;590154;Mise à jour le 04/09/2026;Société de transport avec 15 ans d'expérience - Sud de France - Occitanie;Transport & logistique (commissionnaire, affrètement);;;2150000;;30;935000;;;;"cat.: Services; via Place des Commerces"
Bpifrance;https://reprise-entreprise.bpifrance.fr/tracking/annonce/click/658081/site/0;658081;Mise à jour le 04/09/2026;Restaurant;HCR / restauration / tourisme / loisirs;;Grand Est;1230000;300000;11;700000;;;;"cat.: Restauration et Tourisme; via Cession PME"
Bpifrance;https://reprise-entreprise.bpifrance.fr/tracking/annonce/click/590130/site/0;590130;Mise à jour le 04/09/2026;Transport en benne, 40 ans d'expérience - Occitanie, en Languedoc-Roussillon;Transport & logistique (commissionnaire, affrètement);;Occitanie;1810000;175000000;13;715000;;;;"cat.: Services; via Place des Commerces"
Bpifrance;https://reprise-entreprise.bpifrance.fr/tracking/annonce/click/646566/site/0;646566;Mise à jour le 03/09/2026;Conception, fabrication et distribution de robots;Négoce / distribution B2B;;Bourgogne-Franche-Comté;2500000;;14;0;;;oui (cf. Fusacq V90932);"cat.: Production; via Fusacq"
Bpifrance;https://reprise-entreprise.bpifrance.fr/tracking/annonce/click/538688/site/0;538688;Mise à jour le 03/09/2026;Dépannage et entretien de plomberie, chauffage et climatisation;Bâtiment / travaux publics / second œuvre;;Provence-Alpes-Côte d'Azur;4900000;;12;3000000;;;oui (cf. Fusacq V79872);"cat.: Production; via Fusacq"
Bpifrance;https://reprise-entreprise.bpifrance.fr/tracking/annonce/click/658447/site/0;658447;Mise à jour le 03/09/2026;Climatisation, chauffage et plomberie;Bâtiment / travaux publics / second œuvre;;;2100000;;11;830000;;;;"cat.: Production; via Fusacq"
Bpifrance;https://reprise-entreprise.bpifrance.fr/tracking/annonce/click/658382/site/0;658382;Mise à jour le 03/09/2026;Bar - Brasserie - Tabac Var;HCR / restauration / tourisme / loisirs;;Provence-Alpes-Côte d'Azur;1391000;292000;10;1620000;;;;"cat.: Restauration et Tourisme; via Cession PME"
Bpifrance;https://reprise-entreprise.bpifrance.fr/tracking/annonce/click/658522/site/0;658522;Mise à jour le 03/09/2026;Boulangerie - Pâtisserie Rhône;HCR / restauration / tourisme / loisirs;;;1250000;;13;867000;;;;"cat.: Commerce; via Cession PME"
Bpifrance;https://reprise-entreprise.bpifrance.fr/tracking/annonce/click/540357/site/0;540357;Mise à jour le 02/09/2026;Dépannage automobile, mécanique et carrosserie;Automobile / 2 roues / nautisme;;;1600000;;10;980000;;;oui (cf. Fusacq V79301);"cat.: Commerce; via Fusacq"
Bpifrance;https://reprise-entreprise.bpifrance.fr/tracking/annonce/click/629353/site/0;629353;Mise à jour le 02/09/2026;Agencement d'espaces de vente;Bâtiment / travaux publics / second œuvre;;Pays de la Loire;4500000;;23;0;;;oui (cf. Fusacq V88970);"cat.: Production; via Fusacq"
Bpifrance;https://reprise-entreprise.bpifrance.fr/tracking/annonce/click/636845/site/0;636845;Mise à jour le 02/09/2026;Camping 5* de + 200 emplacements;HCR / restauration / tourisme / loisirs;;Nouvelle-Aquitaine;3500000;;20;13468000;;;oui (cf. Fusacq V89777);"cat.: Restauration et Tourisme; via Fusacq"
Bpifrance;https://reprise-entreprise.bpifrance.fr/tracking/annonce/click/658291/site/0;658291;Mise à jour le 02/09/2026;Fabrication de lamellé-collé et rabotage;Industrie / production / fabrication;;;3400000;;20;0;;;oui (cf. Fusacq V92247);"cat.: Production; via Fusacq"
Bpifrance;https://reprise-entreprise.bpifrance.fr/tracking/annonce/click/589917/site/0;589917;Mise à jour le 02/09/2026;Camping *** avec piscine, bar et restaurant;HCR / restauration / tourisme / loisirs;;Auvergne-Rhône-Alpes;1550000;;10;1995000;;;oui (cf. Fusacq V84034);"cat.: Restauration et Tourisme; via Fusacq"
Bpifrance;https://reprise-entreprise.bpifrance.fr/tracking/annonce/click/634454/site/0;634454;Mise à jour le 02/09/2026;Hôtel 5 étoiles;HCR / restauration / tourisme / loisirs;;;2600000;;20;10000000;;;oui (cf. Fusacq V89502);"cat.: Restauration et Tourisme; via Fusacq"
Bpifrance;https://reprise-entreprise.bpifrance.fr/tracking/annonce/click/628777/site/0;628777;Mise à jour le 02/09/2026;Fabrication de vitrages isolants;Industrie / production / fabrication;;Auvergne-Rhône-Alpes;1300000;;12;600000;;;oui (cf. Fusacq V88602);"cat.: Production; via Fusacq"
Bpifrance;https://reprise-entreprise.bpifrance.fr/tracking/annonce/click/556893/site/0;556893;Mise à jour le 02/09/2026;Transport et location de camions avec chauffeurs;Transport & logistique (commissionnaire, affrètement);;Île-de-France;3500000;;40;2110000;;;oui (cf. Fusacq V81674);"cat.: Services; via Fusacq"
Bpifrance;https://reprise-entreprise.bpifrance.fr/tracking/annonce/click/636594/site/0;636594;Mise à jour le 02/09/2026;Production horticole - horticulture et vente;Industrie / production / fabrication;;;1500000;;12;750000;;;oui (cf. Fusacq V89747);"cat.: Production; via Fusacq"
Bpifrance;https://reprise-entreprise.bpifrance.fr/tracking/annonce/click/642628/site/0;642628;Mise à jour le 02/09/2026;Spécialiste de la réalisation de structures métalliques;Industrie / production / fabrication;;;4100000;;16;0;;;oui (cf. Fusacq V90411);"cat.: Production; via Fusacq"
Bpifrance;https://reprise-entreprise.bpifrance.fr/tracking/annonce/click/658292/site/0;658292;Mise à jour le 02/09/2026;Centre automobile : pneumatique et entretien;Automobile / 2 roues / nautisme;;;1100000;;11;825000;;;oui (cf. Fusacq V91465);"cat.: Commerce; via Fusacq"
Bpifrance;https://reprise-entreprise.bpifrance.fr/tracking/annonce/click/546781/site/0;546781;Mise à jour le 02/09/2026;Boulangerie - Pâtisserie Alpes Maritimes;HCR / restauration / tourisme / loisirs;;Provence-Alpes-Côte d'Azur;1200000;;10;1214400;;;;"cat.: Commerce; via Cession PME"
Bpifrance;https://reprise-entreprise.bpifrance.fr/tracking/annonce/click/584935/site/0;584935;Mise à jour le 02/09/2026;Boulangerie - Pâtisserie Gard;HCR / restauration / tourisme / loisirs;;;1120000;;13;809600;;;;"cat.: Commerce; via Cession PME"
Bpifrance;https://reprise-entreprise.bpifrance.fr/tracking/annonce/click/546780/site/0;546780;Mise à jour le 02/09/2026;Boulangerie - Pâtisserie Haute Savoie;HCR / restauration / tourisme / loisirs;;;1540000;;14;1265000;;;;"cat.: Commerce; via Cession PME"
Bpifrance;https://reprise-entreprise.bpifrance.fr/tracking/annonce/click/584933/site/0;584933;Mise à jour le 02/09/2026;Boulangerie - Pâtisserie Gard;HCR / restauration / tourisme / loisirs;;;1200000;;10;809600;;;;"cat.: Commerce; via Cession PME"
Bpifrance;https://reprise-entreprise.bpifrance.fr/tracking/annonce/click/616191/site/0;616191;Mise à jour le 02/09/2026;Restaurant st laurent du var;HCR / restauration / tourisme / loisirs;;Provence-Alpes-Côte d'Azur;1000000;176000;12;750000;;;;"cat.: Restauration et Tourisme; via Cession PME"
Bpifrance;https://reprise-entreprise.bpifrance.fr/tracking/annonce/click/624663/site/0;624663;Mise à jour le 02/09/2026;Bar - Brasserie - Tabac antibes;HCR / restauration / tourisme / loisirs;;Provence-Alpes-Côte d'Azur;1333000;297000;14;1470000;;;;"cat.: Restauration et Tourisme; via Cession PME"
Bpifrance;https://reprise-entreprise.bpifrance.fr/tracking/annonce/click/606855/site/0;606855;Mise à jour le 02/09/2026;Entreprise Plomberie - Chauffage TOURS;Bâtiment / travaux publics / second œuvre;;;1900000;755000;10;2120000;;;;"cat.: Production; via Cession PME"
Bpifrance;https://reprise-entreprise.bpifrance.fr/tracking/annonce/click/487861/site/0;487861;Mise à jour le 02/09/2026;Boulangerie - Pâtisserie Bouches du Rhône;HCR / restauration / tourisme / loisirs;;Provence-Alpes-Côte d'Azur;1050000;;10;910800;;;;"cat.: Commerce; via Cession PME"
Bpifrance;https://reprise-entreprise.bpifrance.fr/tracking/annonce/click/658421/site/0;658421;Mise à jour le 02/09/2026;Bar, Brasserie, Glacier, Restaurant 260 couverts avec terrasse dans le Var (83);HCR / restauration / tourisme / loisirs;;Provence-Alpes-Côte d'Azur;1390000;291856000;10;1620000;;;;"cat.: Restauration et Tourisme; via Place des Commerces"
Bpifrance;https://reprise-entreprise.bpifrance.fr/tracking/annonce/click/459792/site/0;459792;Mise à jour le 01/09/2026;Conception et fabrication de machines spéciales;Industrie / production / fabrication;;Grand Est;3500000;;30;0;;;oui (cf. Fusacq V71801);"cat.: Production; via Fusacq"
Bpifrance;https://reprise-entreprise.bpifrance.fr/tracking/annonce/click/544740/site/0;544740;Mise à jour le 01/09/2026;Fabricant de machines-outils;Industrie / production / fabrication;;;1600000;;16;1300000;;;oui (cf. Fusacq V80486);"cat.: Production; via Fusacq"
Bpifrance;https://reprise-entreprise.bpifrance.fr/tracking/annonce/click/578813/site/0;578813;Mise à jour le 01/09/2026;Chaudronnerie et métallerie;Bâtiment / travaux publics / second œuvre;;;2500000;;22;1980000;;;oui (cf. Fusacq V82900);"cat.: Production; via Fusacq"
Bpifrance;https://reprise-entreprise.bpifrance.fr/tracking/annonce/click/468580/site/0;468580;Mise à jour le 01/09/2026;Plateforme téléphonique;Autres / non classé;;Provence-Alpes-Côte d'Azur;1455000;;23;2120000;;;oui (cf. Fusacq V72476);"cat.: Services; via Fusacq"
Bpifrance;https://reprise-entreprise.bpifrance.fr/tracking/annonce/click/624994/site/0;624994;Mise à jour le 01/09/2026;Fabrication, vente et livraison de blocs de glace, de glaçons et de paillettes de glace;Industrie / production / fabrication;;;1500000;;10;1600000;;;oui (cf. Fusacq V88410);"cat.: Production; via Fusacq"
Bpifrance;https://reprise-entreprise.bpifrance.fr/tracking/annonce/click/634681/site/0;634681;Mise à jour le 01/09/2026;Traitement de surface et peinture industrielle;Bâtiment / travaux publics / second œuvre;;;1800000;;10;3300000;;;oui (cf. Fusacq V89528);"cat.: Production; via Fusacq"
Bpifrance;https://reprise-entreprise.bpifrance.fr/tracking/annonce/click/641717/site/0;641717;Mise à jour le 01/09/2026;Groupe spécialisé dans l'impression OFFSET et numérique;Services informatiques / ESN / éditeur de logiciel;;Provence-Alpes-Côte d'Azur;3100000;;13;0;;;oui (cf. Fusacq V90328);"cat.: Production; via Fusacq"
Bpifrance;https://reprise-entreprise.bpifrance.fr/tracking/annonce/click/658101/site/0;658101;Mise à jour le 01/09/2026;Restaurant SAINT LAURENT DU VAR;HCR / restauration / tourisme / loisirs;;Provence-Alpes-Côte d'Azur;1410000;;14;1010000;;;;"cat.: Restauration et Tourisme; via Cession PME"
Bpifrance;https://reprise-entreprise.bpifrance.fr/tracking/annonce/click/658102/site/0;658102;Mise à jour le 01/09/2026;Bar - Brasserie - Tabac NICE;HCR / restauration / tourisme / loisirs;;Provence-Alpes-Côte d'Azur;1105000;;11;1484000;;;;"cat.: Restauration et Tourisme; via Cession PME"
Bpifrance;https://reprise-entreprise.bpifrance.fr/tracking/annonce/click/658121/site/0;658121;Mise à jour le 01/09/2026;Aide à la personne (SAAD);Autres / non classé;;;1200000;;34;0;;;oui (cf. Fusacq V92226);"cat.: Services; via Fusacq"
Bpifrance;https://reprise-entreprise.bpifrance.fr/tracking/annonce/click/658184/site/0;658184;Mise à jour le 01/09/2026;Entreprise Charpente - Menuiserie Vendée;Bâtiment / travaux publics / second œuvre;;;2510000;;16;720000;;;;"cat.: Production; via Cession PME"
Bpifrance;https://reprise-entreprise.bpifrance.fr/tracking/annonce/click/658396/site/0;658396;Mise à jour le 01/09/2026;Entreprise Mécanique - Métallurgie Doubs;Industrie / production / fabrication;;;3803000;100000;17;1200000;;;;"cat.: Production; via Cession PME"
Bpifrance;https://reprise-entreprise.bpifrance.fr/tracking/annonce/click/544526/site/0;544526;Mise à jour le 01/09/2026;Entreprise Fabrication;Industrie / production / fabrication;;Auvergne-Rhône-Alpes;1600000;;16;1300000;;;;"cat.: Production; via Cession PME"
Bpifrance;https://reprise-entreprise.bpifrance.fr/tracking/annonce/click/609459/site/0;609459;Mise à jour le 31/08/2026;Boulangerie - Pâtisserie Ain;HCR / restauration / tourisme / loisirs;;;2200000;;19;1611600;;;;"cat.: Commerce; via Cession PME"
Bpifrance;https://reprise-entreprise.bpifrance.fr/tracking/annonce/click/586544/site/0;586544;Mise à jour le 31/08/2026;Boulangerie - Pâtisserie Hautes Alpes;HCR / restauration / tourisme / loisirs;;Provence-Alpes-Côte d'Azur;1600000;;13;867000;;;;"cat.: Commerce; via Cession PME"
Bpifrance;https://reprise-entreprise.bpifrance.fr/tracking/annonce/click/585796/site/0;585796;Mise à jour le 31/08/2026;Fermetures extérieures et vérandas;Bâtiment / travaux publics / second œuvre;;Auvergne-Rhône-Alpes;2600000;;11;500000;;;oui (cf. Fusacq V83598);"cat.: Production; via Fusacq"
Bpifrance;https://reprise-entreprise.bpifrance.fr/tracking/annonce/click/548066/site/0;548066;Mise à jour le 31/08/2026;Boulangerie - Pâtisserie Littoral Sud Ouest Vendéen;HCR / restauration / tourisme / loisirs;;;1074000;0;11;600000;;;;"cat.: Commerce; via Cession PME"
Bpifrance;https://reprise-entreprise.bpifrance.fr/tracking/annonce/click/605697/site/0;605697;Mise à jour le 31/08/2026;Agence de communication et marketing digital local;Services informatiques / ESN / éditeur de logiciel;;;1400000;;20;0;;;oui (cf. Fusacq V86151);"cat.: Services; via Fusacq"
Bpifrance;https://reprise-entreprise.bpifrance.fr/tracking/annonce/click/608196/site/0;608196;Mise à jour le 31/08/2026;Assistance technique / Bureau d'études industrielles et mécaniques;Bureau d'études / ingénierie / diagnostics;;Auvergne-Rhône-Alpes;1500000;;18;0;;;oui (cf. Fusacq V86576);"cat.: Services; via Fusacq"
Bpifrance;https://reprise-entreprise.bpifrance.fr/tracking/annonce/click/557754/site/0;557754;Mise à jour le 31/08/2026;Bar - Brasserie - Tabac Sarthe;HCR / restauration / tourisme / loisirs;;;1031000;;10;800000;;;;"cat.: Restauration et Tourisme; via Cession PME"
Bpifrance;https://reprise-entreprise.bpifrance.fr/tracking/annonce/click/576062/site/0;576062;Mise à jour le 31/08/2026;Boulangerie - Pâtisserie Loire;HCR / restauration / tourisme / loisirs;;;1300000;;10;856800;;;;"cat.: Commerce; via Cession PME"
Bpifrance;https://reprise-entreprise.bpifrance.fr/tracking/annonce/click/529700/site/0;529700;Mise à jour le 31/08/2026;Boulangerie - Pâtisserie Puy de Dôme;HCR / restauration / tourisme / loisirs;;;1300000;;12;1012000;;;;"cat.: Commerce; via Cession PME"
Bpifrance;https://reprise-entreprise.bpifrance.fr/tracking/annonce/click/576061/site/0;576061;Mise à jour le 31/08/2026;Boulangerie - Pâtisserie Rhône;HCR / restauration / tourisme / loisirs;;;1200000;;12;918000;;;;"cat.: Commerce; via Cession PME"
Bpifrance;https://reprise-entreprise.bpifrance.fr/tracking/annonce/click/595838/site/0;595838;Mise à jour le 31/08/2026;Société suisse active dans l'intégration ERP;Autres / non classé;;;2300000;;13;0;;;oui (cf. Fusacq V85363);"cat.: Services; via Fusacq"
Bpifrance;https://reprise-entreprise.bpifrance.fr/tracking/annonce/click/586549/site/0;586549;Mise à jour le 31/08/2026;Boulangerie - Pâtisserie Alpes Maritimes;HCR / restauration / tourisme / loisirs;;Provence-Alpes-Côte d'Azur;1500000;;11;918000;;;oui (cf. Bpifrance 659882);"cat.: Commerce; via Cession PME"
Bpifrance;https://reprise-entreprise.bpifrance.fr/tracking/annonce/click/586700/site/0;586700;Mise à jour le 31/08/2026;Entretien d'immeubles en copropriété - Maintenance;Autres / non classé;;;2040000;;28;1980000;;;;"cat.: Services; via Fusacq"
Bpifrance;https://reprise-entreprise.bpifrance.fr/tracking/annonce/click/584875/site/0;584875;Mise à jour le 31/08/2026;Boulangerie - Pâtisserie Alpes Maritimes;HCR / restauration / tourisme / loisirs;;Provence-Alpes-Côte d'Azur;2300000;;16;2327600;;;;"cat.: Commerce; via Cession PME"
Bpifrance;https://reprise-entreprise.bpifrance.fr/tracking/annonce/click/592436/site/0;592436;Mise à jour le 31/08/2026;Boulangerie - Pâtisserie Saône et Loire;HCR / restauration / tourisme / loisirs;;;1040000;;12;663000;;;;"cat.: Commerce; via Cession PME"
Bpifrance;https://reprise-entreprise.bpifrance.fr/tracking/annonce/click/615025/site/0;615025;Mise à jour le 31/08/2026;Vente et réparation de matériel de motoculture;Négoce / distribution B2B;;;2500000;;10;0;;;oui (cf. Fusacq V87372);"cat.: Commerce; via Fusacq"
Bpifrance;https://reprise-entreprise.bpifrance.fr/tracking/annonce/click/623702/site/0;623702;Mise à jour le 31/08/2026;Transport frigorifique et transport industriel;Transport & logistique (commissionnaire, affrètement);;Nouvelle-Aquitaine;2600000;;18;0;;;oui (cf. Fusacq V88389);"cat.: Services; via Fusacq"
Bpifrance;https://reprise-entreprise.bpifrance.fr/tracking/annonce/click/626332/site/0;626332;Mise à jour le 31/08/2026;Boulangerie - Pâtisserie Drôme;HCR / restauration / tourisme / loisirs;;;1450000;;15;1173000;;;;"cat.: Commerce; via Cession PME"
Bpifrance;https://reprise-entreprise.bpifrance.fr/tracking/annonce/click/631834/site/0;631834;Mise à jour le 31/08/2026;Boulangerie - Pâtisserie Allier;HCR / restauration / tourisme / loisirs;;;1200000;;17;856800;;;;"cat.: Commerce; via Cession PME"
Bpifrance;https://reprise-entreprise.bpifrance.fr/tracking/annonce/click/636377/site/0;636377;Mise à jour le 31/08/2026;Groupe belge de restauration;HCR / restauration / tourisme / loisirs;;;3500000;;17;0;;;oui (cf. Fusacq V89719);"cat.: Restauration et Tourisme; via Fusacq"
Bpifrance;https://reprise-entreprise.bpifrance.fr/tracking/annonce/click/636143/site/0;636143;Mise à jour le 31/08/2026;Agencement d'espaces et menuiserie intérieure;Bâtiment / travaux publics / second œuvre;;Auvergne-Rhône-Alpes;2200000;;12;450000;;;oui (cf. Fusacq V89670);"cat.: Production; via Fusacq"
Bpifrance;https://reprise-entreprise.bpifrance.fr/tracking/annonce/click/429552/site/0;429552;Mise à jour le 31/08/2026;Boulangerie - Pâtisserie Jura;HCR / restauration / tourisme / loisirs;;;1090000;;10;714000;;;;"cat.: Commerce; via Cession PME"
Bpifrance;https://reprise-entreprise.bpifrance.fr/tracking/annonce/click/645899/site/0;645899;Mise à jour le 31/08/2026;Installations électriques;Industrie / production / fabrication;;Auvergne-Rhône-Alpes;3000000;;20;1600000;;;oui (cf. Fusacq V90805);"cat.: Production; via Fusacq"
Bpifrance;https://reprise-entreprise.bpifrance.fr/tracking/annonce/click/646093/site/0;646093;Mise à jour le 31/08/2026;Groupe de restauration;HCR / restauration / tourisme / loisirs;;;3300000;;21;3300000;;;oui (cf. Fusacq V90893);"cat.: Restauration et Tourisme; via Fusacq"
Bpifrance;https://reprise-entreprise.bpifrance.fr/tracking/annonce/click/645901/site/0;645901;Mise à jour le 31/08/2026;Fabrication de pièces en composite thermodurcissable;Industrie / production / fabrication;;Grand Est;3100000;;25;0;;;;"cat.: Production; via Fusacq"
Bpifrance;https://reprise-entreprise.bpifrance.fr/tracking/annonce/click/649065/site/0;649065;Mise à jour le 31/08/2026;Construction et rénovation de bâtiments;Bâtiment / travaux publics / second œuvre;;;2900000;;16;0;;;oui (cf. Fusacq V91322);"cat.: Production; via Transmibat"
Bpifrance;https://reprise-entreprise.bpifrance.fr/tracking/annonce/click/652783/site/0;652783;Mise à jour le 31/08/2026;Spécialiste des fermetures industrielles techniques sur-mesure;Industrie / production / fabrication;;;4300000;;25;0;;;oui (cf. Fusacq V91602);"cat.: Production; via Fusacq"
Bpifrance;https://reprise-entreprise.bpifrance.fr/tracking/annonce/click/658122/site/0;658122;Mise à jour le 31/08/2026;Résidence services pour seniors - non médicalisée;Santé / pharmacie / laboratoire / cabinet médical;;;1000000;;10;1500000;;;oui (cf. Fusacq V92228);"cat.: Services; via Fusacq"
Bpifrance;https://reprise-entreprise.bpifrance.fr/tracking/annonce/click/658124/site/0;658124;Mise à jour le 31/08/2026;Cabinet de DAF à temps partagé;Conseil / expertise / services administratifs aux entreprises (BPO);;Île-de-France;1000000;;10;0;;;oui (cf. Fusacq V92207);"cat.: Services; via Fusacq"
Bpifrance;https://reprise-entreprise.bpifrance.fr/tracking/annonce/click/657288/site/0;657288;Mise à jour le 31/08/2026;Groupe de 6 micro-crèches;Services à la personne / santé à domicile;;;1400000;110000;43;450000;;;oui (cf. Fusacq V92220);"cat.: Services; via Cession PME; Fusacq"
Bpifrance;https://reprise-entreprise.bpifrance.fr/tracking/annonce/click/634513/site/0;634513;Mise à jour le 31/08/2026;Boulangerie - pâtisserie artisanale dans une zone dynamique des Pyrénées Orientales (66);HCR / restauration / tourisme / loisirs;;;2485000;;25;1696000;;;;"cat.: Commerce; via Cession PME; Place des Commerces"
Bpifrance;https://reprise-entreprise.bpifrance.fr/tracking/annonce/click/658251/site/0;658251;Mise à jour le 31/08/2026;Boulangerie et snack en multi implantations dans la Marne (51);HCR / restauration / tourisme / loisirs;;;1434000;;20;825000;;;;"cat.: Commerce; via Place des Commerces"
Bpifrance;https://reprise-entreprise.bpifrance.fr/tracking/annonce/click/646059/site/0;646059;Mise à jour le 31/08/2026;Paysagiste - entretien d'espaces verts dans les Bouches du Rhône (13);Bâtiment / travaux publics / second œuvre;;Provence-Alpes-Côte d'Azur;1897000;99000000;25;440000;;;;"cat.: Commerce; via Place des Commerces"
Bpifrance;https://reprise-entreprise.bpifrance.fr/tracking/annonce/click/591291/site/0;591291;Mise à jour le 29/08/2026;Restaurant SUD TOURS;HCR / restauration / tourisme / loisirs;;;1181000;74000;12;235000;;;;"cat.: Restauration et Tourisme; via Cession PME"
Bpifrance;https://reprise-entreprise.bpifrance.fr/tracking/annonce/click/581295/site/0;581295;Mise à jour le 28/08/2026;Restaurant AGGLO SUD TOURS;HCR / restauration / tourisme / loisirs;;;1174000;287000;11;400000;;;;"cat.: Restauration et Tourisme; via Cession PME"
Bpifrance;https://reprise-entreprise.bpifrance.fr/tracking/annonce/click/616297/site/0;616297;Mise à jour le 28/08/2026;BAR PUB RESTAURANT;HCR / restauration / tourisme / loisirs;;Île-de-France;1349000;82000;16;1007000;;;;"cat.: Restauration et Tourisme; via Les annonces du commerce; Cession PME"
Bpifrance;https://reprise-entreprise.bpifrance.fr/tracking/annonce/click/627118/site/0;627118;Mise à jour le 28/08/2026;Entreprise Fabrication Jura;Industrie / production / fabrication;;;1450000;;10;990000;;;;"cat.: Production; via Cession PME"
Bpifrance;https://reprise-entreprise.bpifrance.fr/tracking/annonce/click/627936/site/0;627936;Mise à jour le 28/08/2026;Bar - Brasserie - Tabac Paris;HCR / restauration / tourisme / loisirs;;Île-de-France;1900000;;12;3859200;;;;"cat.: Restauration et Tourisme; via Cession PME"
Bpifrance;https://reprise-entreprise.bpifrance.fr/tracking/annonce/click/643684/site/0;643684;Mise à jour le 28/08/2026;Entreprise Charpente - Menuiserie Rhône Alpes;Bâtiment / travaux publics / second œuvre;;;3900000;;16;2750000;;;;"cat.: Production; via Cession PME"
Bpifrance;https://reprise-entreprise.bpifrance.fr/tracking/annonce/click/645160/site/0;645160;Mise à jour le 28/08/2026;Mécanique de précision;Industrie / production / fabrication;;Occitanie;1200000;;14;0;;;oui (cf. Fusacq V90746);"cat.: Production; via Fusacq"
Bpifrance;https://reprise-entreprise.bpifrance.fr/tracking/annonce/click/643035/site/0;643035;Mise à jour le 28/08/2026;Restaurant PESSAC;HCR / restauration / tourisme / loisirs;;;1120000;;12;642000;;;;"cat.: Restauration et Tourisme; via Cession PME"
Bpifrance;https://reprise-entreprise.bpifrance.fr/tracking/annonce/click/649254/site/0;649254;Mise à jour le 28/08/2026;Entreprise Charpente - Menuiserie Haute Loire;Bâtiment / travaux publics / second œuvre;;;3300000;;20;860000;;;;"cat.: Production; via Cession PME"
Bpifrance;https://reprise-entreprise.bpifrance.fr/tracking/annonce/click/657887/site/0;657887;Mise à jour le 28/08/2026;Agence de conseil en communication;Communication / marketing / édition / imprimerie / PLV;;;3000000;;28;0;;;oui (cf. Fusacq V91843);"cat.: Services; via Fusacq"
Bpifrance;https://reprise-entreprise.bpifrance.fr/tracking/annonce/click/657885/site/0;657885;Mise à jour le 28/08/2026;Plateforme commerciale digitale;Services informatiques / ESN / éditeur de logiciel;;;1200000;;19;0;;;oui (cf. Fusacq V92215);"cat.: Services; via Fusacq"
Bpifrance;https://reprise-entreprise.bpifrance.fr/tracking/annonce/click/592245/site/0;592245;Mise à jour le 27/08/2026;Travaux de maçonnerie générale;Bâtiment / travaux publics / second œuvre;;Île-de-France;2200000;;12;500000;;;oui (cf. Fusacq V84362);"cat.: Production; via Fusacq"
Bpifrance;https://reprise-entreprise.bpifrance.fr/tracking/annonce/click/605734/site/0;605734;Mise à jour le 27/08/2026;Assistance technique et recrutement;Recrutement / intérim / RH / paie;;Île-de-France;2260000;;19;0;;;oui (cf. Fusacq V86313);"cat.: Services; via Fusacq"
Bpifrance;https://reprise-entreprise.bpifrance.fr/tracking/annonce/click/511814/site/0;511814;Mise à jour le 27/08/2026;Landes (40);Autres / non classé;;;1251000;257000;11;870000;;;;"cat.: Commerce; via Les annonces du commerce; Cession PME"
Bpifrance;https://reprise-entreprise.bpifrance.fr/tracking/annonce/click/484284/site/0;484284;Mise à jour le 27/08/2026;Mécanique générale et usinage à façon;Industrie / production / fabrication;;Nouvelle-Aquitaine;1100000;;10;717000;;;oui (cf. Fusacq V74277);"cat.: Production; via Fusacq"
Bpifrance;https://reprise-entreprise.bpifrance.fr/tracking/annonce/click/521228/site/0;521228;Mise à jour le 27/08/2026;Hôtel-restaurant avec salle de séminaire;HCR / restauration / tourisme / loisirs;;;1200000;;10;1250000;;;oui (cf. Fusacq V77290);"cat.: Restauration et Tourisme; via Fusacq"
Bpifrance;https://reprise-entreprise.bpifrance.fr/tracking/annonce/click/578003/site/0;578003;Mise à jour le 27/08/2026;Charpentes et autres constructions métalliques;Bâtiment / travaux publics / second œuvre;;;2900000;;17;0;;;;"cat.: Production; via Fusacq"
Bpifrance;https://reprise-entreprise.bpifrance.fr/tracking/annonce/click/623706/site/0;623706;Mise à jour le 27/08/2026;Vente et pose de poêles, cheminées et inserts;Bâtiment / travaux publics / second œuvre;;Île-de-France;2500000;;12;0;;;oui (cf. Fusacq V88408);"cat.: Commerce; via Fusacq"
Bpifrance;https://reprise-entreprise.bpifrance.fr/tracking/annonce/click/630681/site/0;630681;Mise à jour le 27/08/2026;Électricité générale - travaux neufs et de rénovation;Bâtiment / travaux publics / second œuvre;;;4700000;;30;2500000;;;;"cat.: Production; via Fusacq"
Bpifrance;https://reprise-entreprise.bpifrance.fr/tracking/annonce/click/630678/site/0;630678;Mise à jour le 27/08/2026;Scierie de chêne;Industrie / production / fabrication;;Bourgogne-Franche-Comté;2600000;;15;2500000;;;oui (cf. Fusacq V89101);"cat.: Production; via Fusacq"
Bpifrance;https://reprise-entreprise.bpifrance.fr/tracking/annonce/click/415421/site/0;415421;Mise à jour le 27/08/2026;Carrosserie : mécanique / pneus;Automobile / 2 roues / nautisme;;;1600000;;11;540000;;;oui (cf. Fusacq V68057);"cat.: Commerce; via Fusacq"
Bpifrance;https://reprise-entreprise.bpifrance.fr/tracking/annonce/click/641000/site/0;641000;Mise à jour le 27/08/2026;Scierie de feuillus;Industrie / production / fabrication;;;2400000;;14;0;;;oui (cf. Fusacq V90220);"cat.: Production; via Fusacq"
Bpifrance;https://reprise-entreprise.bpifrance.fr/tracking/annonce/click/643236/site/0;643236;Mise à jour le 27/08/2026;Spécialiste de la serrurerie-métallerie;Bâtiment / travaux publics / second œuvre;;;3300000;;20;2200000;;;oui (cf. Fusacq V90473);"cat.: Production; via Fusacq"
Bpifrance;https://reprise-entreprise.bpifrance.fr/tracking/annonce/click/650803/site/0;650803;Mise à jour le 27/08/2026;Tuyauterie - chaudronnerie de niche;Industrie / production / fabrication;;Auvergne-Rhône-Alpes;4700000;;19;3790000;;;;"cat.: Production; via Fusacq"
Bpifrance;https://reprise-entreprise.bpifrance.fr/tracking/annonce/click/569615/site/0;569615;Mise à jour le 26/08/2026;Éditeur d'un logiciel de gestion de point de vente et d'encaissement ERP POS;Services informatiques / ESN / éditeur de logiciel;;;1500000;;10;0;;;oui (cf. Fusacq V82594);"cat.: Services; via Fusacq"
Bpifrance;https://reprise-entreprise.bpifrance.fr/tracking/annonce/click/513351/site/0;513351;Mise à jour le 26/08/2026;Traiteur évènementiel;Communication / marketing / édition / imprimerie / PLV;;;1825000;;15;500000;;;oui (cf. Fusacq V77577);"cat.: Restauration et Tourisme; via Fusacq"
Bpifrance;https://reprise-entreprise.bpifrance.fr/tracking/annonce/click/520804/site/0;520804;Mise à jour le 26/08/2026;Travaux de bâtiment tous corps d'état;Bâtiment / travaux publics / second œuvre;;;4000000;;11;4500000;;;oui (cf. Fusacq V68579);"cat.: Production; via Fusacq"
Bpifrance;https://reprise-entreprise.bpifrance.fr/tracking/annonce/click/557143/site/0;557143;Mise à jour le 26/08/2026;Services et rénovation d'appartements;Bâtiment / travaux publics / second œuvre;;;1225000;;12;1000000;;;oui (cf. Fusacq V81706);"cat.: Services; via Fusacq"
Bpifrance;https://reprise-entreprise.bpifrance.fr/tracking/annonce/click/588868/site/0;588868;Mise à jour le 26/08/2026;Restaurant Loiret;HCR / restauration / tourisme / loisirs;;;1061000;;10;650000;;;;"cat.: Restauration et Tourisme; via Cession PME"
Bpifrance;https://reprise-entreprise.bpifrance.fr/tracking/annonce/click/594993/site/0;594993;Mise à jour le 26/08/2026;Menuiserie métallique : Fabrication et négoce;Négoce / distribution B2B;;Nouvelle-Aquitaine;2000000;;10;0;;;oui (cf. Fusacq V85268);"cat.: Production; via Fusacq"
Bpifrance;https://reprise-entreprise.bpifrance.fr/tracking/annonce/click/584125/site/0;584125;Mise à jour le 26/08/2026;Restaurant AUBAGNE;HCR / restauration / tourisme / loisirs;;Provence-Alpes-Côte d'Azur;1091000;168000;16;499000;;;;"cat.: Restauration et Tourisme; via Cession PME"
Bpifrance;https://reprise-entreprise.bpifrance.fr/tracking/annonce/click/589694/site/0;589694;Mise à jour le 26/08/2026;Vente et pose de carrelages et de sols souples en BtoB;Bâtiment / travaux publics / second œuvre;;Bretagne;3700000;;26;0;;;oui (cf. Fusacq V84013);"cat.: Production; via Fusacq"
Bpifrance;https://reprise-entreprise.bpifrance.fr/tracking/annonce/click/623198/site/0;623198;Mise à jour le 26/08/2026;Plomberie / CVC (deux sociétés);Bâtiment / travaux publics / second œuvre;;Provence-Alpes-Côte d'Azur;3500000;;12;3500000;;;oui (cf. Fusacq V88350);"cat.: Production; via Fusacq"
Bpifrance;https://reprise-entreprise.bpifrance.fr/tracking/annonce/click/628083/site/0;628083;Mise à jour le 26/08/2026;Métallerie, ferronnerie et chaudronnerie;Bâtiment / travaux publics / second œuvre;;;1300000;;10;330000;;;oui (cf. Fusacq V88678);"cat.: Production; via Fusacq"
Bpifrance;https://reprise-entreprise.bpifrance.fr/tracking/annonce/click/635586/site/0;635586;Mise à jour le 26/08/2026;Transport routier de marchandises et prestations logistiques associées;Transport & logistique (commissionnaire, affrètement);;;1300000;;10;490000;;;oui (cf. Fusacq V89507);"cat.: Services; via Fusacq"
Bpifrance;https://reprise-entreprise.bpifrance.fr/tracking/annonce/click/640494/site/0;640494;Mise à jour le 26/08/2026;Spécialiste de la construction de bâtiments agricoles et industriels;Bâtiment / travaux publics / second œuvre;;;5000000;;25;0;;;oui (cf. Fusacq V90177);"cat.: Production; via Fusacq"
Bpifrance;https://reprise-entreprise.bpifrance.fr/tracking/annonce/click/644318/site/0;644318;Mise à jour le 26/08/2026;Restaurant Sarthe;HCR / restauration / tourisme / loisirs;;;1470000;;15;200000;;;;"cat.: Restauration et Tourisme; via Cession PME"
Bpifrance;https://reprise-entreprise.bpifrance.fr/tracking/annonce/click/656215/site/0;656215;Mise à jour le 26/08/2026;Sécurité électronique : vente, installation, maintenance;Industrie / production / fabrication;;Centre-Val de Loire;1340000;;11;2000000;;;oui (cf. Fusacq V91956);"cat.: Services; via Fusacq"
Bpifrance;https://reprise-entreprise.bpifrance.fr/tracking/annonce/click/657545/site/0;657545;Mise à jour le 26/08/2026;Fonds de commerce Publicité NIMES;Communication / marketing / édition / imprimerie / PLV;;;1536000;;17;643200;;;;"cat.: Services; via Cession PME"
Bpifrance;https://reprise-entreprise.bpifrance.fr/tracking/annonce/click/657546/site/0;657546;Mise à jour le 26/08/2026;Divers Commerces NIMES;Autres / non classé;;;1536000;;17;1929600;;;;"cat.: Commerce; via Cession PME"
Bpifrance;https://reprise-entreprise.bpifrance.fr/tracking/annonce/click/645431/site/0;645431;Mise à jour le 26/08/2026;Brasserie, Restaurant 90 couverts avec terrasse dans le Gard (30);HCR / restauration / tourisme / loisirs;;;1200000;;17;867000;;;;"cat.: Restauration et Tourisme; via Place des Commerces"
Bpifrance;https://reprise-entreprise.bpifrance.fr/tracking/annonce/click/613545/site/0;613545;Mise à jour le 25/08/2026;Fabrication de solutions pour les traitements de surfaces;Industrie / production / fabrication;;;4200000;;15;3000000;;;oui (cf. Fusacq V87156);"cat.: Commerce; via Fusacq"
Bpifrance;https://reprise-entreprise.bpifrance.fr/tracking/annonce/click/612922/site/0;612922;Mise à jour le 25/08/2026;Réemploi de biens de grande consommation;Autres / non classé;;Normandie;2300000;;18;656000;;;oui (cf. Fusacq V87112);"cat.: Services; via Fusacq"
Bpifrance;https://reprise-entreprise.bpifrance.fr/tracking/annonce/click/605578/site/0;605578;Mise à jour le 25/08/2026;Design packaging et création graphique;Autres / non classé;;Île-de-France;4000000;;10;0;;;oui (cf. Fusacq V85854);"cat.: Services; via Fusacq"
Bpifrance;https://reprise-entreprise.bpifrance.fr/tracking/annonce/click/559576/site/0;559576;Mise à jour le 25/08/2026;Traiteur événementiel;Communication / marketing / édition / imprimerie / PLV;;Provence-Alpes-Côte d'Azur;2600000;;17;2332000;;;oui (cf. Fusacq V81869);"cat.: Restauration et Tourisme; via Fusacq"
Bpifrance;https://reprise-entreprise.bpifrance.fr/tracking/annonce/click/593087/site/0;593087;Mise à jour le 25/08/2026;Golf, restaurant et événementiel;Communication / marketing / édition / imprimerie / PLV;;Provence-Alpes-Côte d'Azur;3200000;;30;8400000;;;oui (cf. Fusacq V84445);"cat.: Services; via Fusacq"
Bpifrance;https://reprise-entreprise.bpifrance.fr/tracking/annonce/click/627423/site/0;627423;Mise à jour le 25/08/2026;Pose de chapes et de carrelages;Bâtiment / travaux publics / second œuvre;;;1400000;;10;0;;;oui (cf. Fusacq V88698);"cat.: Production; via Fusacq"
Bpifrance;https://reprise-entreprise.bpifrance.fr/tracking/annonce/click/635067/site/0;635067;Mise à jour le 25/08/2026;Prestataire à destination des utilities et des bailleurs sociaux;Industrie / production / fabrication;;;3300000;;12;0;;;oui (cf. Fusacq V89603);"cat.: Production; via Fusacq"
Bpifrance;https://reprise-entreprise.bpifrance.fr/tracking/annonce/click/657383/site/0;657383;Mise à jour le 25/08/2026;Agence de design et fabrication de supports de communication;Communication / marketing / édition / imprimerie / PLV;;Nouvelle-Aquitaine;4000000;;10;0;;;;"cat.: Services; via Fusacq"
Bpifrance;https://reprise-entreprise.bpifrance.fr/tracking/annonce/click/656994/site/0;656994;Mise à jour le 25/08/2026;Restaurant LA COTINIERE;HCR / restauration / tourisme / loisirs;;;1116000;;11;968000;;;;"cat.: Restauration et Tourisme; via Cession PME"
Bpifrance;https://reprise-entreprise.bpifrance.fr/tracking/annonce/click/657387/site/0;657387;Mise à jour le 25/08/2026;Garage automobile;Automobile / 2 roues / nautisme;;;2300000;;10;875000;;;oui (cf. Fusacq V92171);"cat.: Commerce; via Fusacq"
Bpifrance;https://reprise-entreprise.bpifrance.fr/tracking/annonce/click/657384/site/0;657384;Mise à jour le 25/08/2026;Plateforme de deux clubs de fitness premium indépendant;HCR / restauration / tourisme / loisirs;;Provence-Alpes-Côte d'Azur;1900000;;12;1100000;;;oui (cf. Fusacq V92179);"cat.: Services; via Fusacq"
Bpifrance;https://reprise-entreprise.bpifrance.fr/tracking/annonce/click/613547/site/0;613547;Mise à jour le 24/08/2026;Travaux publics et services associés;Bâtiment / travaux publics / second œuvre;;Centre-Val de Loire;2000000;;10;1100000;;;oui (cf. Fusacq V87164);"cat.: Production; via Fusacq"
Bpifrance;https://reprise-entreprise.bpifrance.fr/tracking/annonce/click/502294/site/0;502294;Mise à jour le 24/08/2026;Couverture traditionnelle et étanchéité;Bâtiment / travaux publics / second œuvre;;;4200000;;17;2000000;;;oui (cf. Fusacq V75346);"cat.: Production; via Transmibat"
Bpifrance;https://reprise-entreprise.bpifrance.fr/tracking/annonce/click/530255/site/0;530255;Mise à jour le 24/08/2026;Travaux publics;Bâtiment / travaux publics / second œuvre;;;3680000;;28;1900000;;;oui (cf. Fusacq V79000);"cat.: Production; via Fusacq"
Bpifrance;https://reprise-entreprise.bpifrance.fr/tracking/annonce/click/567687/site/0;567687;Mise à jour le 24/08/2026;Construction et mise en œuvre technique;Industrie / production / fabrication;;Provence-Alpes-Côte d'Azur;3000000;;23;2900000;;;oui (cf. Fusacq V82528);"cat.: Production; via Fusacq"
Bpifrance;https://reprise-entreprise.bpifrance.fr/tracking/annonce/click/608058/site/0;608058;Mise à jour le 24/08/2026;Spécialiste de la pierre naturelle, carrelage, piscine et salle de bains;HCR / restauration / tourisme / loisirs;;Provence-Alpes-Côte d'Azur;3000000;300000;10;1900000;;;oui (cf. Fusacq V86594);"cat.: Production; via Cession PME; Fusacq"
Bpifrance;https://reprise-entreprise.bpifrance.fr/tracking/annonce/click/613893/site/0;613893;Mise à jour le 24/08/2026;Négoce de produits sidérurgiques, outillages et quincaillerie;Négoce / distribution B2B;;;3000000;;13;0;;;oui (cf. Fusacq V87206);"cat.: Commerce; via Fusacq"
Bpifrance;https://reprise-entreprise.bpifrance.fr/tracking/annonce/click/527115/site/0;527115;Mise à jour le 24/08/2026;Travaux de menuiserie PVC et en aluminium;Bâtiment / travaux publics / second œuvre;;;2000000;;14;1100000;;;oui (cf. Fusacq V78758);"cat.: Production; via Fusacq"
Bpifrance;https://reprise-entreprise.bpifrance.fr/tracking/annonce/click/548120/site/0;548120;Mise à jour le 24/08/2026;Électricité : neuf et rénovation;Bâtiment / travaux publics / second œuvre;;;1600000;;19;0;;;oui (cf. Fusacq V80739);"cat.: Production; via Transmibat"
Bpifrance;https://reprise-entreprise.bpifrance.fr/tracking/annonce/click/551876/site/0;551876;Mise à jour le 24/08/2026;Injection plastique, moulage, surmoulage et découpe laser;Industrie / production / fabrication;;;2200000;;15;1600000;;;oui (cf. Fusacq V81099);"cat.: Production; via Fusacq"
Bpifrance;https://reprise-entreprise.bpifrance.fr/tracking/annonce/click/582672/site/0;582672;Mise à jour le 24/08/2026;Vente de prêt-à-porter;Commerce de détail / e-commerce BtoC;;;4430000;;30;1620000;;;oui (cf. Fusacq V83288);"cat.: Commerce; via Fusacq"
Bpifrance;https://reprise-entreprise.bpifrance.fr/tracking/annonce/click/595972/site/0;595972;Mise à jour le 24/08/2026;BTP - second œuvre;Bâtiment / travaux publics / second œuvre;;;4000000;;19;2708000;;;oui (cf. Fusacq V85365);"cat.: Production; via Fusacq"
Bpifrance;https://reprise-entreprise.bpifrance.fr/tracking/annonce/click/589483/site/0;589483;Mise à jour le 24/08/2026;Étanchéité, bardage et couverture;Bâtiment / travaux publics / second œuvre;;Grand Est;3600000;;18;1320000;;;oui (cf. Fusacq V83965);"cat.: Production; via Fusacq"
Bpifrance;https://reprise-entreprise.bpifrance.fr/tracking/annonce/click/617430/site/0;617430;Mise à jour le 24/08/2026;Production végétale;Industrie / production / fabrication;;;2000000;;15;0;;;oui (cf. Fusacq V87483);"cat.: Production; via Fusacq"
Bpifrance;https://reprise-entreprise.bpifrance.fr/tracking/annonce/click/623446/site/0;623446;Mise à jour le 24/08/2026;Ingénierie, études techniques et logistique de chantiers BTP;Transport & logistique (commissionnaire, affrètement);;Île-de-France;3000000;;50;0;;;;"cat.: Services; via Fusacq"
Bpifrance;https://reprise-entreprise.bpifrance.fr/tracking/annonce/click/633825/site/0;633825;Mise à jour le 24/08/2026;Maçonnerie générale et gros œuvre de bâtiment;Bâtiment / travaux publics / second œuvre;;;1800000;;11;0;;;oui (cf. Fusacq V89568);"cat.: Production; via Transmibat"
Bpifrance;https://reprise-entreprise.bpifrance.fr/tracking/annonce/click/634867/site/0;634867;Mise à jour le 24/08/2026;Négoce et édition réglementaire en ligne;Communication / marketing / édition / imprimerie / PLV;;;3000000;;40;0;;;oui (cf. Fusacq V89575);"cat.: Services; via Fusacq"
Bpifrance;https://reprise-entreprise.bpifrance.fr/tracking/annonce/click/634861/site/0;634861;Mise à jour le 24/08/2026;Infrastructures réseaux et contrôles d'accès;Industrie / production / fabrication;;;4000000;;25;0;;;oui (cf. Fusacq V89468);"cat.: Production; via Fusacq"
Bpifrance;https://reprise-entreprise.bpifrance.fr/tracking/annonce/click/637053/site/0;637053;Mise à jour le 24/08/2026;Fabrication de rangement et aménagement d'intérieurs;Industrie / production / fabrication;;Île-de-France;1300000;;13;790000;;;oui (cf. Fusacq V89919);"cat.: Production; via Cession PME; Fusacq"
Bpifrance;https://reprise-entreprise.bpifrance.fr/tracking/annonce/click/421400/site/0;421400;Mise à jour le 24/08/2026;Charcuterie artisanale;HCR / restauration / tourisme / loisirs;;Île-de-France;2200000;;18;1600000;;;oui (cf. Fusacq V69112);"cat.: Commerce; via Fusacq"
Bpifrance;https://reprise-entreprise.bpifrance.fr/tracking/annonce/click/644448/site/0;644448;Mise à jour le 24/08/2026;Négoce de meubles sous enseigne;Négoce / distribution B2B;;Nouvelle-Aquitaine;4000000;;20;0;;;oui (cf. Fusacq V90670);"cat.: Commerce; via Fusacq"
Bpifrance;https://reprise-entreprise.bpifrance.fr/tracking/annonce/click/647379/site/0;647379;Mise à jour le 24/08/2026;Nettoyage et entretien;Propreté / nettoyage / multiservices;;;1500000;;35;0;;;oui (cf. Fusacq V91032);"cat.: Services; via Fusacq"
Bpifrance;https://reprise-entreprise.bpifrance.fr/tracking/annonce/click/644922/site/0;644922;Mise à jour le 24/08/2026;Centres pare-brise et lavage auto;Autres / non classé;;;1800000;;10;0;;;oui (cf. Fusacq V90695);"cat.: Commerce; via Fusacq"
Bpifrance;https://reprise-entreprise.bpifrance.fr/tracking/annonce/click/643230/site/0;643230;Mise à jour le 24/08/2026;Agencement maîtrise d'œuvre d'espaces de santé;Bâtiment / travaux publics / second œuvre;;;2400000;;10;0;;;oui (cf. Fusacq V90386);"cat.: Production; via Fusacq"
Bpifrance;https://reprise-entreprise.bpifrance.fr/tracking/annonce/click/563297/site/0;563297;Mise à jour le 24/08/2026;Traiteur, 450 m2 en Meurthe et Moselle (54);HCR / restauration / tourisme / loisirs;;;1107000;181000;12;660000;;;;"cat.: Commerce; via Les annonces du commerce; Cession PME; Place des Commerces"
Bpifrance;https://reprise-entreprise.bpifrance.fr/tracking/annonce/click/644895/site/0;644895;Mise à jour le 24/08/2026;Restaurant avec terrasse à Nîmes ;HCR / restauration / tourisme / loisirs;;;1150000;;13;599000;;;;"cat.: Restauration et Tourisme; via Place des Commerces"
Bpifrance;https://reprise-entreprise.bpifrance.fr/tracking/annonce/click/645571/site/0;645571;Mise à jour le 23/08/2026;Entreprise Fabrication Haute Loire;Industrie / production / fabrication;;;3135000;245000;10;1400000;;;;"cat.: Production; via Cession PME"
Bpifrance;https://reprise-entreprise.bpifrance.fr/tracking/annonce/click/643550/site/0;643550;Mise à jour le 23/08/2026;Étanchéité, bardage et désenfumage;Bâtiment / travaux publics / second œuvre;;;2000000;;10;0;;;oui (cf. Fusacq V90508);"cat.: Production; via Fusacq"
Bpifrance;https://reprise-entreprise.bpifrance.fr/tracking/annonce/click/655128/site/0;655128;Mise à jour le 22/08/2026;Fonds de commerce Garage - Station service Proche De Calais;Automobile / 2 roues / nautisme;;;2742000;251000;15;912000;;;;"cat.: Commerce; via Cession PME"
Bpifrance;https://reprise-entreprise.bpifrance.fr/tracking/annonce/click/605537/site/0;605537;Mise à jour le 21/08/2026;Bureau d'études techniques et équipements industriels;Bureau d'études / ingénierie / diagnostics;;;3300000;;17;3570000;;;oui (cf. Fusacq V85658);"cat.: Services; via Fusacq"
Bpifrance;https://reprise-entreprise.bpifrance.fr/tracking/annonce/click/592753/site/0;592753;Mise à jour le 21/08/2026;Transport - citernes pulvérisantes, messagerie, lots complets, affrètement et logistique;Transport & logistique (commissionnaire, affrètement);;Hauts-de-France;4500000;;31;0;;;oui (cf. Fusacq V84468);"cat.: Services; via Fusacq"
Bpifrance;https://reprise-entreprise.bpifrance.fr/tracking/annonce/click/644666/site/0;644666;Mise à jour le 21/08/2026;Nettoyage - sud de France, en Languedoc-Roussillon;Propreté / nettoyage / multiservices;;Occitanie;1500000;315000000;40;1026000;;;;"cat.: Services; via Fusacq"
Bpifrance;https://reprise-entreprise.bpifrance.fr/tracking/annonce/click/644257/site/0;644257;Mise à jour le 21/08/2026;Restaurant, Restaurant gastronomique;HCR / restauration / tourisme / loisirs;;Provence-Alpes-Côte d'Azur;1865000;197000;10;1430000;;;;"cat.: Restauration et Tourisme; via Les annonces du commerce; Cession PME; Place des Commerces"
Bpifrance;https://reprise-entreprise.bpifrance.fr/tracking/annonce/click/644450/site/0;644450;Mise à jour le 21/08/2026;Charpente métallique et serrurerie;Bâtiment / travaux publics / second œuvre;;Auvergne-Rhône-Alpes;5000000;;29;2509000;;;oui (cf. Fusacq V90662);"cat.: Production; via Fusacq"
Bpifrance;https://reprise-entreprise.bpifrance.fr/tracking/annonce/click/588679/site/0;588679;Mise à jour le 21/08/2026;Restauration rapide - brasserie italienne en Alsace;HCR / restauration / tourisme / loisirs;;Grand Est;1286000;153000000;10;715000;;;;"cat.: Restauration et Tourisme; via Place des Commerces"
Bpifrance;https://reprise-entreprise.bpifrance.fr/tracking/annonce/click/631574/site/0;631574;Mise à jour le 20/08/2026;Bar - Brasserie - Tabac LA ROCHELLE;HCR / restauration / tourisme / loisirs;;;1819000;;15;2047500;;;;"cat.: Restauration et Tourisme; via Cession PME"
Bpifrance;https://reprise-entreprise.bpifrance.fr/tracking/annonce/click/633470/site/0;633470;Mise à jour le 20/08/2026;Groupe familial du bâtiment - Entreprise générale avec forte expertise en menuiserie;Bâtiment / travaux publics / second œuvre;;;3400000;;22;1600000;;;oui (cf. Fusacq V89387);"cat.: Production; via Fusacq"
Bpifrance;https://reprise-entreprise.bpifrance.fr/tracking/annonce/click/642633/site/0;642633;Mise à jour le 20/08/2026;Agence de maintien à domicile;Services à la personne / santé à domicile;;;1200000;;38;510000;;;oui (cf. Fusacq V90431);"cat.: Services; via Fusacq"
Bpifrance;https://reprise-entreprise.bpifrance.fr/tracking/annonce/click/657151/site/0;657151;Mise à jour le 20/08/2026;Location de véhicules avec chauffeurs;Automobile / 2 roues / nautisme;;Île-de-France;3000000;;38;0;;;;"cat.: Services; via Fusacq"
Bpifrance;https://reprise-entreprise.bpifrance.fr/tracking/annonce/click/545550/site/0;545550;Mise à jour le 20/08/2026;Boulangerie - pâtisserie sur un emplacement N°1, à Bordeaux ;HCR / restauration / tourisme / loisirs;;;1160000;166000000;14;850000;;;;"cat.: Commerce; via Place des Commerces"
Bpifrance;https://reprise-entreprise.bpifrance.fr/tracking/annonce/click/566814/site/0;566814;Mise à jour le 19/08/2026;Distributeur d'articles pour l'art de la table et d'instruments de cuisines;Négoce / distribution B2B;;;4900000;;22;0;;;oui (cf. Fusacq V82490);"cat.: Commerce; via Fusacq"
Bpifrance;https://reprise-entreprise.bpifrance.fr/tracking/annonce/click/603987/site/0;603987;Mise à jour le 19/08/2026;Hôtel de Grande Capacité aux portes d'Aix en Provence;HCR / restauration / tourisme / loisirs;;Provence-Alpes-Côte d'Azur;1882000;;19;9500000;;;;"cat.: Restauration et Tourisme; via Cession PME; Les annonces du commerce"
Bpifrance;https://reprise-entreprise.bpifrance.fr/tracking/annonce/click/472125/site/0;472125;Mise à jour le 19/08/2026;Désamiantage, sciage béton, démolition de bâtiments, voirie, déconstruction et assainissement;Bâtiment / travaux publics / second œuvre;;;1700000;;10;1600000;;;oui (cf. Fusacq V73095);"cat.: Production; via Fusacq"
Bpifrance;https://reprise-entreprise.bpifrance.fr/tracking/annonce/click/587761/site/0;587761;Mise à jour le 19/08/2026;Travaux de génie civil et de maçonnerie - B2B;Bâtiment / travaux publics / second œuvre;;;3000000;;15;0;;;oui (cf. Fusacq V83775);"cat.: Production; via Fusacq"
Bpifrance;https://reprise-entreprise.bpifrance.fr/tracking/annonce/click/595202/site/0;595202;Mise à jour le 19/08/2026;Concession moto multimarque et vente d'accessoires;Automobile / 2 roues / nautisme;;Auvergne-Rhône-Alpes;4800000;;13;0;;;oui (cf. Fusacq V85273);"cat.: Commerce; via Fusacq"
Bpifrance;https://reprise-entreprise.bpifrance.fr/tracking/annonce/click/619718/site/0;619718;Mise à jour le 19/08/2026;Restaurant MONTPELLIER;HCR / restauration / tourisme / loisirs;;;1257000;;12;1608000;;;;"cat.: Restauration et Tourisme; via Cession PME"
Bpifrance;https://reprise-entreprise.bpifrance.fr/tracking/annonce/click/594063/site/0;594063;Mise à jour le 19/08/2026;Bar, Brasserie, Sandwicherie / Snack licence IV avec terrasse à Aix-les-Bains ;HCR / restauration / tourisme / loisirs;;;2068000;;11;3500000;;;;"cat.: Restauration et Tourisme; via Place des Commerces"
Bpifrance;https://reprise-entreprise.bpifrance.fr/tracking/annonce/click/611427/site/0;611427;Mise à jour le 18/08/2026;Plâtrerie, maçonnerie, peinture, plomberie et électricité;Bâtiment / travaux publics / second œuvre;;;1500000;;11;989000;;;;"cat.: Production; via Fusacq"
Bpifrance;https://reprise-entreprise.bpifrance.fr/tracking/annonce/click/591621/site/0;591621;Mise à jour le 18/08/2026;Boulangeries - Pâtisseries avec 3 points de vente;HCR / restauration / tourisme / loisirs;;;1500000;;30;899000;;;oui (cf. Fusacq V84195);"cat.: Commerce; via Fusacq"
Bpifrance;https://reprise-entreprise.bpifrance.fr/tracking/annonce/click/607502/site/0;607502;Mise à jour le 17/08/2026;Bar - Brasserie - Tabac Indre;HCR / restauration / tourisme / loisirs;;;1500000;278000;12;1100000;;;;"cat.: Restauration et Tourisme; via Cession PME"
Bpifrance;https://reprise-entreprise.bpifrance.fr/tracking/annonce/click/610789/site/0;610789;Mise à jour le 17/08/2026;Entreprise BTP Portes-Les-Valence;Bâtiment / travaux publics / second œuvre;;;2486000;292000;14;890400;;;;"cat.: Production; via Cession PME"
Bpifrance;https://reprise-entreprise.bpifrance.fr/tracking/annonce/click/525590/site/0;525590;Mise à jour le 17/08/2026;Chauffage, ventilation et climatisation;Bâtiment / travaux publics / second œuvre;;;3200000;;27;2000000;;;oui (cf. Fusacq V78546);"cat.: Production; via Fusacq"
Bpifrance;https://reprise-entreprise.bpifrance.fr/tracking/annonce/click/603554/site/0;603554;Mise à jour le 17/08/2026;Magasin Mobilier - Décoration ALBI;Commerce de détail / e-commerce BtoC;;;2671000;;12;224000;;;;"cat.: Commerce; via Cession PME"
Bpifrance;https://reprise-entreprise.bpifrance.fr/tracking/annonce/click/614300/site/0;614300;Mise à jour le 17/08/2026;Fabrication et montage de charpentes métalliques et bardage;Bâtiment / travaux publics / second œuvre;;;3400000;;17;2729000;;;oui (cf. Fusacq V87219);"cat.: Production; via Fusacq"
Bpifrance;https://reprise-entreprise.bpifrance.fr/tracking/annonce/click/632312/site/0;632312;Mise à jour le 17/08/2026;Distribution automatique et snacking;Négoce / distribution B2B;;Provence-Alpes-Côte d'Azur;3000000;;18;1700000;;;oui (cf. Fusacq V89276);"cat.: Commerce; via Fusacq"
Bpifrance;https://reprise-entreprise.bpifrance.fr/tracking/annonce/click/637318/site/0;637318;Mise à jour le 17/08/2026;Menuiserie d'agencement intérieur haut de gamme;Bâtiment / travaux publics / second œuvre;;Grand Est;1000000;;10;0;;;oui (cf. Fusacq V89805);"cat.: Production; via Fusacq"
Bpifrance;https://reprise-entreprise.bpifrance.fr/tracking/annonce/click/644051/site/0;644051;Mise à jour le 17/08/2026;Maçonnerie et terrassement;Bâtiment / travaux publics / second œuvre;;;2400000;;14;560000;;;oui (cf. Fusacq V90534);"cat.: Production; via Fusacq"
Bpifrance;https://reprise-entreprise.bpifrance.fr/tracking/annonce/click/656978/site/0;656978;Mise à jour le 17/08/2026;Menuiseries extérieures - stores et fermetures;Bâtiment / travaux publics / second œuvre;;Provence-Alpes-Côte d'Azur;1600000;;12;440000;;;oui (cf. Fusacq V92087);"cat.: Production; via Fusacq"
Bpifrance;https://reprise-entreprise.bpifrance.fr/tracking/annonce/click/611328/site/0;611328;Mise à jour le 17/08/2026;Boulangerie, pâtisserie, snacking dans une zone touristique, proche de Capbreton ;HCR / restauration / tourisme / loisirs;;;1743000;;19;1348000;;;;"cat.: Commerce; via Place des Commerces"
Bpifrance;https://reprise-entreprise.bpifrance.fr/tracking/annonce/click/512541/site/0;512541;Mise à jour le 16/08/2026;Transport poids lourds;Transport & logistique (commissionnaire, affrètement);;;3250000;;19;2500000;;;oui (cf. Fusacq V76393);"cat.: Services; via Fusacq"
Bpifrance;https://reprise-entreprise.bpifrance.fr/tracking/annonce/click/605677/site/0;605677;Mise à jour le 14/08/2026;Construction et rénovation de piscines;Bâtiment / travaux publics / second œuvre;;;3300000;;24;0;;;oui (cf. Fusacq V86087);"cat.: Production; via Fusacq"
Bpifrance;https://reprise-entreprise.bpifrance.fr/tracking/annonce/click/643741/site/0;643741;Mise à jour le 14/08/2026;Serrurerie - Métallerie;Bâtiment / travaux publics / second œuvre;;;1100000;;11;582000;;;oui (cf. Fusacq V90531);"cat.: Production; via Fusacq"
Bpifrance;https://reprise-entreprise.bpifrance.fr/tracking/annonce/click/642422/site/0;642422;Mise à jour le 14/08/2026;Menuiserie / Fermetures;Bâtiment / travaux publics / second œuvre;;Nouvelle-Aquitaine;1400000;;11;286000;;;oui (cf. Fusacq V81939);"cat.: Production; via Fusacq"
Bpifrance;https://reprise-entreprise.bpifrance.fr/tracking/annonce/click/656838/site/0;656838;Mise à jour le 14/08/2026;Recyclage de palettes et emballages industriels en bois;Négoce / distribution B2B;;;1400000;;10;0;;;;"cat.: Production; via Fusacq"
Bpifrance;https://reprise-entreprise.bpifrance.fr/tracking/annonce/click/610938/site/0;610938;Mise à jour le 13/08/2026;D326;Autres / non classé;;;1744000;342000;19;1348000;;;;"cat.: Commerce; via Les annonces du commerce; Cession PME"
Bpifrance;https://reprise-entreprise.bpifrance.fr/tracking/annonce/click/481483/site/0;481483;Mise à jour le 13/08/2026;Restaurant Paris;HCR / restauration / tourisme / loisirs;;Île-de-France;1960000;;20;3216000;;;;"cat.: Restauration et Tourisme; via Cession PME"
Bpifrance;https://reprise-entreprise.bpifrance.fr/tracking/annonce/click/497254/site/0;497254;Mise à jour le 13/08/2026;Bar - Brasserie - Tabac Cantal;HCR / restauration / tourisme / loisirs;;;1200000;;15;696000;;;;"cat.: Restauration et Tourisme; via Cession PME"
Bpifrance;https://reprise-entreprise.bpifrance.fr/tracking/annonce/click/498983/site/0;498983;Mise à jour le 13/08/2026;Restaurant Pyrénées Atlantiques;HCR / restauration / tourisme / loisirs;;;1200000;;14;750000;;;;"cat.: Restauration et Tourisme; via Cession PME"
Bpifrance;https://reprise-entreprise.bpifrance.fr/tracking/annonce/click/466142/site/0;466142;Mise à jour le 13/08/2026;Bar - Brasserie - Tabac Paris;HCR / restauration / tourisme / loisirs;;Île-de-France;2500000;;13;5360000;;;;"cat.: Restauration et Tourisme; via Cession PME"
Bpifrance;https://reprise-entreprise.bpifrance.fr/tracking/annonce/click/583767/site/0;583767;Mise à jour le 13/08/2026;Restaurant Paris;HCR / restauration / tourisme / loisirs;;Île-de-France;1400000;;12;2144000;;;;"cat.: Restauration et Tourisme; via Cession PME"
Bpifrance;https://reprise-entreprise.bpifrance.fr/tracking/annonce/click/656778/site/0;656778;Mise à jour le 13/08/2026;Mécanique de précision;Industrie / production / fabrication;;Auvergne-Rhône-Alpes;1500000;;10;800000;;;oui (cf. Fusacq V92070);"cat.: Production; via Fusacq"
Bpifrance;https://reprise-entreprise.bpifrance.fr/tracking/annonce/click/656780/site/0;656780;Mise à jour le 13/08/2026;Vente de dispositifs médicaux d'imagerie;Autres / non classé;;;4600000;;29;0;;;oui (cf. Fusacq V92064);"cat.: Services; via Fusacq"
Bpifrance;https://reprise-entreprise.bpifrance.fr/tracking/annonce/click/656777/site/0;656777;Mise à jour le 13/08/2026;Production de pièces techniques pour l'industrie;Industrie / production / fabrication;;Pays de la Loire;3000000;;50;1500000;;;oui (cf. Fusacq V92029);"cat.: Production; via Fusacq"
Bpifrance;https://reprise-entreprise.bpifrance.fr/tracking/annonce/click/656776/site/0;656776;Mise à jour le 13/08/2026;Menuiserie sur mesure;Bâtiment / travaux publics / second œuvre;;;1000000;;10;210000;;;;"cat.: Production; via Fusacq"
Bpifrance;https://reprise-entreprise.bpifrance.fr/tracking/annonce/click/471519/site/0;471519;Mise à jour le 12/08/2026;Carrières d'extraction de pierre, taille de pierre : négoce et pose;Négoce / distribution B2B;;Occitanie;4900000;;49;11000000;;;oui (cf. Fusacq V72946);"cat.: Production; via Fusacq"
Bpifrance;https://reprise-entreprise.bpifrance.fr/tracking/annonce/click/595319/site/0;595319;Mise à jour le 12/08/2026;Bar - Brasserie - Tabac Gers;HCR / restauration / tourisme / loisirs;;;1090000;231000;11;838400;;;;"cat.: Restauration et Tourisme; via Cession PME"
Bpifrance;https://reprise-entreprise.bpifrance.fr/tracking/annonce/click/629645/site/0;629645;Mise à jour le 12/08/2026;Landes (40);HCR / restauration / tourisme / loisirs;;;1740000;218000;15;1081500;;;;"cat.: Restauration et Tourisme; via Les annonces du commerce; Cession PME"
Bpifrance;https://reprise-entreprise.bpifrance.fr/tracking/annonce/click/642898/site/0;642898;Mise à jour le 12/08/2026;Chaudronnerie et tuyauterie;Industrie / production / fabrication;;;2700000;;20;3600000;;;oui (cf. Fusacq V90450);"cat.: Production; via Fusacq"
Bpifrance;https://reprise-entreprise.bpifrance.fr/tracking/annonce/click/656715/site/0;656715;Mise à jour le 12/08/2026;Boulangerie - Pâtisserie Doubs;HCR / restauration / tourisme / loisirs;;;1200000;;12;489600;;;;"cat.: Commerce; via Cession PME"
Bpifrance;https://reprise-entreprise.bpifrance.fr/tracking/annonce/click/630033/site/0;630033;Mise à jour le 12/08/2026;Bar, brasserie, café dans une petite ville dynamique, proche de Mont-de-Marsan ;HCR / restauration / tourisme / loisirs;;;1739000;;11;1081000;;;;"cat.: Restauration et Tourisme; via Place des Commerces"
Bpifrance;https://reprise-entreprise.bpifrance.fr/tracking/annonce/click/590973/site/0;590973;Mise à jour le 12/08/2026;Restauration rapide premium /Zone commerciale;HCR / restauration / tourisme / loisirs;;;1226000;202000;14;495000;;;;"cat.: Restauration et Tourisme; via Les annonces du commerce; Cession PME; Place des Commerces"
Bpifrance;https://reprise-entreprise.bpifrance.fr/tracking/annonce/click/618370/site/0;618370;Mise à jour le 11/08/2026;CESSION FONDS COMMERCE RESTAURANT AVEC TERRASSE ET GRANDE CAPACITE;HCR / restauration / tourisme / loisirs;;;1352000;46000;12;954000;;;;"cat.: Restauration et Tourisme; via Les annonces du commerce; Cession PME"
Bpifrance;https://reprise-entreprise.bpifrance.fr/tracking/annonce/click/632983/site/0;632983;Mise à jour le 11/08/2026;Rénovation tous corps d'état;Bâtiment / travaux publics / second œuvre;;Île-de-France;3200000;;20;2200000;;;oui (cf. Fusacq V89330);"cat.: Production; via Fusacq"
Bpifrance;https://reprise-entreprise.bpifrance.fr/tracking/annonce/click/636374/site/0;636374;Mise à jour le 11/08/2026;Location de véhicules industriels et maintenance hydraulique;Automobile / 2 roues / nautisme;;;4300000;;13;0;;;oui (cf. Fusacq V89514);"cat.: Services; via Fusacq"
Bpifrance;https://reprise-entreprise.bpifrance.fr/tracking/annonce/click/546904/site/0;546904;Mise à jour le 10/08/2026;Production et distribution de charcuteries et produits à griller;Négoce / distribution B2B;;;3200000;;12;0;;;oui (cf. Fusacq V80638);"cat.: Production; via Fusacq"
Bpifrance;https://reprise-entreprise.bpifrance.fr/tracking/annonce/click/521231/site/0;521231;Mise à jour le 10/08/2026;Électricité et climatisation;Bâtiment / travaux publics / second œuvre;;Provence-Alpes-Côte d'Azur;3490000;;20;1800000;;;oui (cf. Fusacq V78030);"cat.: Production; via Fusacq"
Bpifrance;https://reprise-entreprise.bpifrance.fr/tracking/annonce/click/642636/site/0;642636;Mise à jour le 10/08/2026;Menuiserie en bois;Bâtiment / travaux publics / second œuvre;;;2800000;;18;1750000;;;oui (cf. Fusacq V90446);"cat.: Production; via Fusacq"
Bpifrance;https://reprise-entreprise.bpifrance.fr/tracking/annonce/click/642896/site/0;642896;Mise à jour le 10/08/2026;Serrurerie et menuiserie métallique;Bâtiment / travaux publics / second œuvre;;;3000000;;18;0;;;oui (cf. Fusacq V90392);"cat.: Production; via Fusacq"
Bpifrance;https://reprise-entreprise.bpifrance.fr/tracking/annonce/click/642637/site/0;642637;Mise à jour le 10/08/2026;Secteur de la menuiserie;Bâtiment / travaux publics / second œuvre;;Bretagne;3600000;;25;0;;;oui (cf. Fusacq V90447);"cat.: Production; via Fusacq"
Bpifrance;https://reprise-entreprise.bpifrance.fr/tracking/annonce/click/656541/site/0;656541;Mise à jour le 10/08/2026;Préparation et protection de surfaces métalliques;Industrie / production / fabrication;;Provence-Alpes-Côte d'Azur;4100000;;22;0;;;oui (cf. Fusacq V91973);"cat.: Production; via Fusacq"
Bpifrance;https://reprise-entreprise.bpifrance.fr/tracking/annonce/click/618788/site/0;618788;Mise à jour le 10/08/2026;Restaurant avec terrasse près de Dijon ;HCR / restauration / tourisme / loisirs;;;1351000;1000;12;954000;;;;"cat.: Restauration et Tourisme; via Place des Commerces"
Bpifrance;https://reprise-entreprise.bpifrance.fr/tracking/annonce/click/613039/site/0;613039;Mise à jour le 08/08/2026;Bar - Brasserie - Tabac PARIS;HCR / restauration / tourisme / loisirs;;Île-de-France;1414000;86000;12;1608000;;;;"cat.: Restauration et Tourisme; via Cession PME"
Bpifrance;https://reprise-entreprise.bpifrance.fr/tracking/annonce/click/625815/site/0;625815;Mise à jour le 07/08/2026;Cuisine professionnelle, climatisation, pompe à chaleur et hygiène alimentaire;Bâtiment / travaux publics / second œuvre;;Centre-Val de Loire;2000000;;10;0;;;oui (cf. Fusacq V88544);"cat.: Production; via Fusacq"
Bpifrance;https://reprise-entreprise.bpifrance.fr/tracking/annonce/click/628270/site/0;628270;Mise à jour le 07/08/2026;Entreprise Autres Production et Bâtiment;Bâtiment / travaux publics / second œuvre;;Bourgogne-Franche-Comté;3803000;100000;17;2600000;;;;"cat.: Production; via Cession PME"
Bpifrance;https://reprise-entreprise.bpifrance.fr/tracking/annonce/click/656381/site/0;656381;Mise à jour le 07/08/2026;Conseil RH et plateforme SaaS;Services informatiques / ESN / éditeur de logiciel;;Île-de-France;1100000;;12;0;;;oui (cf. Fusacq V92019);"cat.: Services; via Fusacq"
Bpifrance;https://reprise-entreprise.bpifrance.fr/tracking/annonce/click/620114/site/0;620114;Mise à jour le 07/08/2026;Hôtel****, Restaurant, Bar, Spa, bien-être. Murs et Fonds;HCR / restauration / tourisme / loisirs;;;3370000;728000;35;3250000;;;;"cat.: Restauration et Tourisme; via Les annonces du commerce; Cession PME; Place des Commerces"
Bpifrance;https://reprise-entreprise.bpifrance.fr/tracking/annonce/click/656306/site/0;656306;Mise à jour le 06/08/2026;Distribution de matériel agricole et de motoculture;Négoce / distribution B2B;;Auvergne-Rhône-Alpes;3100000;;14;0;;;oui (cf. Fusacq V92005);"cat.: Commerce; via Fusacq"
Bpifrance;https://reprise-entreprise.bpifrance.fr/tracking/annonce/click/656304/site/0;656304;Mise à jour le 06/08/2026;Transformation et façonnage du bois;Industrie / production / fabrication;;;3500000;;16;3086000;;;oui (cf. Fusacq V91981);"cat.: Production; via Fusacq"
Bpifrance;https://reprise-entreprise.bpifrance.fr/tracking/annonce/click/627181/site/0;627181;Mise à jour le 06/08/2026;Restaurant asiatique de 160 m2 à Chambéry ;HCR / restauration / tourisme / loisirs;;;1000000;;10;795000;;;;"cat.: Restauration et Tourisme; via Place des Commerces"
Bpifrance;https://reprise-entreprise.bpifrance.fr/tracking/annonce/click/441755/site/0;441755;Mise à jour le 06/08/2026;Hôtel Restaurant, Bar, Licence IV;HCR / restauration / tourisme / loisirs;;;1114000;202000000;13;550000;;;;"cat.: Restauration et Tourisme; via Place des Commerces; Les annonces du commerce; Cession PME"
Bpifrance;https://reprise-entreprise.bpifrance.fr/tracking/annonce/click/595198/site/0;595198;Mise à jour le 05/08/2026;Boulangerie, pâtisserie, snacking / Emplacement N°1;HCR / restauration / tourisme / loisirs;;;1660000;;19;985000;;;oui (cf. Fusacq V85250);"cat.: Commerce; via Fusacq"
Bpifrance;https://reprise-entreprise.bpifrance.fr/tracking/annonce/click/641216/site/0;641216;Mise à jour le 05/08/2026;Construction et rénovation de biens haut-de-gamme;Bâtiment / travaux publics / second œuvre;;Provence-Alpes-Côte d'Azur;4500000;;15;0;;;oui (cf. Fusacq V90301);"cat.: Production; via Fusacq"
Bpifrance;https://reprise-entreprise.bpifrance.fr/tracking/annonce/click/656217/site/0;656217;Mise à jour le 05/08/2026;Agence de conseil et communication;Communication / marketing / édition / imprimerie / PLV;;;3000000;;28;0;;;;"cat.: Services; via Fusacq"
Bpifrance;https://reprise-entreprise.bpifrance.fr/tracking/annonce/click/656216/site/0;656216;Mise à jour le 05/08/2026;Centres de kinésithérapie;Santé / pharmacie / laboratoire / cabinet médical;;Provence-Alpes-Côte d'Azur;3200000;;28;1740000;;;oui (cf. Fusacq V91992);"cat.: Services; via Fusacq"
Bpifrance;https://reprise-entreprise.bpifrance.fr/tracking/annonce/click/627148/site/0;627148;Mise à jour le 05/08/2026;Boulangerie, pâtisserie, snacking sur un emplacement N°1, en Gironde (33);HCR / restauration / tourisme / loisirs;;;1646000;400000000;19;985000;;;;"cat.: Commerce; via Place des Commerces"
Bpifrance;https://reprise-entreprise.bpifrance.fr/tracking/annonce/click/605559/site/0;605559;Mise à jour le 04/08/2026;Distribution de matériel de motoculture;Négoce / distribution B2B;;Nouvelle-Aquitaine;3500000;;15;1720000;;;;"cat.: Services; via Fusacq"
Bpifrance;https://reprise-entreprise.bpifrance.fr/tracking/annonce/click/512527/site/0;512527;Mise à jour le 04/08/2026;Carrosserie automobile VL;Automobile / 2 roues / nautisme;;Île-de-France;1500000;;10;0;;;oui (cf. Fusacq V76329);"cat.: Commerce; via Fusacq"
Bpifrance;https://reprise-entreprise.bpifrance.fr/tracking/annonce/click/538535/site/0;538535;Mise à jour le 04/08/2026;Bar - Brasserie - Tabac Indre et Loire;HCR / restauration / tourisme / loisirs;;;1407000;;11;1550000;;;;"cat.: Restauration et Tourisme; via Cession PME"
Bpifrance;https://reprise-entreprise.bpifrance.fr/tracking/annonce/click/646743/site/0;646743;Mise à jour le 04/08/2026;Menuiserie et agencement;Bâtiment / travaux publics / second œuvre;;;1250000;;11;1170000;;;;"cat.: Production; via Fusacq"
Bpifrance;https://reprise-entreprise.bpifrance.fr/tracking/annonce/click/656058/site/0;656058;Mise à jour le 04/08/2026;Groupe de boulangeries - pâtisseries artisanales avec 3 sites;HCR / restauration / tourisme / loisirs;;;2300000;;28;1300000;;;oui (cf. Fusacq V91952);"cat.: Commerce; via Fusacq"
Bpifrance;https://reprise-entreprise.bpifrance.fr/tracking/annonce/click/656057/site/0;656057;Mise à jour le 04/08/2026;Fabrication des ouvrages en acier sur-mesure;Industrie / production / fabrication;;;3800000;;17;1200000;;;oui (cf. Fusacq V91957);"cat.: Production; via Fusacq"
Bpifrance;https://reprise-entreprise.bpifrance.fr/tracking/annonce/click/656055/site/0;656055;Mise à jour le 04/08/2026;Essais de performance des pneumatiques et solutions d'équipements associées;Bureau d'études / ingénierie / diagnostics;;;2900000;;18;0;;;oui (cf. Fusacq V91962);"cat.: Services; via Fusacq"
Bpifrance;https://reprise-entreprise.bpifrance.fr/tracking/annonce/click/608591/site/0;608591;Mise à jour le 03/08/2026;Plomberie, chauffage et climatisation;Bâtiment / travaux publics / second œuvre;;;1850000;;10;1908000;;;oui (cf. Fusacq V86600);"cat.: Production; via Fusacq"
Bpifrance;https://reprise-entreprise.bpifrance.fr/tracking/annonce/click/612428/site/0;612428;Mise à jour le 03/08/2026;Couverture et charpente;Bâtiment / travaux publics / second œuvre;;;2600000;;20;1100000;;;oui (cf. Fusacq V87032);"cat.: Production; via Fusacq"
Bpifrance;https://reprise-entreprise.bpifrance.fr/tracking/annonce/click/479603/site/0;479603;Mise à jour le 03/08/2026;Traiteur haut de gamme pour mariages et réceptions;HCR / restauration / tourisme / loisirs;;Île-de-France;1800000;;10;0;;;oui (cf. Fusacq V73815);"cat.: Restauration et Tourisme; via Fusacq"
Bpifrance;https://reprise-entreprise.bpifrance.fr/tracking/annonce/click/605566/site/0;605566;Mise à jour le 03/08/2026;Solutions de mesure et d'acquisition haute précision;Autres / non classé;;;2535000;;13;1400000;;;;"cat.: Commerce; via Fusacq"
Bpifrance;https://reprise-entreprise.bpifrance.fr/tracking/annonce/click/542862/site/0;542862;Mise à jour le 03/08/2026;Métiers du bois, couverture, terrassement, maçonnerie et aménagement;Bâtiment / travaux publics / second œuvre;;Nouvelle-Aquitaine;1650000;;13;939000;;;oui (cf. Fusacq V80299);"cat.: Production; via Fusacq"
Bpifrance;https://reprise-entreprise.bpifrance.fr/tracking/annonce/click/471381/site/0;471381;Mise à jour le 03/08/2026;Usinage, fraisage et tournage;Industrie / production / fabrication;;;1200000;;10;1000000;;;oui (cf. Fusacq V72777);"cat.: Production; via Fusacq"
Bpifrance;https://reprise-entreprise.bpifrance.fr/tracking/annonce/click/532261/site/0;532261;Mise à jour le 03/08/2026;Électricité, équipement industriel et mécanique générale;Bâtiment / travaux publics / second œuvre;;Nouvelle-Aquitaine;5000000;;30;2203000;;;;"cat.: Services; via Fusacq"
Bpifrance;https://reprise-entreprise.bpifrance.fr/tracking/annonce/click/593878/site/0;593878;Mise à jour le 03/08/2026;Acteur digital leader dans l'hospitality;Services informatiques / ESN / éditeur de logiciel;;;1000000;;15;0;;;oui (cf. Fusacq V84588);"cat.: Services; via Fusacq"
Bpifrance;https://reprise-entreprise.bpifrance.fr/tracking/annonce/click/599114/site/0;599114;Mise à jour le 03/08/2026;Climatisation et froid industriel;Bâtiment / travaux publics / second œuvre;;Auvergne-Rhône-Alpes;2500000;;11;1688000;;;oui (cf. Fusacq V85642);"cat.: Production; via Fusacq"
Bpifrance;https://reprise-entreprise.bpifrance.fr/tracking/annonce/click/635064/site/0;635064;Mise à jour le 03/08/2026;Hôtellerie 2* Restauration gastronomique / Traiteur;HCR / restauration / tourisme / loisirs;;;1700000;;13;1250000;;;oui (cf. Fusacq V89598);"cat.: Restauration et Tourisme; via Fusacq"
Bpifrance;https://reprise-entreprise.bpifrance.fr/tracking/annonce/click/650104/site/0;650104;Mise à jour le 03/08/2026;Métallerie, fabrication et pose d'habillage architectural de façade et de décoration intérieure;Bâtiment / travaux publics / second œuvre;;;2500000;;10;0;;;oui (cf. Fusacq V91332);"cat.: Production; via Fusacq"
Bpifrance;https://reprise-entreprise.bpifrance.fr/tracking/annonce/click/641217/site/0;641217;Mise à jour le 03/08/2026;Éditeur de logiciels de niche : dématérialisation des appels d'offres;Services informatiques / ESN / éditeur de logiciel;;Provence-Alpes-Côte d'Azur;2300000;;27;0;;;oui (cf. Fusacq V90302);"cat.: Services; via Fusacq"
Bpifrance;https://reprise-entreprise.bpifrance.fr/tracking/annonce/click/656161/site/0;656161;Mise à jour le 03/08/2026;Activité de maçonnerie Qualibat / RGE;Bâtiment / travaux publics / second œuvre;;;1600000;;12;450000;;;oui (cf. Fusacq V92001);"cat.: Production; via Transmibat"
Bpifrance;https://reprise-entreprise.bpifrance.fr/tracking/annonce/click/656050/site/0;656050;Mise à jour le 03/08/2026;Nettoyage des sols et certaines surfaces vitrées;Propreté / nettoyage / multiservices;;Provence-Alpes-Côte d'Azur;1000000;;20;290000;;;oui (cf. Fusacq V91941);"cat.: Services; via Fusacq"
Bpifrance;https://reprise-entreprise.bpifrance.fr/tracking/annonce/click/651285/site/0;651285;Mise à jour le 02/08/2026;Hôtel - Hôtel restaurant Valenciennes;HCR / restauration / tourisme / loisirs;;;1700000;150000;15;1250000;;;;"cat.: Restauration et Tourisme; via Cession PME"
Bpifrance;https://reprise-entreprise.bpifrance.fr/tracking/annonce/click/467447/site/0;467447;Mise à jour le 01/08/2026;Hôtel - Hôtel restaurant MORZINE;HCR / restauration / tourisme / loisirs;;;3101000;1276000;17;18000000;;;;"cat.: Restauration et Tourisme; via Cession PME"
Bpifrance;https://reprise-entreprise.bpifrance.fr/tracking/annonce/click/642078/site/0;642078;Mise à jour le 01/08/2026;Restaurant PARIS;HCR / restauration / tourisme / loisirs;;Île-de-France;1320000;;10;1750000;;;;"cat.: Restauration et Tourisme; via Cession PME"
Bpifrance;https://reprise-entreprise.bpifrance.fr/tracking/annonce/click/641951/site/0;641951;Mise à jour le 01/08/2026;Travail des métaux, construction mécanique, vente et réparation de matériel agricole;Négoce / distribution B2B;;Bourgogne-Franche-Comté;3800000;;17;2600000;;;oui (cf. Fusacq V89383);"cat.: Production; via Fusacq"
Bpifrance;https://reprise-entreprise.bpifrance.fr/tracking/annonce/click/579352/site/0;579352;Mise à jour le 31/07/2026;Fabricant de kit de maison en bois massif de qualité;Industrie / production / fabrication;;;1200000;;10;2500000;;;oui (cf. Fusacq V82977);"cat.: Production; via Fusacq"
Bpifrance;https://reprise-entreprise.bpifrance.fr/tracking/annonce/click/634964/site/0;634964;Mise à jour le 31/07/2026;Restaurant LYON;HCR / restauration / tourisme / loisirs;;;2200000;;26;2950000;;;;"cat.: Restauration et Tourisme; via Cession PME"
Bpifrance;https://reprise-entreprise.bpifrance.fr/tracking/annonce/click/655785/site/0;655785;Mise à jour le 31/07/2026;Peinture, revêtements de sols, ravalement et isolation thermique par l'extérieur;Bureau d'études / ingénierie / diagnostics;;;4000000;;35;0;;;oui (cf. Fusacq V91922);"cat.: Production; via Fusacq"
Bpifrance;https://reprise-entreprise.bpifrance.fr/tracking/annonce/click/655790/site/0;655790;Mise à jour le 31/07/2026;Serrurerie, métallerie et menuiserie extérieure;Bâtiment / travaux publics / second œuvre;;Île-de-France;3100000;;18;0;;;oui (cf. Fusacq V91927);"cat.: Production; via Fusacq"
Bpifrance;https://reprise-entreprise.bpifrance.fr/tracking/annonce/click/655933/site/0;655933;Mise à jour le 31/07/2026;Officine de proximité dans un quartier résidentiel, en Gironde (33);Santé / pharmacie / laboratoire / cabinet médical;;;3397000;125000000;10;3000000;;;;"cat.: Services; via Place des Commerces"
Bpifrance;https://reprise-entreprise.bpifrance.fr/tracking/annonce/click/542404/site/0;542404;Mise à jour le 30/07/2026;Bar - Brasserie - Tabac Seine et Marne;HCR / restauration / tourisme / loisirs;;Île-de-France;1755000;;13;1501000;;;;"cat.: Restauration et Tourisme; via Cession PME"
Bpifrance;https://reprise-entreprise.bpifrance.fr/tracking/annonce/click/461140/site/0;461140;Mise à jour le 30/07/2026;Vente, réparation de moto et accessoires;Automobile / 2 roues / nautisme;;Grand Est;2045000;;10;0;;;oui (cf. Fusacq V71978);"cat.: Commerce; via Fusacq"
Bpifrance;https://reprise-entreprise.bpifrance.fr/tracking/annonce/click/468280/site/0;468280;Mise à jour le 30/07/2026;Restaurant Val de Marne;HCR / restauration / tourisme / loisirs;;Île-de-France;1238000;;10;804000;;;;"cat.: Restauration et Tourisme; via Cession PME"
Bpifrance;https://reprise-entreprise.bpifrance.fr/tracking/annonce/click/591708/site/0;591708;Mise à jour le 30/07/2026;Bar - Brasserie - Tabac Val de Marne;HCR / restauration / tourisme / loisirs;;Île-de-France;2050000;;12;4073000;;;;"cat.: Restauration et Tourisme; via Cession PME"
Bpifrance;https://reprise-entreprise.bpifrance.fr/tracking/annonce/click/628560/site/0;628560;Mise à jour le 30/07/2026;Transport poids lourds;Transport & logistique (commissionnaire, affrètement);;;2700000;;22;1619000;;;oui (cf. Fusacq V86734);"cat.: Services; via Fusacq"
Bpifrance;https://reprise-entreprise.bpifrance.fr/tracking/annonce/click/631601/site/0;631601;Mise à jour le 30/07/2026;Bar - Brasserie - Tabac Seine et Marne;HCR / restauration / tourisme / loisirs;;Île-de-France;2655000;;27;2250000;;;;"cat.: Restauration et Tourisme; via Cession PME"
Bpifrance;https://reprise-entreprise.bpifrance.fr/tracking/annonce/click/655853/site/0;655853;Mise à jour le 30/07/2026;Bar - Brasserie - Tabac Paris;HCR / restauration / tourisme / loisirs;;Île-de-France;1860000;;14;3216000;;;;"cat.: Restauration et Tourisme; via Cession PME"
Bpifrance;https://reprise-entreprise.bpifrance.fr/tracking/annonce/click/650088/site/0;650088;Mise à jour le 30/07/2026;Peinture, décoration aménagements sols et murs en Seine Maritime (76);Bâtiment / travaux publics / second œuvre;;;1200000;;20;1210000;;;;"cat.: Commerce; via Place des Commerces; Fusacq"
Bpifrance;https://reprise-entreprise.bpifrance.fr/tracking/annonce/click/611875/site/0;611875;Mise à jour le 29/07/2026;Groupe de 6 micro-crèches;Services à la personne / santé à domicile;;;1300000;;22;1350000;;;oui (cf. Fusacq V86995);"cat.: Services; via Fusacq"
Bpifrance;https://reprise-entreprise.bpifrance.fr/tracking/annonce/click/554176/site/0;554176;Mise à jour le 29/07/2026;Génie climatique, plomberie, électricité et désenfumage;Bâtiment / travaux publics / second œuvre;;Provence-Alpes-Côte d'Azur;3900000;;12;600000;;;oui (cf. Fusacq V81363);"cat.: Services; via Fusacq"
Bpifrance;https://reprise-entreprise.bpifrance.fr/tracking/annonce/click/552106/site/0;552106;Mise à jour le 29/07/2026;Peinture et ravalement de bâtiments;Bâtiment / travaux publics / second œuvre;;;1000000;;12;666000;;;oui (cf. Fusacq V81101);"cat.: Production; via Fusacq"
Bpifrance;https://reprise-entreprise.bpifrance.fr/tracking/annonce/click/616826/site/0;616826;Mise à jour le 29/07/2026;Restaurant BEZIERS;HCR / restauration / tourisme / loisirs;;;1075000;;15;545000;;;;"cat.: Restauration et Tourisme; via Cession PME"
Bpifrance;https://reprise-entreprise.bpifrance.fr/tracking/annonce/click/641506/site/0;641506;Mise à jour le 29/07/2026;Formulation et conditionnement de produits chimiques sur mesure;Industrie / production / fabrication;;Hauts-de-France;2400000;;12;0;;;oui (cf. Fusacq V90325);"cat.: Production; via Fusacq"
Bpifrance;https://reprise-entreprise.bpifrance.fr/tracking/annonce/click/641503/site/0;641503;Mise à jour le 29/07/2026;Ambulances, VSL et taxis;Autres / non classé;;;1100000;;14;0;;;oui (cf. Fusacq V90290);"cat.: Services; via Fusacq"
Bpifrance;https://reprise-entreprise.bpifrance.fr/tracking/annonce/click/641212/site/0;641212;Mise à jour le 29/07/2026;Tuyauterie industrielle;Industrie / production / fabrication;;;1900000;;12;0;;;oui (cf. Fusacq V90288);"cat.: Production; via Fusacq"
Bpifrance;https://reprise-entreprise.bpifrance.fr/tracking/annonce/click/641210/site/0;641210;Mise à jour le 29/07/2026;Fabricant français de jeux de société et d'autres articles de divertissement;Industrie / production / fabrication;;;2400000;;19;857000;;;oui (cf. Fusacq V90280);"cat.: Production; via Fusacq"
Bpifrance;https://reprise-entreprise.bpifrance.fr/tracking/annonce/click/654493/site/0;654493;Mise à jour le 29/07/2026;Génie climatique;Industrie / production / fabrication;;Provence-Alpes-Côte d'Azur;1500000;260000;11;1700000;;;oui (cf. Fusacq V91885);"cat.: Production; via Cession PME; Fusacq"
Bpifrance;https://reprise-entreprise.bpifrance.fr/tracking/annonce/click/655540/site/0;655540;Mise à jour le 29/07/2026;Boulangerie - Pâtisserie Proche De Villefranche Sur Saone;HCR / restauration / tourisme / loisirs;;;1000000;;10;650000;;;;"cat.: Commerce; via Cession PME"
Bpifrance;https://reprise-entreprise.bpifrance.fr/tracking/annonce/click/655488/site/0;655488;Mise à jour le 29/07/2026;Transport de marchandises - 3 sociétés;Transport & logistique (commissionnaire, affrètement);;Grand Est;3600000;;28;0;;;oui (cf. Fusacq V91892);"cat.: Services; via Fusacq"
Bpifrance;https://reprise-entreprise.bpifrance.fr/tracking/annonce/click/610153/site/0;610153;Mise à jour le 28/07/2026;Rénovation énergétique;Bâtiment / travaux publics / second œuvre;;Nouvelle-Aquitaine;2700000;;13;0;;;oui (cf. Fusacq V86747);"cat.: Production; via Fusacq"
Bpifrance;https://reprise-entreprise.bpifrance.fr/tracking/annonce/click/525814/site/0;525814;Mise à jour le 28/07/2026;VENTE RESTAURANT NICE PROCHE JEAN MEDECIN FERME LES WE;HCR / restauration / tourisme / loisirs;;Provence-Alpes-Côte d'Azur;1267000;373000;10;990000;;;;"cat.: Restauration et Tourisme; via Les annonces du commerce; Cession PME; Place des Commerces"
Bpifrance;https://reprise-entreprise.bpifrance.fr/tracking/annonce/click/624743/site/0;624743;Mise à jour le 28/07/2026;Conception, fabrication et pose d'escaliers et garde-corps;Industrie / production / fabrication;;;3300000;;20;0;;;oui (cf. Fusacq V88381);"cat.: Production; via Fusacq"
Bpifrance;https://reprise-entreprise.bpifrance.fr/tracking/annonce/click/631152/site/0;631152;Mise à jour le 28/07/2026;Systèmes de classement et stockages automatisés;Autres / non classé;;;3200000;;15;0;;;oui (cf. Fusacq V89160);"cat.: Commerce; via Fusacq"
Bpifrance;https://reprise-entreprise.bpifrance.fr/tracking/annonce/click/638190/site/0;638190;Mise à jour le 28/07/2026;Mécanique de précision;Industrie / production / fabrication;;Centre-Val de Loire;1400000;;13;0;;;oui (cf. Fusacq V91146);"cat.: Production; via Fusacq"
Bpifrance;https://reprise-entreprise.bpifrance.fr/tracking/annonce/click/640443/site/0;640443;Mise à jour le 28/07/2026;Bar - Brasserie - Tabac NICE;HCR / restauration / tourisme / loisirs;;Provence-Alpes-Côte d'Azur;3800000;;27;3150000;;;;"cat.: Restauration et Tourisme; via Cession PME"
Bpifrance;https://reprise-entreprise.bpifrance.fr/tracking/annonce/click/655325/site/0;655325;Mise à jour le 28/07/2026;Agence de communication, scénographie et digital;Services informatiques / ESN / éditeur de logiciel;;;1500000;;11;0;;;;"cat.: Services; via Fusacq"
Bpifrance;https://reprise-entreprise.bpifrance.fr/tracking/annonce/click/655326/site/0;655326;Mise à jour le 28/07/2026;Mécanique générale et de précision;Industrie / production / fabrication;;;2200000;;14;0;;;oui (cf. Fusacq V91796);"cat.: Production; via Fusacq"
Bpifrance;https://reprise-entreprise.bpifrance.fr/tracking/annonce/click/611143/site/0;611143;Mise à jour le 27/07/2026;Location de matériel de transport avec chauffeur;Transport & logistique (commissionnaire, affrètement);;Nouvelle-Aquitaine;2700000;;20;893000;;;oui (cf. Fusacq V86841);"cat.: Services; via Fusacq"
Bpifrance;https://reprise-entreprise.bpifrance.fr/tracking/annonce/click/589485/site/0;589485;Mise à jour le 27/07/2026;Réparation et maintenance en poids lourds;Automobile / 2 roues / nautisme;;Auvergne-Rhône-Alpes;3200000;;10;2600000;;;oui (cf. Fusacq V83973);"cat.: Commerce; via Fusacq"
Bpifrance;https://reprise-entreprise.bpifrance.fr/tracking/annonce/click/469312/site/0;469312;Mise à jour le 27/07/2026;Menuiserie et autres travaux liés au bâtiment;Bâtiment / travaux publics / second œuvre;;Nouvelle-Aquitaine;1730000;;15;733000;;;oui (cf. Fusacq V72519);"cat.: Production; via Fusacq"
Bpifrance;https://reprise-entreprise.bpifrance.fr/tracking/annonce/click/557502/site/0;557502;Mise à jour le 27/07/2026;Restaurant LYON;HCR / restauration / tourisme / loisirs;;;1000000;;10;850000;;;;"cat.: Restauration et Tourisme; via Cession PME"
Bpifrance;https://reprise-entreprise.bpifrance.fr/tracking/annonce/click/595616/site/0;595616;Mise à jour le 27/07/2026;Commerce Restauration rapide LYON;HCR / restauration / tourisme / loisirs;;;1400000;;15;1060000;;;;"cat.: Restauration et Tourisme; via Cession PME"
Bpifrance;https://reprise-entreprise.bpifrance.fr/tracking/annonce/click/621146/site/0;621146;Mise à jour le 27/07/2026;Domaine de loisirs expérientiel avec hébergement nature premium;Services informatiques / ESN / éditeur de logiciel;;Île-de-France;1700000;;11;0;;;oui (cf. Fusacq V87956);"cat.: Services; via Fusacq"
Bpifrance;https://reprise-entreprise.bpifrance.fr/tracking/annonce/click/623443/site/0;623443;Mise à jour le 27/07/2026;Fabrication de produits en caoutchouc et elastomères;Industrie / production / fabrication;;Île-de-France;2300000;;12;0;;;;"cat.: Production; via Fusacq"
Bpifrance;https://reprise-entreprise.bpifrance.fr/tracking/annonce/click/628998/site/0;628998;Mise à jour le 27/07/2026;Plâtrerie et peinture;Bâtiment / travaux publics / second œuvre;;;1100000;;11;0;;;oui (cf. Fusacq V89003);"cat.: Production; via Transmibat"
Bpifrance;https://reprise-entreprise.bpifrance.fr/tracking/annonce/click/652199/site/0;652199;Mise à jour le 27/07/2026;Travaux d'accès difficile et maintenance technique du bâtiment;Bâtiment / travaux publics / second œuvre;;Occitanie;2450000;;25;0;;;oui (cf. Fusacq V86430);"cat.: Production; via Fusacq"
Bpifrance;https://reprise-entreprise.bpifrance.fr/tracking/annonce/click/655329/site/0;655329;Mise à jour le 27/07/2026;Électricité générale : Courants forts / faibles;Bâtiment / travaux publics / second œuvre;;Occitanie;1500000;;15;0;;;;"cat.: Production; via Fusacq"
Bpifrance;https://reprise-entreprise.bpifrance.fr/tracking/annonce/click/655320/site/0;655320;Mise à jour le 27/07/2026;Conception et installation de structures métalliques;Industrie / production / fabrication;;;5000000;;20;0;;;oui (cf. Fusacq V91283);"cat.: Production; via Fusacq"
Bpifrance;https://reprise-entreprise.bpifrance.fr/tracking/annonce/click/527608/site/0;527608;Mise à jour le 26/07/2026;Boulangerie - Pâtisserie Hérault;HCR / restauration / tourisme / loisirs;;;1150000;;13;973000;;;;"cat.: Commerce; via Cession PME"
Bpifrance;https://reprise-entreprise.bpifrance.fr/tracking/annonce/click/502494/site/0;502494;Mise à jour le 26/07/2026;Entreprise BTP;Bâtiment / travaux publics / second œuvre;;Pays de la Loire;3500000;0;25;0;;;;"cat.: Production; via Cession PME"
Bpifrance;https://reprise-entreprise.bpifrance.fr/tracking/annonce/click/609504/site/0;609504;Mise à jour le 24/07/2026;Bar - Brasserie - Tabac Cote d'opale;HCR / restauration / tourisme / loisirs;;;1712000;393000;15;1470000;;;;"cat.: Restauration et Tourisme; via Cession PME"
Bpifrance;https://reprise-entreprise.bpifrance.fr/tracking/annonce/click/494351/site/0;494351;Mise à jour le 24/07/2026;Restaurant 140 couverts avec terrasse dans une zone industrielle, à Aubagne ;HCR / restauration / tourisme / loisirs;;Provence-Alpes-Côte d'Azur;1091000;167574000;16;499000;;;;"cat.: Restauration et Tourisme; via Place des Commerces"
Bpifrance;https://reprise-entreprise.bpifrance.fr/tracking/annonce/click/623014/site/0;623014;Mise à jour le 24/07/2026;Mécanique de précision & décolletage;Industrie / production / fabrication;;Auvergne-Rhône-Alpes;4500000;;15;4600000;;;;"cat.: Production; via Fusacq"
Bpifrance;https://reprise-entreprise.bpifrance.fr/tracking/annonce/click/640722/site/0;640722;Mise à jour le 24/07/2026;Décolletage et usinage;Industrie / production / fabrication;;Bretagne;2600000;;20;0;;;oui (cf. Fusacq V90216);"cat.: Production; via Fusacq"
Bpifrance;https://reprise-entreprise.bpifrance.fr/tracking/annonce/click/640719/site/0;640719;Mise à jour le 24/07/2026;Vente ambulante de fournitures d'outillage - Deux sociétés;Négoce / distribution B2B;;;1855000;;12;648000;;;oui (cf. Fusacq V89850);"cat.: Commerce; via Fusacq"
Bpifrance;https://reprise-entreprise.bpifrance.fr/tracking/annonce/click/647850/site/0;647850;Mise à jour le 24/07/2026;Digital Wellness & Consumer Products Platform | Global E-commerce Business;Services informatiques / ESN / éditeur de logiciel;;;1600000;;20;0;;;;"cat.: Commerce; via Fusacq"
Bpifrance;https://reprise-entreprise.bpifrance.fr/tracking/annonce/click/652201/site/0;652201;Mise à jour le 24/07/2026;Travail des métaux pour secteurs industriels exigeants;Industrie / production / fabrication;;;4000000;;21;0;;;oui (cf. Fusacq V88452);"cat.: Production; via Fusacq"
Bpifrance;https://reprise-entreprise.bpifrance.fr/tracking/annonce/click/654775/site/0;654775;Mise à jour le 24/07/2026;Bureau d'études techniques en fluides;Bureau d'études / ingénierie / diagnostics;;Pays de la Loire;2000000;;20;2700000;;;oui (cf. Fusacq V91798);"cat.: Services; via Fusacq"
Bpifrance;https://reprise-entreprise.bpifrance.fr/tracking/annonce/click/649963/site/0;649963;Mise à jour le 24/07/2026;BRASSERIE PIZZERIA -AFFAIRE DE DIRECTION - CA 1 500 000 €;HCR / restauration / tourisme / loisirs;;;1509000;331000;11;1100000;;;;"cat.: Restauration et Tourisme; via Cession PME; Place des Commerces; Les annonces du commerce"
Bpifrance;https://reprise-entreprise.bpifrance.fr/tracking/annonce/click/512890/site/0;512890;Mise à jour le 23/07/2026;Construction et mise en service de réseaux électriques et télécom;Services informatiques / ESN / éditeur de logiciel;;Provence-Alpes-Côte d'Azur;2300000;160000;17;850000;;;oui (cf. Fusacq V77403);"cat.: Production; via Fusacq; Cession PME"
Bpifrance;https://reprise-entreprise.bpifrance.fr/tracking/annonce/click/517868/site/0;517868;Mise à jour le 23/07/2026;Garage VN - VO et carrosserie;Automobile / 2 roues / nautisme;;Provence-Alpes-Côte d'Azur;2500000;;12;4220000;;;oui (cf. Fusacq V76731);"cat.: Commerce; via Fusacq"
Bpifrance;https://reprise-entreprise.bpifrance.fr/tracking/annonce/click/623707/site/0;623707;Mise à jour le 23/07/2026;Services à la personne et aux entreprises;Services à la personne / santé à domicile;;;1000000;;22;0;;;oui (cf. Fusacq V88409);"cat.: Services; via Fusacq"
Bpifrance;https://reprise-entreprise.bpifrance.fr/tracking/annonce/click/640495/site/0;640495;Mise à jour le 23/07/2026;Négoce de fournitures industrielles, quincaillerie et EPI;Négoce / distribution B2B;;Auvergne-Rhône-Alpes;3000000;;13;0;;;oui (cf. Fusacq V90190);"cat.: Commerce; via Fusacq"
Bpifrance;https://reprise-entreprise.bpifrance.fr/tracking/annonce/click/654620/site/0;654620;Mise à jour le 23/07/2026;Agent commercial exclusif - Distribution d'articles de sport et de loisirs;Négoce / distribution B2B;;Nouvelle-Aquitaine;1000000;;20;0;;;oui (cf. Fusacq V91777);"cat.: Commerce; via Fusacq"
Bpifrance;https://reprise-entreprise.bpifrance.fr/tracking/annonce/click/610230/site/0;610230;Mise à jour le 23/07/2026;Restaurant, grill, pizzeria en Charente (16);HCR / restauration / tourisme / loisirs;;;1172000;174000;14;440000;;;;"cat.: Restauration et Tourisme; via Les annonces du commerce; Cession PME; Place des Commerces"
Bpifrance;https://reprise-entreprise.bpifrance.fr/tracking/annonce/click/610867/site/0;610867;Mise à jour le 22/07/2026;Producteur de foie gras et de produits gascons;Industrie / production / fabrication;;;1700000;;12;2600000;;;oui (cf. Fusacq V86837);"cat.: Production; via Fusacq"
Bpifrance;https://reprise-entreprise.bpifrance.fr/tracking/annonce/click/561177/site/0;561177;Mise à jour le 22/07/2026;Entreprise générale de bâtiment;Bâtiment / travaux publics / second œuvre;;;1800000;;15;900000;;;oui (cf. Fusacq V82069);"cat.: Production; via Fusacq"
Bpifrance;https://reprise-entreprise.bpifrance.fr/tracking/annonce/click/475188/site/0;475188;Mise à jour le 22/07/2026;Transport dernier kilomètre;Transport & logistique (commissionnaire, affrètement);;;1400000;;17;2300000;;;oui (cf. Fusacq V73276);"cat.: Services; via Fusacq"
Bpifrance;https://reprise-entreprise.bpifrance.fr/tracking/annonce/click/556180/site/0;556180;Mise à jour le 22/07/2026;Cabinet d'architectes;Conseil / expertise / services administratifs aux entreprises (BPO);;;1200000;;10;0;;;oui (cf. Fusacq V81623);"cat.: Services; via Fusacq"
Bpifrance;https://reprise-entreprise.bpifrance.fr/tracking/annonce/click/585558/site/0;585558;Mise à jour le 22/07/2026;Maçonnerie, carrelage et assainissement;Bâtiment / travaux publics / second œuvre;;;2600000;;20;490000;;;oui (cf. Fusacq V81679);"cat.: Production; via Transmibat"
Bpifrance;https://reprise-entreprise.bpifrance.fr/tracking/annonce/click/585560/site/0;585560;Mise à jour le 22/07/2026;Menuiserie, charpente, ossature bois, isolation et bardage;Bâtiment / travaux publics / second œuvre;;;2000000;;15;700000;;;oui (cf. Fusacq V81826);"cat.: Production; via Transmibat"
Bpifrance;https://reprise-entreprise.bpifrance.fr/tracking/annonce/click/630069/site/0;630069;Mise à jour le 22/07/2026;Organisme de formation spécialisé multisites;Formation professionnelle / organisme de formation;;;4500000;;50;0;;;oui (cf. Fusacq V89045);"cat.: Services; via Fusacq"
Bpifrance;https://reprise-entreprise.bpifrance.fr/tracking/annonce/click/387703/site/0;387703;Mise à jour le 22/07/2026;Construction maisons individuelles;Industrie / production / fabrication;;Normandie;2500000;;15;3300000;;;oui (cf. Fusacq V65206);"cat.: Production; via Fusacq"
Bpifrance;https://reprise-entreprise.bpifrance.fr/tracking/annonce/click/375728/site/0;375728;Mise à jour le 22/07/2026;Hôtel restaurant 3* d'environ 60 chambres avec salle de séminaire;HCR / restauration / tourisme / loisirs;;;1700000;;15;5830000;;;oui (cf. Fusacq V64110);"cat.: Restauration et Tourisme; via Fusacq"
Bpifrance;https://reprise-entreprise.bpifrance.fr/tracking/annonce/click/413626/site/0;413626;Mise à jour le 22/07/2026;Fabrication de moules pour fonderie et composites et usinage de pièces complexes;Industrie / production / fabrication;;Auvergne-Rhône-Alpes;1600000;;10;0;;;oui (cf. Fusacq V68056);"cat.: Production; via Fusacq"
Bpifrance;https://reprise-entreprise.bpifrance.fr/tracking/annonce/click/644455/site/0;644455;Mise à jour le 22/07/2026;Assainissement - Réhabilitation de réseaux sans tranchée;Industrie / production / fabrication;;;4000000;;18;0;;;oui (cf. Fusacq V90672);"cat.: Production; via Fusacq"
Bpifrance;https://reprise-entreprise.bpifrance.fr/tracking/annonce/click/654439/site/0;654439;Mise à jour le 22/07/2026;Fabrication d'équipements industriels;Industrie / production / fabrication;;Nouvelle-Aquitaine;3700000;;30;0;;;oui (cf. Fusacq V91718);"cat.: Production; via Fusacq"
Bpifrance;https://reprise-entreprise.bpifrance.fr/tracking/annonce/click/654437/site/0;654437;Mise à jour le 22/07/2026;Holding offrant des prestations juridiques, financières et administratives;Conseil / expertise / services administratifs aux entreprises (BPO);;;3300000;;22;0;;;oui (cf. Fusacq V91747);"cat.: Services; via Fusacq"
Bpifrance;https://reprise-entreprise.bpifrance.fr/tracking/annonce/click/654430/site/0;654430;Mise à jour le 22/07/2026;IA française propriétaire & souveraine B2B;Autres / non classé;;;1800000;;12;0;;;;"cat.: Services; via Fusacq"
Bpifrance;https://reprise-entreprise.bpifrance.fr/tracking/annonce/click/654433/site/0;654433;Mise à jour le 22/07/2026;Travaux publics;Bâtiment / travaux publics / second œuvre;;;3400000;;12;580000;;;oui (cf. Fusacq V91734);"cat.: Production; via Fusacq"
Bpifrance;https://reprise-entreprise.bpifrance.fr/tracking/annonce/click/597831/site/0;597831;Mise à jour le 21/07/2026;Location de machines et équipements pour la construction;Autres / non classé;;Provence-Alpes-Côte d'Azur;1850000;;12;2600000;;;oui (cf. Fusacq V85205);"cat.: Services; via Fusacq"
Bpifrance;https://reprise-entreprise.bpifrance.fr/tracking/annonce/click/478204/site/0;478204;Mise à jour le 21/07/2026;Métallerie, serrurerie et chaudronnerie;Bâtiment / travaux publics / second œuvre;;;4025000;;30;0;;;oui (cf. Fusacq V73632);"cat.: Production; via Fusacq"
Bpifrance;https://reprise-entreprise.bpifrance.fr/tracking/annonce/click/575692/site/0;575692;Mise à jour le 21/07/2026;Logistique 3PL et conditionnement;Transport & logistique (commissionnaire, affrètement);;Hauts-de-France;4000000;;20;0;;;oui (cf. Fusacq V82665);"cat.: Services; via Fusacq"
Bpifrance;https://reprise-entreprise.bpifrance.fr/tracking/annonce/click/591835/site/0;591835;Mise à jour le 21/07/2026;Maçonnerie et gros œuvre;Bâtiment / travaux publics / second œuvre;;;1200000;;12;699000;;;oui (cf. Fusacq V84245);"cat.: Production; via Fusacq"
Bpifrance;https://reprise-entreprise.bpifrance.fr/tracking/annonce/click/621389/site/0;621389;Mise à jour le 21/07/2026;Site de loisirs, hôtellerie, restauration, événementiel et spectacles;Communication / marketing / édition / imprimerie / PLV;;;1700000;;28;5700000;;;oui (cf. Fusacq V87931);"cat.: Restauration et Tourisme; via Fusacq"
Bpifrance;https://reprise-entreprise.bpifrance.fr/tracking/annonce/click/630327/site/0;630327;Mise à jour le 21/07/2026;Prestataire premium de services linguistiques BtoB;Autres / non classé;;;1800000;;15;0;;;oui (cf. Fusacq V89098);"cat.: Services; via Fusacq"
Bpifrance;https://reprise-entreprise.bpifrance.fr/tracking/annonce/click/638188/site/0;638188;Mise à jour le 21/07/2026;Conseil en financement des acteurs de la culture;Conseil / expertise / services administratifs aux entreprises (BPO);;Île-de-France;2400000;;15;0;;;oui (cf. Fusacq V89862);"cat.: Services; via Fusacq"
Bpifrance;https://reprise-entreprise.bpifrance.fr/tracking/annonce/click/640060/site/0;640060;Mise à jour le 21/07/2026;Production de plants destinés aux professionnels du végétal;Industrie / production / fabrication;;;2000000;;15;0;;;oui (cf. Fusacq V90138);"cat.: Production; via Fusacq"
Bpifrance;https://reprise-entreprise.bpifrance.fr/tracking/annonce/click/640063/site/0;640063;Mise à jour le 21/07/2026;Leader des Services Autonomie à Domicile (SAD) et du portage de repas;Services à la personne / santé à domicile;;;2200000;;50;1200000;;;oui (cf. Fusacq V90142);"cat.: Services; via Fusacq"
Bpifrance;https://reprise-entreprise.bpifrance.fr/tracking/annonce/click/639914/site/0;639914;Mise à jour le 21/07/2026;Boulangerie Pâtisserie Snacking - Ville côtière -CA + 1M€;HCR / restauration / tourisme / loisirs;;;1071000;261000;15;860000;;;;"cat.: Commerce; via Les annonces du commerce; Cession PME; Place des Commerces"
Bpifrance;https://reprise-entreprise.bpifrance.fr/tracking/annonce/click/605547/site/0;605547;Mise à jour le 20/07/2026;Installation électrique - courants forts et courants faibles;Bâtiment / travaux publics / second œuvre;;Centre-Val de Loire;3200000;;36;0;;;oui (cf. Fusacq V85703);"cat.: Production; via Fusacq"
Bpifrance;https://reprise-entreprise.bpifrance.fr/tracking/annonce/click/609786/site/0;609786;Mise à jour le 20/07/2026;Bâtiment : Travaux de peinture;Bâtiment / travaux publics / second œuvre;;Nouvelle-Aquitaine;4000000;;30;1100000;;;oui (cf. Fusacq V86688);"cat.: Production; via Transmibat"
Bpifrance;https://reprise-entreprise.bpifrance.fr/tracking/annonce/click/609575/site/0;609575;Mise à jour le 20/07/2026;Bijouterie - horlogerie sous enseigne avec 5 magasins rénovés;Commerce de détail / e-commerce BtoC;;;2730000;;17;2020000;;;oui (cf. Fusacq V86513);"cat.: Commerce; via Fusacq"
Bpifrance;https://reprise-entreprise.bpifrance.fr/tracking/annonce/click/610152/site/0;610152;Mise à jour le 20/07/2026;Revêtement de sols et murs;Bâtiment / travaux publics / second œuvre;;Grand Est;2400000;;15;935000;;;oui (cf. Fusacq V86729);"cat.: Production; via Fusacq"
Bpifrance;https://reprise-entreprise.bpifrance.fr/tracking/annonce/click/609333/site/0;609333;Mise à jour le 20/07/2026;Usinage et assemblage de pièces de grande dimension;Industrie / production / fabrication;;Bourgogne-Franche-Comté;3400000;;30;2100000;;;oui (cf. Fusacq V86643);"cat.: Production; via Fusacq"
Bpifrance;https://reprise-entreprise.bpifrance.fr/tracking/annonce/click/467979/site/0;467979;Mise à jour le 20/07/2026;Restauration collective;HCR / restauration / tourisme / loisirs;;Auvergne-Rhône-Alpes;4000000;;40;1750000;;;oui (cf. Fusacq V72258);"cat.: Restauration et Tourisme; via Fusacq"
Bpifrance;https://reprise-entreprise.bpifrance.fr/tracking/annonce/click/533945/site/0;533945;Mise à jour le 20/07/2026;Marketing opérationnel spécialisé dans le secteur des nouvelles technologies;Communication / marketing / édition / imprimerie / PLV;;Provence-Alpes-Côte d'Azur;1300000;;20;700000;;;oui (cf. Fusacq V79394);"cat.: Services; via Fusacq"
Bpifrance;https://reprise-entreprise.bpifrance.fr/tracking/annonce/click/589473/site/0;589473;Mise à jour le 20/07/2026;Boucherie, charcuterie, traiteur et épicerie fine (3 établissements);HCR / restauration / tourisme / loisirs;;;3100000;;30;880000;;;oui (cf. Fusacq V83723);"cat.: Commerce; via Fusacq"
Bpifrance;https://reprise-entreprise.bpifrance.fr/tracking/annonce/click/622814/site/0;622814;Mise à jour le 20/07/2026;Vente et pose de poêles et cheminées;Bâtiment / travaux publics / second œuvre;;Pays de la Loire;1900000;;12;950000;;;oui (cf. Fusacq V88302);"cat.: Commerce; via Fusacq"
Bpifrance;https://reprise-entreprise.bpifrance.fr/tracking/annonce/click/628085/site/0;628085;Mise à jour le 20/07/2026;Location de vaisselle et matériel de cuisine;Négoce / distribution B2B;;;1400000;;13;1500000;;;oui (cf. Fusacq V88810);"cat.: Services; via Fusacq"
Bpifrance;https://reprise-entreprise.bpifrance.fr/tracking/annonce/click/639660/site/0;639660;Mise à jour le 20/07/2026;Travaux de maçonnerie générale et gros œuvre du bâtiment;Bâtiment / travaux publics / second œuvre;;Pays de la Loire;2900000;;14;2200000;;;oui (cf. Fusacq V90099);"cat.: Production; via Fusacq"
Bpifrance;https://reprise-entreprise.bpifrance.fr/tracking/annonce/click/639859/site/0;639859;Mise à jour le 20/07/2026;Géomarketing et outils digitaux de la connaissance et de l'activation client;Communication / marketing / édition / imprimerie / PLV;;Pays de la Loire;2300000;;23;0;;;oui (cf. Fusacq V90116);"cat.: Services; via Fusacq"
Bpifrance;https://reprise-entreprise.bpifrance.fr/tracking/annonce/click/290212/site/0;290212;Mise à jour le 20/07/2026;Boulangerie - Pâtisserie BEZIERS;HCR / restauration / tourisme / loisirs;;;1450000;;13;1150000;;;;"cat.: Commerce; via Cession PME"
Bpifrance;https://reprise-entreprise.bpifrance.fr/tracking/annonce/click/639852/site/0;639852;Mise à jour le 20/07/2026;Charcuterie / traiteur : production et distribution locale;Négoce / distribution B2B;;;2600000;;20;0;;;oui (cf. Fusacq V90009);"cat.: Commerce; via Fusacq"
Bpifrance;https://reprise-entreprise.bpifrance.fr/tracking/annonce/click/639853/site/0;639853;Mise à jour le 20/07/2026;Systèmes de sécurité incendie et anti-intrusion, contrôle d'accès et caméras;Autres / non classé;;;3800000;;15;4400000;;;oui (cf. Fusacq V90075);"cat.: Services; via Fusacq"
Bpifrance;https://reprise-entreprise.bpifrance.fr/tracking/annonce/click/639860/site/0;639860;Mise à jour le 20/07/2026;Fabrication de structures métalliques pour véhicules industriels;Automobile / 2 roues / nautisme;;;2900000;;20;0;;;;"cat.: Production; via Fusacq"
Bpifrance;https://reprise-entreprise.bpifrance.fr/tracking/annonce/click/654176/site/0;654176;Mise à jour le 20/07/2026;Électricité générale - courant fort, courant faible et sécurité incendie;Bâtiment / travaux publics / second œuvre;;Île-de-France;3600000;;13;3300000;;;oui (cf. Fusacq V91694);"cat.: Production; via Fusacq"
Bpifrance;https://reprise-entreprise.bpifrance.fr/tracking/annonce/click/654169/site/0;654169;Mise à jour le 20/07/2026;Conception, fabrication et pose de menuiserie sur-mesure;Bâtiment / travaux publics / second œuvre;;Bourgogne-Franche-Comté;2300000;;18;0;;;oui (cf. Fusacq V91696);"cat.: Production; via Fusacq"
Bpifrance;https://reprise-entreprise.bpifrance.fr/tracking/annonce/click/654111/site/0;654111;Mise à jour le 20/07/2026;Restaurant Epinal;HCR / restauration / tourisme / loisirs;;;1676000;;15;350000;;;;"cat.: Restauration et Tourisme; via Cession PME"
Bpifrance;https://reprise-entreprise.bpifrance.fr/tracking/annonce/click/654179/site/0;654179;Mise à jour le 20/07/2026;Activités de charcuterie traditionnelle et de traiteur événementiel;Communication / marketing / édition / imprimerie / PLV;;Auvergne-Rhône-Alpes;1100000;;14;600000;;;oui (cf. Fusacq V91699);"cat.: Restauration et Tourisme; via Fusacq"
Bpifrance;https://reprise-entreprise.bpifrance.fr/tracking/annonce/click/613163/site/0;613163;Mise à jour le 18/07/2026;Bar - Brasserie - Tabac ARCACHON;HCR / restauration / tourisme / loisirs;;;1774000;;13;2200000;;;;"cat.: Restauration et Tourisme; via Cession PME"
Bpifrance;https://reprise-entreprise.bpifrance.fr/tracking/annonce/click/602688/site/0;602688;Mise à jour le 18/07/2026;Bar - Brasserie - Tabac vence;HCR / restauration / tourisme / loisirs;;Provence-Alpes-Côte d'Azur;1327000;;10;1417500;;;;"cat.: Restauration et Tourisme; via Cession PME"
Bpifrance;https://reprise-entreprise.bpifrance.fr/tracking/annonce/click/551363/site/0;551363;Mise à jour le 18/07/2026;Crêperie - Pizzeria BORDEAUX;HCR / restauration / tourisme / loisirs;;;1879000;;17;2100000;;;;"cat.: Restauration et Tourisme; via Cession PME"
Bpifrance;https://reprise-entreprise.bpifrance.fr/tracking/annonce/click/613824/site/0;613824;Mise à jour le 18/07/2026;Restaurant TOULOUSE;HCR / restauration / tourisme / loisirs;;;1200000;;11;419250;;;;"cat.: Restauration et Tourisme; via Cession PME"
Bpifrance;https://reprise-entreprise.bpifrance.fr/tracking/annonce/click/547466/site/0;547466;Mise à jour le 18/07/2026;Restaurant BORDEAUX;HCR / restauration / tourisme / loisirs;;;1151000;;11;1266000;;;;"cat.: Restauration et Tourisme; via Cession PME"
Bpifrance;https://reprise-entreprise.bpifrance.fr/tracking/annonce/click/543316/site/0;543316;Mise à jour le 18/07/2026;Bar - Brasserie - Tabac ARCACHON;HCR / restauration / tourisme / loisirs;;;1217000;;14;2210000;;;;"cat.: Restauration et Tourisme; via Cession PME"
Bpifrance;https://reprise-entreprise.bpifrance.fr/tracking/annonce/click/555531/site/0;555531;Mise à jour le 18/07/2026;Bar - Brasserie - Tabac nord bassin;HCR / restauration / tourisme / loisirs;;;1068000;;14;852000;;;;"cat.: Restauration et Tourisme; via Cession PME"
Bpifrance;https://reprise-entreprise.bpifrance.fr/tracking/annonce/click/532361/site/0;532361;Mise à jour le 18/07/2026;Restaurant ARCACHON;HCR / restauration / tourisme / loisirs;;;1299000;;16;905000;;;;"cat.: Restauration et Tourisme; via Cession PME"
Bpifrance;https://reprise-entreprise.bpifrance.fr/tracking/annonce/click/574473/site/0;574473;Mise à jour le 18/07/2026;Bar - Brasserie - Tabac BORDEAUX;HCR / restauration / tourisme / loisirs;;;1156000;;10;588500;;;;"cat.: Restauration et Tourisme; via Cession PME"
Bpifrance;https://reprise-entreprise.bpifrance.fr/tracking/annonce/click/601211/site/0;601211;Mise à jour le 18/07/2026;Restaurant st laurent du var;HCR / restauration / tourisme / loisirs;;Provence-Alpes-Côte d'Azur;1411000;117000;15;1007000;;;;"cat.: Restauration et Tourisme; via Cession PME"
Bpifrance;https://reprise-entreprise.bpifrance.fr/tracking/annonce/click/586602/site/0;586602;Mise à jour le 18/07/2026;Restaurant BRUGES;HCR / restauration / tourisme / loisirs;;;1289000;;13;1384000;;;;"cat.: Restauration et Tourisme; via Cession PME"
Bpifrance;https://reprise-entreprise.bpifrance.fr/tracking/annonce/click/618422/site/0;618422;Mise à jour le 18/07/2026;Restaurant ARCACHON;HCR / restauration / tourisme / loisirs;;;1092000;;16;852000;;;;"cat.: Restauration et Tourisme; via Cession PME"
Bpifrance;https://reprise-entreprise.bpifrance.fr/tracking/annonce/click/614352/site/0;614352;Mise à jour le 18/07/2026;Bar - Brasserie - Tabac TOULOUSE;HCR / restauration / tourisme / loisirs;;;1000000;;11;692000;;;;"cat.: Restauration et Tourisme; via Cession PME"
Bpifrance;https://reprise-entreprise.bpifrance.fr/tracking/annonce/click/628893/site/0;628893;Mise à jour le 18/07/2026;Bar - Brasserie - Tabac BORDEAUX;HCR / restauration / tourisme / loisirs;;;1218000;;14;1300000;;;;"cat.: Restauration et Tourisme; via Cession PME"
Bpifrance;https://reprise-entreprise.bpifrance.fr/tracking/annonce/click/628414/site/0;628414;Mise à jour le 18/07/2026;Bar - Brasserie - Tabac BORDEAUX;HCR / restauration / tourisme / loisirs;;;1363000;;16;1470000;;;;"cat.: Restauration et Tourisme; via Cession PME"
Bpifrance;https://reprise-entreprise.bpifrance.fr/tracking/annonce/click/635665/site/0;635665;Mise à jour le 18/07/2026;Bar - Brasserie - Tabac BORDEAUX;HCR / restauration / tourisme / loisirs;;;1526000;;11;1976000;;;;"cat.: Restauration et Tourisme; via Cession PME"
Bpifrance;https://reprise-entreprise.bpifrance.fr/tracking/annonce/click/649421/site/0;649421;Mise à jour le 18/07/2026;Restaurant le cannet;HCR / restauration / tourisme / loisirs;;Provence-Alpes-Côte d'Azur;1136000;262000;10;775060;;;;"cat.: Restauration et Tourisme; via Cession PME"
Bpifrance;https://reprise-entreprise.bpifrance.fr/tracking/annonce/click/639106/site/0;639106;Mise à jour le 18/07/2026;Commerce Restauration rapide cagnes sur mer;HCR / restauration / tourisme / loisirs;;Provence-Alpes-Côte d'Azur;1702000;321000;12;1365000;;;;"cat.: Restauration et Tourisme; via Cession PME"
Bpifrance;https://reprise-entreprise.bpifrance.fr/tracking/annonce/click/652991/site/0;652991;Mise à jour le 18/07/2026;Restaurant TOULOUSE;HCR / restauration / tourisme / loisirs;;;2567000;;35;1580000;;;;"cat.: Restauration et Tourisme; via Cession PME"
Bpifrance;https://reprise-entreprise.bpifrance.fr/tracking/annonce/click/652637/site/0;652637;Mise à jour le 18/07/2026;Bar - Brasserie - Tabac HERAULT;HCR / restauration / tourisme / loisirs;;;1477000;;14;1010000;;;;"cat.: Restauration et Tourisme; via Cession PME"
Bpifrance;https://reprise-entreprise.bpifrance.fr/tracking/annonce/click/634327/site/0;634327;Mise à jour le 17/07/2026;Boulangerie - Pâtisserie Entre Calais Et Dunkerque;HCR / restauration / tourisme / loisirs;;;1035000;;13;795000;;;;"cat.: Commerce; via Cession PME"
Bpifrance;https://reprise-entreprise.bpifrance.fr/tracking/annonce/click/639655/site/0;639655;Mise à jour le 17/07/2026;Laboratoire de prothèses dentaires;Santé / pharmacie / laboratoire / cabinet médical;;;2200000;;20;0;;;oui (cf. Fusacq V89851);"cat.: Production; via Fusacq"
Bpifrance;https://reprise-entreprise.bpifrance.fr/tracking/annonce/click/639654/site/0;639654;Mise à jour le 17/07/2026;Stockage de produits, gestion de stocks et logistique;Transport & logistique (commissionnaire, affrètement);;;1900000;;15;0;;;oui (cf. Fusacq V89844);"cat.: Services; via Fusacq"
Bpifrance;https://reprise-entreprise.bpifrance.fr/tracking/annonce/click/652790/site/0;652790;Mise à jour le 17/07/2026;Groupe d'ingénierie multi-expertises dédié aux infrastructures techniques;Bureau d'études / ingénierie / diagnostics;;Île-de-France;3800000;;20;7000000;;;oui (cf. Fusacq V91551);"cat.: Services; via Fusacq"
Bpifrance;https://reprise-entreprise.bpifrance.fr/tracking/annonce/click/653819/site/0;653819;Mise à jour le 17/07/2026;Nettoyage tertiaire;Propreté / nettoyage / multiservices;;Hauts-de-France;1600000;;40;800000;;;oui (cf. Fusacq V91683);"cat.: Services; via Fusacq"
Bpifrance;https://reprise-entreprise.bpifrance.fr/tracking/annonce/click/653815/site/0;653815;Mise à jour le 17/07/2026;Travaux métalliques spécifiques pour marchés publics;Industrie / production / fabrication;;Provence-Alpes-Côte d'Azur;2000000;;11;1600000;;;oui (cf. Fusacq V91693);"cat.: Production; via Fusacq"
Bpifrance;https://reprise-entreprise.bpifrance.fr/tracking/annonce/click/653816/site/0;653816;Mise à jour le 17/07/2026;Grossiste en fleurs, plantes, fournitures et accessoires;Négoce / distribution B2B;;Provence-Alpes-Côte d'Azur;3500000;;16;605000;;;oui (cf. Fusacq V91391);"cat.: Commerce; via Fusacq"
Bpifrance;https://reprise-entreprise.bpifrance.fr/tracking/annonce/click/610641/site/0;610641;Mise à jour le 16/07/2026;Métallerie, chaudronnerie, usinage de précision et tôlerie industrielle;Bâtiment / travaux publics / second œuvre;;;1800000;;14;0;;;oui (cf. Fusacq V86810);"cat.: Production; via Fusacq"
Bpifrance;https://reprise-entreprise.bpifrance.fr/tracking/annonce/click/491808/site/0;491808;Mise à jour le 16/07/2026;Boulangerie - Pâtisserie CLERMONT FERRAND;HCR / restauration / tourisme / loisirs;;;1355000;;14;852800;;;;"cat.: Commerce; via Cession PME"
Bpifrance;https://reprise-entreprise.bpifrance.fr/tracking/annonce/click/605420/site/0;605420;Mise à jour le 16/07/2026;Entreprise Plomberie - Chauffage ANGERS;Bâtiment / travaux publics / second œuvre;;;1624000;;10;1045000;;;;"cat.: Production; via Cession PME"
Bpifrance;https://reprise-entreprise.bpifrance.fr/tracking/annonce/click/492940/site/0;492940;Mise à jour le 16/07/2026;Boulangerie - Pâtisserie Alpes Maritimes;HCR / restauration / tourisme / loisirs;;Provence-Alpes-Côte d'Azur;2665000;;20;2428800;;;;"cat.: Commerce; via Cession PME"
Bpifrance;https://reprise-entreprise.bpifrance.fr/tracking/annonce/click/512477/site/0;512477;Mise à jour le 16/07/2026;Mobilité : Fabrication de deux roues;Industrie / production / fabrication;;;3000000;;10;4288000;;;oui (cf. Fusacq V76123);"cat.: Commerce; via Fusacq"
Bpifrance;https://reprise-entreprise.bpifrance.fr/tracking/annonce/click/526024/site/0;526024;Mise à jour le 16/07/2026;Travaux d'installation électrique (générale et industrielle);Bâtiment / travaux publics / second œuvre;;;1820000;;18;750000;;;oui (cf. Fusacq V78623);"cat.: Production; via Fusacq"
Bpifrance;https://reprise-entreprise.bpifrance.fr/tracking/annonce/click/522680/site/0;522680;Mise à jour le 16/07/2026;Boulangerie - Pâtisserie Doubs;HCR / restauration / tourisme / loisirs;;;1300000;;12;571200;;;;"cat.: Commerce; via Cession PME"
Bpifrance;https://reprise-entreprise.bpifrance.fr/tracking/annonce/click/538685/site/0;538685;Mise à jour le 16/07/2026;Design et rénovation de biens immobiliers de luxe;Bâtiment / travaux publics / second œuvre;;Provence-Alpes-Côte d'Azur;2400000;;15;0;;;oui (cf. Fusacq V79847);"cat.: Services; via Fusacq"
Bpifrance;https://reprise-entreprise.bpifrance.fr/tracking/annonce/click/555440/site/0;555440;Mise à jour le 16/07/2026;Transport international en bennes et fonds mouvants;Transport & logistique (commissionnaire, affrètement);;;2200000;;10;0;;;;"cat.: Services; via Fusacq"
Bpifrance;https://reprise-entreprise.bpifrance.fr/tracking/annonce/click/512515/site/0;512515;Mise à jour le 16/07/2026;Métallerie - serrurerie;Bâtiment / travaux publics / second œuvre;;;2600000;;12;1900000;;;oui (cf. Fusacq V76260);"cat.: Production; via Fusacq"
Bpifrance;https://reprise-entreprise.bpifrance.fr/tracking/annonce/click/532137/site/0;532137;Mise à jour le 16/07/2026;Menuiseries métalliques avec bureau d'études intégré;Bureau d'études / ingénierie / diagnostics;;;2020000;;10;1400000;;;oui (cf. Fusacq V79216);"cat.: Production; via Fusacq"
Bpifrance;https://reprise-entreprise.bpifrance.fr/tracking/annonce/click/595906/site/0;595906;Mise à jour le 16/07/2026;Boulangerie - Pâtisserie Gard;HCR / restauration / tourisme / loisirs;;;3000000;;34;2346000;;;;"cat.: Commerce; via Cession PME"
Bpifrance;https://reprise-entreprise.bpifrance.fr/tracking/annonce/click/623147/site/0;623147;Mise à jour le 16/07/2026;Génie climatique et électrique;Industrie / production / fabrication;;;1400000;;12;0;;;oui (cf. Fusacq V88455);"cat.: Production; via Transmibat"
Bpifrance;https://reprise-entreprise.bpifrance.fr/tracking/annonce/click/628292/site/0;628292;Mise à jour le 16/07/2026;Chaudronnerie, ferronnerie et métallerie-serrurerie;Bâtiment / travaux publics / second œuvre;;;1600000;;19;0;;;oui (cf. Fusacq V88957);"cat.: Services; via Transmibat"
Bpifrance;https://reprise-entreprise.bpifrance.fr/tracking/annonce/click/637483/site/0;637483;Mise à jour le 16/07/2026;Travaux de plâtrerie et isolation;Bâtiment / travaux publics / second œuvre;;;1800000;;11;0;;;oui (cf. Fusacq V89930);"cat.: Production; via Transmibat"
Bpifrance;https://reprise-entreprise.bpifrance.fr/tracking/annonce/click/639412/site/0;639412;Mise à jour le 16/07/2026;Fabrication et pose de vérandas, pergolas et fermetures;Bâtiment / travaux publics / second œuvre;;;1500000;;11;275000;;;oui (cf. Fusacq V90004);"cat.: Production; via Fusacq"
Bpifrance;https://reprise-entreprise.bpifrance.fr/tracking/annonce/click/653415/site/0;653415;Mise à jour le 16/07/2026;Travaux de maçonnerie et de rénovation;Bâtiment / travaux publics / second œuvre;;Île-de-France;2600000;;11;0;;;oui (cf. Fusacq V91662);"cat.: Production; via Fusacq"
Bpifrance;https://reprise-entreprise.bpifrance.fr/tracking/annonce/click/652537/site/0;652537;Mise à jour le 16/07/2026;Menuiserie extérieure;Bâtiment / travaux publics / second œuvre;;;4000000;;16;1311000;;;oui (cf. Fusacq V91674);"cat.: Production; via Cession PME; Fusacq"
Bpifrance;https://reprise-entreprise.bpifrance.fr/tracking/annonce/click/609045/site/0;609045;Mise à jour le 15/07/2026;Fabrication, négoce et SAV de pompes hydrauliques;Négoce / distribution B2B;;Bourgogne-Franche-Comté;2300000;;12;3100000;;;oui (cf. Fusacq V86640);"cat.: Commerce; via Fusacq"
Bpifrance;https://reprise-entreprise.bpifrance.fr/tracking/annonce/click/522588/site/0;522588;Mise à jour le 15/07/2026;Mécanique générale de précision;Industrie / production / fabrication;;Nouvelle-Aquitaine;3400000;;31;2300000;;;;"cat.: Production; via Fusacq"
Bpifrance;https://reprise-entreprise.bpifrance.fr/tracking/annonce/click/578496/site/0;578496;Mise à jour le 15/07/2026;Motoculture de plaisance;Autres / non classé;;Nouvelle-Aquitaine;2700000;;15;0;;;oui (cf. Fusacq V82951);"cat.: Commerce; via Fusacq"
Bpifrance;https://reprise-entreprise.bpifrance.fr/tracking/annonce/click/596166/site/0;596166;Mise à jour le 15/07/2026;Installation de CVC et sanitaires;Industrie / production / fabrication;;;2500000;;14;0;;;;"cat.: Production; via Fusacq"
Bpifrance;https://reprise-entreprise.bpifrance.fr/tracking/annonce/click/594882/site/0;594882;Mise à jour le 15/07/2026;Fonds de commerce Garage - Station service;Automobile / 2 roues / nautisme;;Auvergne-Rhône-Alpes;4800000;250000;13;1600000;;;;"cat.: Commerce; via Cession PME"
Bpifrance;https://reprise-entreprise.bpifrance.fr/tracking/annonce/click/585554/site/0;585554;Mise à jour le 15/07/2026;Charpente, couverture et zinguerie;Bâtiment / travaux publics / second œuvre;;;1500000;;11;0;;;oui (cf. Fusacq V80552);"cat.: Production; via Transmibat"
Bpifrance;https://reprise-entreprise.bpifrance.fr/tracking/annonce/click/621473/site/0;621473;Mise à jour le 15/07/2026;Mécanique industrielle - Bureau d'études;Bureau d'études / ingénierie / diagnostics;;Centre-Val de Loire;1500000;;13;0;;;oui (cf. Fusacq V88012);"cat.: Production; via Fusacq"
Bpifrance;https://reprise-entreprise.bpifrance.fr/tracking/annonce/click/627224/site/0;627224;Mise à jour le 15/07/2026;Entreprise générale de construction;Industrie / production / fabrication;;;4700000;;12;0;;;;"cat.: Production; via Fusacq"
Bpifrance;https://reprise-entreprise.bpifrance.fr/tracking/annonce/click/628563/site/0;628563;Mise à jour le 15/07/2026;Camping 4* verdoyant d'environ 200 emplacements;HCR / restauration / tourisme / loisirs;;Provence-Alpes-Côte d'Azur;1100000;;10;5698000;;;oui (cf. Fusacq V88835);"cat.: Restauration et Tourisme; via Fusacq"
Bpifrance;https://reprise-entreprise.bpifrance.fr/tracking/annonce/click/369700/site/0;369700;Mise à jour le 15/07/2026;Garage mécanique, carrosserie, vente de véhicules;Automobile / 2 roues / nautisme;;;4700000;;15;1822000;;;oui (cf. Fusacq V61376);"cat.: Commerce; via Fusacq"
Bpifrance;https://reprise-entreprise.bpifrance.fr/tracking/annonce/click/389070/site/0;389070;Mise à jour le 15/07/2026;Transports poids lourd et logistique;Transport & logistique (commissionnaire, affrètement);;;3928000;;28;1200000;;;oui (cf. Fusacq V65281);"cat.: Services; via Fusacq"
Bpifrance;https://reprise-entreprise.bpifrance.fr/tracking/annonce/click/437355/site/0;437355;Mise à jour le 15/07/2026;Mécanique industrielle;Industrie / production / fabrication;;;2230000;;15;1600000;;;oui (cf. Fusacq V70671);"cat.: Production; via Fusacq"
Bpifrance;https://reprise-entreprise.bpifrance.fr/tracking/annonce/click/651048/site/0;651048;Mise à jour le 15/07/2026;Entreprise de travaux publics et terrassement;Bâtiment / travaux publics / second œuvre;;;3500000;;20;750000;;;oui (cf. Fusacq V91462);"cat.: Production; via Fusacq"
Bpifrance;https://reprise-entreprise.bpifrance.fr/tracking/annonce/click/653472/site/0;653472;Mise à jour le 15/07/2026;Boulangerie - Pâtisserie Jura;HCR / restauration / tourisme / loisirs;;;1250000;;13;816000;;;;"cat.: Commerce; via Cession PME"
Bpifrance;https://reprise-entreprise.bpifrance.fr/tracking/annonce/click/653352/site/0;653352;Mise à jour le 15/07/2026;Agence digitale responsable;Services informatiques / ESN / éditeur de logiciel;;Île-de-France;2700000;;35;0;;;oui (cf. Fusacq V91632);"cat.: Services; via Fusacq"
Bpifrance;https://reprise-entreprise.bpifrance.fr/tracking/annonce/click/608758/site/0;608758;Mise à jour le 14/07/2026;Entreprise BTP Vendée;Bâtiment / travaux publics / second œuvre;;;2500000;;10;813000;;;;"cat.: Production; via Cession PME"
Bpifrance;https://reprise-entreprise.bpifrance.fr/tracking/annonce/click/609816/site/0;609816;Mise à jour le 13/07/2026;Entreprise Charpente - Menuiserie Tours;Bâtiment / travaux publics / second œuvre;;;3199000;;14;1368000;;;;"cat.: Production; via Cession PME"
Bpifrance;https://reprise-entreprise.bpifrance.fr/tracking/annonce/click/481487/site/0;481487;Mise à jour le 13/07/2026;Bar - Brasserie - Tabac Puy de Dôme;HCR / restauration / tourisme / loisirs;;;1361000;;14;1608000;;;;"cat.: Restauration et Tourisme; via Cession PME"
Bpifrance;https://reprise-entreprise.bpifrance.fr/tracking/annonce/click/606928/site/0;606928;Mise à jour le 13/07/2026;BTP - Tous corps d'état;Bâtiment / travaux publics / second œuvre;;;1600000;;17;844000;;;oui (cf. Fusacq V86470);"cat.: Production; via Fusacq"
Bpifrance;https://reprise-entreprise.bpifrance.fr/tracking/annonce/click/547656/site/0;547656;Mise à jour le 13/07/2026;Services à la personne;Services à la personne / santé à domicile;;;1525000;;30;1800000;;;oui (cf. Fusacq V80690);"cat.: Services; via Fusacq"
Bpifrance;https://reprise-entreprise.bpifrance.fr/tracking/annonce/click/557414/site/0;557414;Mise à jour le 13/07/2026;Fabricant d'articles de décoration;Industrie / production / fabrication;;;4000000;;16;3541000;;;oui (cf. Fusacq V81719);"cat.: Production; via Fusacq"
Bpifrance;https://reprise-entreprise.bpifrance.fr/tracking/annonce/click/513532/site/0;513532;Mise à jour le 13/07/2026;Boulangerie - Pâtisserie proposant un espace de restauration sur place;HCR / restauration / tourisme / loisirs;;;1780000;;24;1200000;;;oui (cf. Fusacq V77626);"cat.: Commerce; via Fusacq"
Bpifrance;https://reprise-entreprise.bpifrance.fr/tracking/annonce/click/541832/site/0;541832;Mise à jour le 13/07/2026;Traiteur, réception, boucherie et charcuterie;HCR / restauration / tourisme / loisirs;;Auvergne-Rhône-Alpes;1860000;;12;500000;;;oui (cf. Fusacq V80194);"cat.: Restauration et Tourisme; via Fusacq"
Bpifrance;https://reprise-entreprise.bpifrance.fr/tracking/annonce/click/540809/site/0;540809;Mise à jour le 13/07/2026;Extrusion de pièces plastiques;Industrie / production / fabrication;;Auvergne-Rhône-Alpes;2400000;;13;1200000;;;oui (cf. Fusacq V67912);"cat.: Production; via Fusacq"
Bpifrance;https://reprise-entreprise.bpifrance.fr/tracking/annonce/click/589088/site/0;589088;Mise à jour le 13/07/2026;Conception et fabrication de produits techniques en caoutchouc;Industrie / production / fabrication;;;3000000;;10;0;;;oui (cf. Fusacq V83895);"cat.: Production; via Fusacq"
Bpifrance;https://reprise-entreprise.bpifrance.fr/tracking/annonce/click/598855/site/0;598855;Mise à jour le 13/07/2026;Fabricant d'emballages en plastique;Négoce / distribution B2B;;;3300000;;20;0;;;oui (cf. Fusacq V85630);"cat.: Production; via Fusacq"
Bpifrance;https://reprise-entreprise.bpifrance.fr/tracking/annonce/click/627843/site/0;627843;Mise à jour le 13/07/2026;Camping 3*;HCR / restauration / tourisme / loisirs;;Pays de la Loire;1200000;;10;3542000;;;oui (cf. Fusacq V88812);"cat.: Restauration et Tourisme; via Fusacq"
Bpifrance;https://reprise-entreprise.bpifrance.fr/tracking/annonce/click/628088/site/0;628088;Mise à jour le 13/07/2026;Camping 4* d'environ 200 emplacements;HCR / restauration / tourisme / loisirs;;Nouvelle-Aquitaine;1800000;;10;9324000;;;oui (cf. Fusacq V88818);"cat.: Restauration et Tourisme; via Fusacq"
Bpifrance;https://reprise-entreprise.bpifrance.fr/tracking/annonce/click/628350/site/0;628350;Mise à jour le 13/07/2026;Fabrication de moules et d'outillages pour la plasturgie;Industrie / production / fabrication;;;1300000;;10;1100000;;;oui (cf. Fusacq V88832);"cat.: Production; via Fusacq"
Bpifrance;https://reprise-entreprise.bpifrance.fr/tracking/annonce/click/628087/site/0;628087;Mise à jour le 13/07/2026;Location poids lourds avec chauffeurs;Automobile / 2 roues / nautisme;;;1400000;;10;810000;;;oui (cf. Fusacq V88814);"cat.: Services; via Fusacq"
Bpifrance;https://reprise-entreprise.bpifrance.fr/tracking/annonce/click/653077/site/0;653077;Mise à jour le 13/07/2026;Conception, fabrication et pose de produits sur-mesure et des projets techniques;Bâtiment / travaux publics / second œuvre;;;1800000;;11;2140000;;;oui (cf. Fusacq V91066);"cat.: Production; via Fusacq"
Bpifrance;https://reprise-entreprise.bpifrance.fr/tracking/annonce/click/653078/site/0;653078;Mise à jour le 13/07/2026;Chantier naval tous services aux plaisanciers;Autres / non classé;;;1600000;;15;3100000;;;oui (cf. Fusacq V91514);"cat.: Services; via Fusacq"
Bpifrance;https://reprise-entreprise.bpifrance.fr/tracking/annonce/click/653156/site/0;653156;Mise à jour le 13/07/2026;Fabrication et pose de tous ouvrages de métallerie;Bâtiment / travaux publics / second œuvre;;Île-de-France;2600000;;16;950000;;;oui (cf. Fusacq V91646);"cat.: Production; via Transmibat"
Bpifrance;https://reprise-entreprise.bpifrance.fr/tracking/annonce/click/580622/site/0;580622;Mise à jour le 12/07/2026;Bureau de contrôle CEE;Énergie / environnement / déchets / recyclage;;;3000000;;20;0;;;oui (cf. Fusacq V83096);"cat.: Services; via Fusacq"
Bpifrance;https://reprise-entreprise.bpifrance.fr/tracking/annonce/click/586615/site/0;586615;Mise à jour le 11/07/2026;Bar - Brasserie - Tabac PARIS;HCR / restauration / tourisme / loisirs;;Île-de-France;1274000;45000;10;1676800;;;;"cat.: Restauration et Tourisme; via Cession PME"
Bpifrance;https://reprise-entreprise.bpifrance.fr/tracking/annonce/click/649970/site/0;649970;Mise à jour le 11/07/2026;Spécialiste de chiens et chats - plusieurs boutiques à Paris (75);Commerce de détail / e-commerce BtoC;;Île-de-France;1746000;168000;10;472000;;;;"cat.: Commerce; via Cession PME; Place des Commerces"
Bpifrance;https://reprise-entreprise.bpifrance.fr/tracking/annonce/click/547328/site/0;547328;Mise à jour le 10/07/2026;Entreprise Divers Services;Autres / non classé;;Nouvelle-Aquitaine;1500000;;30;1800000;;;;"cat.: Services; via Cession PME"
Bpifrance;https://reprise-entreprise.bpifrance.fr/tracking/annonce/click/598011/site/0;598011;Mise à jour le 10/07/2026;Maintenance, construction, reconditionnement de machines spéciales;Industrie / production / fabrication;;Grand Est;2500000;;10;0;;;oui (cf. Fusacq V85529);"cat.: Commerce; via Fusacq"
Bpifrance;https://reprise-entreprise.bpifrance.fr/tracking/annonce/click/618176/site/0;618176;Mise à jour le 10/07/2026;Agence de communication par l'objet publicitaire;Communication / marketing / édition / imprimerie / PLV;;;2000000;;10;0;;;;"cat.: Services; via Fusacq"
Bpifrance;https://reprise-entreprise.bpifrance.fr/tracking/annonce/click/638393/site/0;638393;Mise à jour le 10/07/2026;Second œuvre du bâtiment;Bâtiment / travaux publics / second œuvre;;Nouvelle-Aquitaine;4000000;;29;3850000;;;oui (cf. Fusacq V89897);"cat.: Production; via Fusacq"
Bpifrance;https://reprise-entreprise.bpifrance.fr/tracking/annonce/click/652789/site/0;652789;Mise à jour le 10/07/2026;Sous-traitance en mécanique générale (usinage, mécano-soudure);Industrie / production / fabrication;;;4000000;;30;0;;;;"cat.: Production; via Fusacq"
Bpifrance;https://reprise-entreprise.bpifrance.fr/tracking/annonce/click/611091/site/0;611091;Mise à jour le 09/07/2026;Restaurant Maine et Loire;HCR / restauration / tourisme / loisirs;;;1404000;342000;11;795000;;;;"cat.: Restauration et Tourisme; via Cession PME"
Bpifrance;https://reprise-entreprise.bpifrance.fr/tracking/annonce/click/592017/site/0;592017;Mise à jour le 09/07/2026;Travaux de maçonnerie générale et gros œuvre;Bâtiment / travaux publics / second œuvre;;;4300000;;30;1300000;;;oui (cf. Fusacq V84324);"cat.: Production; via Fusacq"
Bpifrance;https://reprise-entreprise.bpifrance.fr/tracking/annonce/click/625808/site/0;625808;Mise à jour le 09/07/2026;Réseaux de fluides et VRD;Industrie / production / fabrication;;Occitanie;5000000;;30;0;;;oui (cf. Fusacq V88514);"cat.: Production; via Fusacq"
Bpifrance;https://reprise-entreprise.bpifrance.fr/tracking/annonce/click/636596/site/0;636596;Mise à jour le 09/07/2026;Location de camions avec chauffeurs;Autres / non classé;;Centre-Val de Loire;2200000;;27;2500000;;;oui (cf. Fusacq V89760);"cat.: Services; via Fusacq"
Bpifrance;https://reprise-entreprise.bpifrance.fr/tracking/annonce/click/638395/site/0;638395;Mise à jour le 09/07/2026;Travaux de second œuvre : cloisons, faux plafonds et menuiserie;Bâtiment / travaux publics / second œuvre;;Occitanie;3000000;;12;0;;;oui (cf. Fusacq V89905);"cat.: Production; via Fusacq"
Bpifrance;https://reprise-entreprise.bpifrance.fr/tracking/annonce/click/638186/site/0;638186;Mise à jour le 09/07/2026;Travaux de second œuvre : peinture, ravalement, revêtements sols et murs, ...;Bâtiment / travaux publics / second œuvre;;Centre-Val de Loire;1500000;;22;650000;;;;"cat.: Production; via Fusacq"
Bpifrance;https://reprise-entreprise.bpifrance.fr/tracking/annonce/click/350798/site/0;350798;Mise à jour le 09/07/2026;Bar - Brasserie - Tabac Puy de Dôme;HCR / restauration / tourisme / loisirs;;;1096000;;10;848000;;;;"cat.: Restauration et Tourisme; via Cession PME"
Bpifrance;https://reprise-entreprise.bpifrance.fr/tracking/annonce/click/638080/site/0;638080;Mise à jour le 09/07/2026;Entreprise Transport - Logistique;Transport & logistique (commissionnaire, affrètement);;Occitanie;1600000;;18;554000;;;;"cat.: Services; via Cession PME"
Bpifrance;https://reprise-entreprise.bpifrance.fr/tracking/annonce/click/652591/site/0;652591;Mise à jour le 09/07/2026;Réseau de micro-crèches;Services à la personne / santé à domicile;;Auvergne-Rhône-Alpes;2000000;;40;2000000;;;oui (cf. Fusacq V91562);"cat.: Services; via Fusacq"
Bpifrance;https://reprise-entreprise.bpifrance.fr/tracking/annonce/click/652650/site/0;652650;Mise à jour le 09/07/2026;Entreprise Serrurerie métallerie;Bâtiment / travaux publics / second œuvre;;Provence-Alpes-Côte d'Azur;2100000;430000;11;1550000;;;;"cat.: Production; via Cession PME"
Bpifrance;https://reprise-entreprise.bpifrance.fr/tracking/annonce/click/652509/site/0;652509;Mise à jour le 09/07/2026;Bar - Brasserie - Tabac DIJON;HCR / restauration / tourisme / loisirs;;;1253000;;10;1650000;;;;"cat.: Restauration et Tourisme; via Cession PME"
Bpifrance;https://reprise-entreprise.bpifrance.fr/tracking/annonce/click/652590/site/0;652590;Mise à jour le 09/07/2026;Revêtement intérieur et extérieur BtoB;Industrie / production / fabrication;;Occitanie;4500000;;16;1700000;;;oui (cf. Fusacq V91579);"cat.: Production; via Fusacq"
Bpifrance;https://reprise-entreprise.bpifrance.fr/tracking/annonce/click/543934/site/0;543934;Mise à jour le 09/07/2026;Restaurant 75 couverts dans le Nord (59);HCR / restauration / tourisme / loisirs;;;1005000;165000;11;200000;;;;"cat.: Restauration et Tourisme; via Cession PME; Place des Commerces; Les annonces du commerce"
Bpifrance;https://reprise-entreprise.bpifrance.fr/tracking/annonce/click/621628/site/0;621628;Mise à jour le 09/07/2026;Maçonnerie et gros œuvre;Bâtiment / travaux publics / second œuvre;;;2900000;;12;548000;;;;"cat.: Production; via Fusacq"
Bpifrance;https://reprise-entreprise.bpifrance.fr/tracking/annonce/click/585568/site/0;585568;Mise à jour le 08/07/2026;Maçonnerie, couverture, charpente, isolation et carrelage;Bâtiment / travaux publics / second œuvre;;;1840000;;13;550000;;;oui (cf. Fusacq V82798);"cat.: Production; via Transmibat"
Bpifrance;https://reprise-entreprise.bpifrance.fr/tracking/annonce/click/610868/site/0;610868;Mise à jour le 08/07/2026;Construction bois;Industrie / production / fabrication;;;2500000;;14;890000;;;oui (cf. Fusacq V86844);"cat.: Production; via Fusacq"
Bpifrance;https://reprise-entreprise.bpifrance.fr/tracking/annonce/click/512572/site/0;512572;Mise à jour le 08/07/2026;Travaux publics et aménagements paysagers;Bâtiment / travaux publics / second œuvre;;Pays de la Loire;3550000;;25;0;;;oui (cf. Fusacq V76469);"cat.: Production; via Fusacq"
Bpifrance;https://reprise-entreprise.bpifrance.fr/tracking/annonce/click/621497/site/0;621497;Mise à jour le 08/07/2026;Salon de thé BORDEAUX;HCR / restauration / tourisme / loisirs;;;1008000;;13;1213000;;;;"cat.: Restauration et Tourisme; via Cession PME"
Bpifrance;https://reprise-entreprise.bpifrance.fr/tracking/annonce/click/628894/site/0;628894;Mise à jour le 08/07/2026;Bar - Brasserie - Tabac BORDEAUX;HCR / restauration / tourisme / loisirs;;;1469000;;14;1390500;;;;"cat.: Restauration et Tourisme; via Cession PME"
Bpifrance;https://reprise-entreprise.bpifrance.fr/tracking/annonce/click/627628/site/0;627628;Mise à jour le 08/07/2026;Parc animalier en pleine nature avec restaurant à forte capacité;HCR / restauration / tourisme / loisirs;;;3700000;;12;3000000;;;oui (cf. Fusacq V88749);"cat.: Services; via Fusacq"
Bpifrance;https://reprise-entreprise.bpifrance.fr/tracking/annonce/click/638192/site/0;638192;Mise à jour le 08/07/2026;Électricité basse et haute tension;Bâtiment / travaux publics / second œuvre;;;2500000;;19;0;;;oui (cf. Fusacq V89885);"cat.: Production; via Fusacq"
Bpifrance;https://reprise-entreprise.bpifrance.fr/tracking/annonce/click/638506/site/0;638506;Mise à jour le 08/07/2026;Entreprise Charpente - Menuiserie Sainte-Pazanne;Bâtiment / travaux publics / second œuvre;;;1500000;;10;548000;;;;"cat.: Production; via Cession PME"
Bpifrance;https://reprise-entreprise.bpifrance.fr/tracking/annonce/click/652207/site/0;652207;Mise à jour le 08/07/2026;Négoce de jouets, peluches et articles cadeaux;Négoce / distribution B2B;;;2500000;;10;3000000;;;oui (cf. Fusacq V91428);"cat.: Commerce; via Fusacq"
Bpifrance;https://reprise-entreprise.bpifrance.fr/tracking/annonce/click/652206/site/0;652206;Mise à jour le 08/07/2026;Une école de référence dans l'art et le design;Autres / non classé;;Île-de-France;3500000;;28;0;;;oui (cf. Fusacq V91309);"cat.: Services; via Fusacq"
Bpifrance;https://reprise-entreprise.bpifrance.fr/tracking/annonce/click/652208/site/0;652208;Mise à jour le 08/07/2026;Intégrateur ERP;Autres / non classé;;;1500000;;11;0;;;oui (cf. Fusacq V91490);"cat.: Services; via Fusacq"
Bpifrance;https://reprise-entreprise.bpifrance.fr/tracking/annonce/click/621845/site/0;621845;Mise à jour le 08/07/2026;Brasserie, Restaurant licence IV 70 couverts dans le Val d'Oise (95);HCR / restauration / tourisme / loisirs;;Île-de-France;1000000;;12;990000;;;;"cat.: Restauration et Tourisme; via Place des Commerces"
Bpifrance;https://reprise-entreprise.bpifrance.fr/tracking/annonce/click/618167/site/0;618167;Mise à jour le 07/07/2026;Activités de loisirs, bar et jeux;HCR / restauration / tourisme / loisirs;;;1100000;;15;1100000;;;oui (cf. Fusacq V87626);"cat.: Services; via Fusacq"
Bpifrance;https://reprise-entreprise.bpifrance.fr/tracking/annonce/click/636145/site/0;636145;Mise à jour le 07/07/2026;Complexe de loisirs indoor multi-activités;HCR / restauration / tourisme / loisirs;;Île-de-France;1200000;;10;3500000;;;oui (cf. Fusacq V89700);"cat.: Services; via Fusacq"
Bpifrance;https://reprise-entreprise.bpifrance.fr/tracking/annonce/click/651336/site/0;651336;Mise à jour le 07/07/2026;Maçonnerie et rénovation;Bâtiment / travaux publics / second œuvre;;;4600000;;25;0;;;oui (cf. Fusacq V91541);"cat.: Production; via Fusacq"
Bpifrance;https://reprise-entreprise.bpifrance.fr/tracking/annonce/click/651335/site/0;651335;Mise à jour le 07/07/2026;Travaux d'électricité, plomberie et chauffage;Bâtiment / travaux publics / second œuvre;;;1400000;;12;0;;;oui (cf. Fusacq V91547);"cat.: Production; via Fusacq"
Bpifrance;https://reprise-entreprise.bpifrance.fr/tracking/annonce/click/651333/site/0;651333;Mise à jour le 07/07/2026;Construction de bâtiments résidentiels et non résidentiels;Bâtiment / travaux publics / second œuvre;;;2300000;;11;825000;;;oui (cf. Fusacq V91528);"cat.: Production; via Fusacq"
Bpifrance;https://reprise-entreprise.bpifrance.fr/tracking/annonce/click/651343/site/0;651343;Mise à jour le 07/07/2026;Chauffage, ventilation, climatisation et plomberie;Bâtiment / travaux publics / second œuvre;;;1900000;;10;0;;;oui (cf. Fusacq V91531);"cat.: Production; via Fusacq"
Bpifrance;https://reprise-entreprise.bpifrance.fr/tracking/annonce/click/639661/site/0;639661;Mise à jour le 07/07/2026;Impression industrielle et routage – BtoB;Industrie / production / fabrication;;Centre-Val de Loire;2300000;;14;0;;;oui (cf. Fusacq V90105);"cat.: Production; via Fusacq"
Bpifrance;https://reprise-entreprise.bpifrance.fr/tracking/annonce/click/651341/site/0;651341;Mise à jour le 07/07/2026;Hôtel 3 étoiles;HCR / restauration / tourisme / loisirs;;Provence-Alpes-Côte d'Azur;2000000;;17;12000000;;;oui (cf. Fusacq V91538);"cat.: Restauration et Tourisme; via Fusacq"
Bpifrance;https://reprise-entreprise.bpifrance.fr/tracking/annonce/click/651334/site/0;651334;Mise à jour le 07/07/2026;Hôtel-restaurant, bar, spa avec immobilier d'exploitation;HCR / restauration / tourisme / loisirs;;;2700000;;30;6963000;;;oui (cf. Fusacq V91543);"cat.: Restauration et Tourisme; via Fusacq"
Bpifrance;https://reprise-entreprise.bpifrance.fr/tracking/annonce/click/495697/site/0;495697;Mise à jour le 07/07/2026;Brasserie, Hôtel restaurant avec terrasse dans le Nord (59);HCR / restauration / tourisme / loisirs;;;1724000;287000000;19;1351000;;;;"cat.: Restauration et Tourisme; via Place des Commerces; Les annonces du commerce; Cession PME"
Bpifrance;https://reprise-entreprise.bpifrance.fr/tracking/annonce/click/584594/site/0;584594;Mise à jour le 06/07/2026;Crêperie - Pizzeria Loiret;HCR / restauration / tourisme / loisirs;;;1265000;;14;1550000;;;;"cat.: Restauration et Tourisme; via Cession PME"
Bpifrance;https://reprise-entreprise.bpifrance.fr/tracking/annonce/click/602379/site/0;602379;Mise à jour le 06/07/2026;Production de foie gras et de produits à base de canard;Industrie / production / fabrication;;Occitanie;2100000;335000;15;0;;;oui (cf. Fusacq V85479);"cat.: Production; via Cession PME; Fusacq"
Bpifrance;https://reprise-entreprise.bpifrance.fr/tracking/annonce/click/605665/site/0;605665;Mise à jour le 06/07/2026;Location de tracteurs agricoles, fabrication de bennes et négoce de matériel d'occasion;Négoce / distribution B2B;;;3000000;;10;0;;;oui (cf. Fusacq V86063);"cat.: Commerce; via Fusacq"
Bpifrance;https://reprise-entreprise.bpifrance.fr/tracking/annonce/click/606695/site/0;606695;Mise à jour le 06/07/2026;Garage automobile;Automobile / 2 roues / nautisme;;;3200000;;17;1464000;;;oui (cf. Fusacq V86443);"cat.: Commerce; via Fusacq"
Bpifrance;https://reprise-entreprise.bpifrance.fr/tracking/annonce/click/477757/site/0;477757;Mise à jour le 06/07/2026;Menuiserie et ébénisterie;Bâtiment / travaux publics / second œuvre;;;1400000;;11;600000;;;oui (cf. Fusacq V67085);"cat.: Production; via Fusacq"
Bpifrance;https://reprise-entreprise.bpifrance.fr/tracking/annonce/click/561894/site/0;561894;Mise à jour le 06/07/2026;Conception, fabrication et distribution de systèmes de surveillance et protection;Sécurité / surveillance / télésurveillance;;;1500000;;12;0;;;oui (cf. Fusacq V82177);"cat.: Production; via Fusacq"
Bpifrance;https://reprise-entreprise.bpifrance.fr/tracking/annonce/click/556630/site/0;556630;Mise à jour le 06/07/2026;Travaux d'installation électrique;Bâtiment / travaux publics / second œuvre;;;3460000;;21;0;;;oui (cf. Fusacq V81638);"cat.: Production; via Fusacq"
Bpifrance;https://reprise-entreprise.bpifrance.fr/tracking/annonce/click/553216/site/0;553216;Mise à jour le 06/07/2026;Bar - Brasserie - Tabac Sarthe;HCR / restauration / tourisme / loisirs;;;1007000;;11;850000;;;;"cat.: Restauration et Tourisme; via Cession PME"
Bpifrance;https://reprise-entreprise.bpifrance.fr/tracking/annonce/click/512492/site/0;512492;Mise à jour le 06/07/2026;Vente de motocycles, véhicules thermiques et électriques;Bureau d'études / ingénierie / diagnostics;;;3200000;;12;4288000;;;oui (cf. Fusacq V76180);"cat.: Commerce; via Fusacq"
Bpifrance;https://reprise-entreprise.bpifrance.fr/tracking/annonce/click/512434/site/0;512434;Mise à jour le 06/07/2026;Distribution régionale de messagerie;Transport & logistique (commissionnaire, affrètement);;Grand Est;3600000;;35;0;;;oui (cf. Fusacq V73239);"cat.: Services; via Fusacq"
Bpifrance;https://reprise-entreprise.bpifrance.fr/tracking/annonce/click/512935/site/0;512935;Mise à jour le 06/07/2026;Cartonnerie industrielle et assemblage mécanique;Industrie / production / fabrication;;;2740000;;35;0;;;oui (cf. Fusacq V77535);"cat.: Production; via Fusacq"
Bpifrance;https://reprise-entreprise.bpifrance.fr/tracking/annonce/click/586383/site/0;586383;Mise à jour le 06/07/2026;Mécanique de précision (ensemble constitué de deux structures distinctes);Industrie / production / fabrication;;Pays de la Loire;4000000;;29;4650000;;;oui (cf. Fusacq V83651);"cat.: Production; via Fusacq"
Bpifrance;https://reprise-entreprise.bpifrance.fr/tracking/annonce/click/615894/site/0;615894;Mise à jour le 06/07/2026;Content Factory spécialisée sur Youtube;Autres / non classé;;;1000000;;12;0;;;oui (cf. Fusacq V87492);"cat.: Services; via Fusacq"
Bpifrance;https://reprise-entreprise.bpifrance.fr/tracking/annonce/click/617434/site/0;617434;Mise à jour le 06/07/2026;Logistique 3PL;Transport & logistique (commissionnaire, affrètement);;Centre-Val de Loire;4200000;;16;0;;;oui (cf. Fusacq V87648);"cat.: Services; via Fusacq"
Bpifrance;https://reprise-entreprise.bpifrance.fr/tracking/annonce/click/615022/site/0;615022;Mise à jour le 06/07/2026;Producteur local de végétaux et de jeunes plants;Industrie / production / fabrication;;Auvergne-Rhône-Alpes;1410000;;11;0;;;oui (cf. Fusacq V87331);"cat.: Production; via Fusacq"
Bpifrance;https://reprise-entreprise.bpifrance.fr/tracking/annonce/click/626653/site/0;626653;Mise à jour le 06/07/2026;Groupe de 11 micro-crèches;Services à la personne / santé à domicile;;Île-de-France;2900000;;48;4100000;;;oui (cf. Fusacq V88648);"cat.: Services; via Fusacq"
Bpifrance;https://reprise-entreprise.bpifrance.fr/tracking/annonce/click/632762/site/0;632762;Mise à jour le 06/07/2026;Marque de prêt-à-porter;Commerce de détail / e-commerce BtoC;;Provence-Alpes-Côte d'Azur;3835000;;26;0;;;oui (cf. Fusacq V89318);"cat.: Production; via Fusacq"
Bpifrance;https://reprise-entreprise.bpifrance.fr/tracking/annonce/click/635587/site/0;635587;Mise à jour le 06/07/2026;Secrétariat téléphonique pour les professions médicales;Conseil / expertise / services administratifs aux entreprises (BPO);;;1100000;;30;0;;;oui (cf. Fusacq V89615);"cat.: Services; via Fusacq"
Bpifrance;https://reprise-entreprise.bpifrance.fr/tracking/annonce/click/637853/site/0;637853;Mise à jour le 06/07/2026;CVC / plomberie;Bâtiment / travaux publics / second œuvre;;Occitanie;2700000;;20;0;;;oui (cf. Fusacq V89846);"cat.: Production; via Fusacq"
Bpifrance;https://reprise-entreprise.bpifrance.fr/tracking/annonce/click/651332/site/0;651332;Mise à jour le 06/07/2026;Édition de magazine et régie publicitaire;Communication / marketing / édition / imprimerie / PLV;;Bretagne;2300000;;18;1520000;;;oui (cf. Fusacq V91127);"cat.: Services; via Fusacq"
Bpifrance;https://reprise-entreprise.bpifrance.fr/tracking/annonce/click/652200/site/0;652200;Mise à jour le 06/07/2026;Spécialiste de la piscine haut de gamme et de l'aménagement paysager résidentiel;Bâtiment / travaux publics / second œuvre;;Occitanie;4450000;;25;0;;;oui (cf. Fusacq V87879);"cat.: Services; via Fusacq"
Bpifrance;https://reprise-entreprise.bpifrance.fr/tracking/annonce/click/652107/site/0;652107;Mise à jour le 06/07/2026;Plomberie, sanitaire, chauffage, climatisation et ENR - Installation et SAV;Bâtiment / travaux publics / second œuvre;;;4600000;;35;0;;;oui (cf. Fusacq V91605);"cat.: Production; via Transmibat"
Bpifrance;https://reprise-entreprise.bpifrance.fr/tracking/annonce/click/605700/site/0;605700;Mise à jour le 03/07/2026;Agencement et aménagement d'intérieur sur mesure;Bâtiment / travaux publics / second œuvre;;Grand Est;3600000;;25;0;;;oui (cf. Fusacq V86172);"cat.: Production; via Fusacq"
Bpifrance;https://reprise-entreprise.bpifrance.fr/tracking/annonce/click/651158/site/0;651158;Mise à jour le 03/07/2026;Restauration du patrimoine bâti;Courtage assurance / intermédiation financière;;;2900000;;25;0;;;oui (cf. Fusacq V91593);"cat.: Production; via Transmibat"
Bpifrance;https://reprise-entreprise.bpifrance.fr/tracking/annonce/click/651051/site/0;651051;Mise à jour le 03/07/2026;Production agroalimentaire;Industrie / production / fabrication;;Bourgogne-Franche-Comté;2700000;;21;0;;;oui (cf. Fusacq V91374);"cat.: Production; via Fusacq"
Bpifrance;https://reprise-entreprise.bpifrance.fr/tracking/annonce/click/634374/site/0;634374;Mise à jour le 03/07/2026;Hôtel restaurant avec piscine et salle de séminaire dans les Bouches du Rhône (13);HCR / restauration / tourisme / loisirs;;Provence-Alpes-Côte d'Azur;1881000;490000000;19;9500000;;;;"cat.: Restauration et Tourisme; via Place des Commerces"
Bpifrance;https://reprise-entreprise.bpifrance.fr/tracking/annonce/click/605586/site/0;605586;Mise à jour le 02/07/2026;Transport routier de fret interurbain et affrètement;Transport & logistique (commissionnaire, affrètement);;Auvergne-Rhône-Alpes;2320000;;13;1200000;;;oui (cf. Fusacq V85880);"cat.: Services; via Fusacq"
Bpifrance;https://reprise-entreprise.bpifrance.fr/tracking/annonce/click/637321/site/0;637321;Mise à jour le 02/07/2026;Développement de solutions métiers, assistance technique, intégrateur, conseil et formation;Conseil / expertise / services administratifs aux entreprises (BPO);;Grand Est;2500000;;20;0;;;oui (cf. Fusacq V89826);"cat.: Services; via Fusacq"
Bpifrance;https://reprise-entreprise.bpifrance.fr/tracking/annonce/click/650973/site/0;650973;Mise à jour le 02/07/2026;Entreprise Divers Services Seine Maritime;Autres / non classé;;;1550000;150000;42;589000;;;;"cat.: Services; via Cession PME"
Bpifrance;https://reprise-entreprise.bpifrance.fr/tracking/annonce/click/498708/site/0;498708;Mise à jour le 01/07/2026;Hôtel-restaurant 3 étoiles avec 60 chambres;HCR / restauration / tourisme / loisirs;;Auvergne-Rhône-Alpes;3000000;;36;7500000;;;oui (cf. Fusacq V76034);"cat.: Restauration et Tourisme; via Fusacq"
Bpifrance;https://reprise-entreprise.bpifrance.fr/tracking/annonce/click/509083/site/0;509083;Mise à jour le 01/07/2026;Bar - Brasserie - Tabac PARIS;HCR / restauration / tourisme / loisirs;;Île-de-France;1338000;267000;13;2384800;;;;"cat.: Restauration et Tourisme; via Cession PME"
Bpifrance;https://reprise-entreprise.bpifrance.fr/tracking/annonce/click/583770/site/0;583770;Mise à jour le 01/07/2026;Bar - Brasserie - Tabac Paris;HCR / restauration / tourisme / loisirs;;Île-de-France;1350000;;12;2197000;;;;"cat.: Restauration et Tourisme; via Cession PME"
Bpifrance;https://reprise-entreprise.bpifrance.fr/tracking/annonce/click/626211/site/0;626211;Mise à jour le 01/07/2026;Peinture intérieure et extérieure – Rénovation et entretien;Bâtiment / travaux publics / second œuvre;;;3800000;;19;0;;;;"cat.: Production; via Transmibat"
Bpifrance;https://reprise-entreprise.bpifrance.fr/tracking/annonce/click/650800/site/0;650800;Mise à jour le 01/07/2026;Fabricant B2B de plats cuisinés avec un savoir-faire sans gluten / bio;Industrie / production / fabrication;;Île-de-France;4000000;;50;0;;;oui (cf. Fusacq V91433);"cat.: Production; via Fusacq"
Bpifrance;https://reprise-entreprise.bpifrance.fr/tracking/annonce/click/650799/site/0;650799;Mise à jour le 01/07/2026;Transport de béton prêt à l'emploi;Transport & logistique (commissionnaire, affrètement);;;3000000;;50;0;;;oui (cf. Fusacq V91085);"cat.: Services; via Fusacq"
Bpifrance;https://reprise-entreprise.bpifrance.fr/tracking/annonce/click/650805/site/0;650805;Mise à jour le 01/07/2026;Mécanique de précision;Industrie / production / fabrication;;;1300000;;10;957000;;;;"cat.: Production; via Fusacq"
Bpifrance;https://reprise-entreprise.bpifrance.fr/tracking/annonce/click/593529/site/0;593529;Mise à jour le 30/06/2026;Entreprise BTP Essonne;Bâtiment / travaux publics / second œuvre;;Île-de-France;2180000;330000;10;1650000;;;;"cat.: Production; via Cession PME"
Bpifrance;https://reprise-entreprise.bpifrance.fr/tracking/annonce/click/557815/site/0;557815;Mise à jour le 30/06/2026;Entreprise Charpente - Menuiserie Manche;Bâtiment / travaux publics / second œuvre;;;1001000;140000;12;565000;;;;"cat.: Production; via Cession PME"
Bpifrance;https://reprise-entreprise.bpifrance.fr/tracking/annonce/click/635061/site/0;635061;Mise à jour le 30/06/2026;Isolation coupe feu et flocage;Bâtiment / travaux publics / second œuvre;;Auvergne-Rhône-Alpes;1100000;;10;320000;;;;"cat.: Production; via Fusacq"
Bpifrance;https://reprise-entreprise.bpifrance.fr/tracking/annonce/click/455929/site/0;455929;Mise à jour le 30/06/2026;Entreprise Carrelage - Maçonnerie VAR;Bâtiment / travaux publics / second œuvre;;Provence-Alpes-Côte d'Azur;1380000;0;11;650000;;;;"cat.: Production; via Cession PME"
Bpifrance;https://reprise-entreprise.bpifrance.fr/tracking/annonce/click/650387/site/0;650387;Mise à jour le 30/06/2026;Restaurant NICE;HCR / restauration / tourisme / loisirs;;Provence-Alpes-Côte d'Azur;1970000;;20;954000;;;;"cat.: Restauration et Tourisme; via Cession PME"
Bpifrance;https://reprise-entreprise.bpifrance.fr/tracking/annonce/click/650610/site/0;650610;Mise à jour le 30/06/2026;Spécialiste du nettoyage en support de chantiers de rénovation;Propreté / nettoyage / multiservices;;Île-de-France;1100000;;15;550000;;;oui (cf. Fusacq V91382);"cat.: Services; via Fusacq"
Bpifrance;https://reprise-entreprise.bpifrance.fr/tracking/annonce/click/650602/site/0;650602;Mise à jour le 30/06/2026;Usine de fabrication de produits textiles personnalisés;Industrie / production / fabrication;;;3100000;;42;2308000;;;oui (cf. Fusacq V91425);"cat.: Production; via Fusacq"
Bpifrance;https://reprise-entreprise.bpifrance.fr/tracking/annonce/click/595963/site/0;595963;Mise à jour le 29/06/2026;Fabricant et distributeur de matériel électrique industriel;Négoce / distribution B2B;;;4500000;;15;0;;;oui (cf. Fusacq V84512);"cat.: Commerce; via Fusacq"
Bpifrance;https://reprise-entreprise.bpifrance.fr/tracking/annonce/click/650606/site/0;650606;Mise à jour le 29/06/2026;Transport routier de marchandises par bennes;Transport & logistique (commissionnaire, affrètement);;;1700000;;13;1100000;;;oui (cf. Fusacq V91412);"cat.: Services; via Fusacq"
Bpifrance;https://reprise-entreprise.bpifrance.fr/tracking/annonce/click/650613/site/0;650613;Mise à jour le 29/06/2026;Groupe de marbrerie et rénovation;Bâtiment / travaux publics / second œuvre;;;4200000;;14;1850000;;;oui (cf. Fusacq V91403);"cat.: Production; via Fusacq"
Bpifrance;https://reprise-entreprise.bpifrance.fr/tracking/annonce/click/650599/site/0;650599;Mise à jour le 29/06/2026;Laboratoire d'analyses environnementales;Santé / pharmacie / laboratoire / cabinet médical;;;2000000;;20;0;;;oui (cf. Fusacq V91404);"cat.: Services; via Fusacq"
Bpifrance;https://reprise-entreprise.bpifrance.fr/tracking/annonce/click/592709/site/0;592709;Mise à jour le 29/06/2026;Bar, Brasserie 148 couverts avec terrasse à Poitiers en centre ville ;HCR / restauration / tourisme / loisirs;;;1600000;;20;1615000;;;;"cat.: Restauration et Tourisme; via Place des Commerces"
Bpifrance;https://reprise-entreprise.bpifrance.fr/tracking/annonce/click/650277/site/0;650277;Mise à jour le 28/06/2026;Fonds de commerce Prestations multimedia - SSII;Services informatiques / ESN / éditeur de logiciel;;Provence-Alpes-Côte d'Azur;1250000;180000;20;700000;;;;"cat.: Services; via Cession PME"
Bpifrance;https://reprise-entreprise.bpifrance.fr/tracking/annonce/click/587430/site/0;587430;Mise à jour le 26/06/2026;Entreprise Transport - Logistique;Transport & logistique (commissionnaire, affrètement);;Normandie;2600000;320000;25;0;;;;"cat.: Services; via Cession PME"
Bpifrance;https://reprise-entreprise.bpifrance.fr/tracking/annonce/click/554231/site/0;554231;Mise à jour le 26/06/2026;Bar - Brasserie - Tabac Métropole Bordelaise;HCR / restauration / tourisme / loisirs;;;1401000;;15;1365000;;;;"cat.: Restauration et Tourisme; via Cession PME"
Bpifrance;https://reprise-entreprise.bpifrance.fr/tracking/annonce/click/595201/site/0;595201;Mise à jour le 26/06/2026;Formations techniques ou réglementées B2B;Autres / non classé;;;3800000;;35;0;;;;"cat.: Services; via Fusacq"
Bpifrance;https://reprise-entreprise.bpifrance.fr/tracking/annonce/click/589688/site/0;589688;Mise à jour le 26/06/2026;Solutions de confinement et protection des chantiers;Industrie / production / fabrication;;;4600000;;25;0;;;;"cat.: Production; via Fusacq"
Bpifrance;https://reprise-entreprise.bpifrance.fr/tracking/annonce/click/635588/site/0;635588;Mise à jour le 26/06/2026;Concessionnaire : vente de bateaux de plaisance, accastillage et entretien;Automobile / 2 roues / nautisme;;;2600000;;12;570000;;;;"cat.: Services; via Fusacq"
Bpifrance;https://reprise-entreprise.bpifrance.fr/tracking/annonce/click/650219/site/0;650219;Mise à jour le 26/06/2026;Travaux publics, VRD et activités connexes;Bâtiment / travaux publics / second œuvre;;Pays de la Loire;3900000;;22;0;;;oui (cf. Fusacq V91362);"cat.: Production; via Fusacq"
Bpifrance;https://reprise-entreprise.bpifrance.fr/tracking/annonce/click/650221/site/0;650221;Mise à jour le 26/06/2026;Fourniture et pose de menuiseries;Bâtiment / travaux publics / second œuvre;;;3300000;;20;860000;;;oui (cf. Fusacq V91366);"cat.: Production; via Fusacq"
Bpifrance;https://reprise-entreprise.bpifrance.fr/tracking/annonce/click/605421/site/0;605421;Mise à jour le 25/06/2026;Entreprise Plomberie - Chauffage ANGERS;Bâtiment / travaux publics / second œuvre;;;1624000;;10;550000;;;oui (cf. Bpifrance 605420);"cat.: Production; via Cession PME"
Bpifrance;https://reprise-entreprise.bpifrance.fr/tracking/annonce/click/615697/site/0;615697;Mise à jour le 25/06/2026;Rénovation énergétique de l'habitat : du conseil à la pose;Conseil / expertise / services administratifs aux entreprises (BPO);;Hauts-de-France;2000000;;10;0;;;oui (cf. Fusacq V87457);"cat.: Production; via Fusacq"
Bpifrance;https://reprise-entreprise.bpifrance.fr/tracking/annonce/click/235531/site/0;235531;Mise à jour le 25/06/2026;Boulangerie - Pâtisserie CORREZE;HCR / restauration / tourisme / loisirs;;;1203000;;19;993000;;;;"cat.: Commerce; via Cession PME"
Bpifrance;https://reprise-entreprise.bpifrance.fr/tracking/annonce/click/650107/site/0;650107;Mise à jour le 25/06/2026;Distribution, adaptation et maintenance de machines spéciales;Négoce / distribution B2B;;Auvergne-Rhône-Alpes;5000000;;10;0;;;oui (cf. Fusacq V91358);"cat.: Commerce; via Fusacq"
Bpifrance;https://reprise-entreprise.bpifrance.fr/tracking/annonce/click/650114/site/0;650114;Mise à jour le 25/06/2026;Résidence d'autonomie pour séniors;Autres / non classé;;Provence-Alpes-Côte d'Azur;1500000;;18;0;;;oui (cf. Fusacq V91135);"cat.: Services; via Fusacq"
Bpifrance;https://reprise-entreprise.bpifrance.fr/tracking/annonce/click/650106/site/0;650106;Mise à jour le 25/06/2026;Bureau d'études en réseaux;Bureau d'études / ingénierie / diagnostics;;;1700000;;12;0;;;oui (cf. Fusacq V91337);"cat.: Services; via Fusacq"
Bpifrance;https://reprise-entreprise.bpifrance.fr/tracking/annonce/click/585265/site/0;585265;Mise à jour le 24/06/2026;Boulangerie - Pâtisserie Loire;HCR / restauration / tourisme / loisirs;;;1700000;;25;765000;;;;"cat.: Commerce; via Cession PME"
Bpifrance;https://reprise-entreprise.bpifrance.fr/tracking/annonce/click/547652/site/0;547652;Mise à jour le 24/06/2026;Marbrerie - Bâtiment et funéraire;Bâtiment / travaux publics / second œuvre;;;3390000;;18;1850000;;;;"cat.: Production; via Fusacq"
Bpifrance;https://reprise-entreprise.bpifrance.fr/tracking/annonce/click/589912/site/0;589912;Mise à jour le 24/06/2026;Laboratoire de cosmétologie 100% naturelle et végane;Industrie / production / fabrication;;;1730000;;12;0;;;;"cat.: Production; via Fusacq"
Bpifrance;https://reprise-entreprise.bpifrance.fr/tracking/annonce/click/649941/site/0;649941;Mise à jour le 24/06/2026;Installation de bornes et automates (banques);Industrie / production / fabrication;;Île-de-France;2700000;;19;0;;;oui (cf. Fusacq V91318);"cat.: Production; via Fusacq"
Bpifrance;https://reprise-entreprise.bpifrance.fr/tracking/annonce/click/649937/site/0;649937;Mise à jour le 24/06/2026;Aménagements extérieurs et de rénovation;Bâtiment / travaux publics / second œuvre;;;3000000;;20;542000;;;oui (cf. Fusacq V91029);"cat.: Production; via Fusacq"
Bpifrance;https://reprise-entreprise.bpifrance.fr/tracking/annonce/click/649940/site/0;649940;Mise à jour le 24/06/2026;Intégration IT et services managés;Autres / non classé;;;4600000;;17;0;;;oui (cf. Fusacq V91323);"cat.: Services; via Fusacq"
Bpifrance;https://reprise-entreprise.bpifrance.fr/tracking/annonce/click/632307/site/0;632307;Mise à jour le 23/06/2026;Services d'aide à domicile et de portage de repas;Services à la personne / santé à domicile;;;1400000;;42;0;;;;"cat.: Services; via Fusacq"
Bpifrance;https://reprise-entreprise.bpifrance.fr/tracking/annonce/click/301400/site/0;301400;Mise à jour le 23/06/2026;Boulangerie - Pâtisserie LIMOGES;HCR / restauration / tourisme / loisirs;;;1200000;;11;855000;;;;"cat.: Commerce; via Cession PME"
Bpifrance;https://reprise-entreprise.bpifrance.fr/tracking/annonce/click/649726/site/0;649726;Mise à jour le 23/06/2026;Bardage et étanchéité;Bâtiment / travaux publics / second œuvre;;Île-de-France;4300000;;12;0;;;;"cat.: Production; via Fusacq"
Bpifrance;https://reprise-entreprise.bpifrance.fr/tracking/annonce/click/649735/site/0;649735;Mise à jour le 23/06/2026;Travaux de peinture et de rénovation intérieure et extérieure;Bâtiment / travaux publics / second œuvre;;;1500000;;14;0;;;oui (cf. Fusacq V91307);"cat.: Production; via Fusacq"
Bpifrance;https://reprise-entreprise.bpifrance.fr/tracking/annonce/click/650010/site/0;650010;Mise à jour le 23/06/2026;Boulangerie - Pâtisserie Bassin Chambérien;HCR / restauration / tourisme / loisirs;;;2500000;;35;1250000;;;;"cat.: Commerce; via Cession PME"
Bpifrance;https://reprise-entreprise.bpifrance.fr/tracking/annonce/click/650011/site/0;650011;Mise à jour le 23/06/2026;Boulangerie - Pâtisserie Sur les bords du Léman;HCR / restauration / tourisme / loisirs;;;2240000;251000;38;1600000;;;;"cat.: Commerce; via Cession PME"
Bpifrance;https://reprise-entreprise.bpifrance.fr/tracking/annonce/click/607698/site/0;607698;Mise à jour le 22/06/2026;Boulangerie - Pâtisserie NIMES;HCR / restauration / tourisme / loisirs;;;2044000;;21;1045000;;;;"cat.: Commerce; via Cession PME"
Bpifrance;https://reprise-entreprise.bpifrance.fr/tracking/annonce/click/528547/site/0;528547;Mise à jour le 22/06/2026;Bar - Brasserie - Tabac ISSY LES MOULINEAUX;HCR / restauration / tourisme / loisirs;;Île-de-France;1445000;109000;16;1886400;;;;"cat.: Restauration et Tourisme; via Cession PME"
Bpifrance;https://reprise-entreprise.bpifrance.fr/tracking/annonce/click/521536/site/0;521536;Mise à jour le 22/06/2026;Hôtel-restaurant de 100 chambres;HCR / restauration / tourisme / loisirs;;;2700000;;45;3800000;;;;"cat.: Restauration et Tourisme; via Fusacq"
Bpifrance;https://reprise-entreprise.bpifrance.fr/tracking/annonce/click/634551/site/0;634551;Mise à jour le 22/06/2026;Boulangerie - Pâtisserie Rhône;HCR / restauration / tourisme / loisirs;;;1260000;;10;867000;;;;"cat.: Commerce; via Cession PME"
Bpifrance;https://reprise-entreprise.bpifrance.fr/tracking/annonce/click/649733/site/0;649733;Mise à jour le 22/06/2026;Mécanique industrielle / Chaudronnerie;Industrie / production / fabrication;;;1600000;;12;0;;;oui (cf. Fusacq V91278);"cat.: Production; via Fusacq"
Bpifrance;https://reprise-entreprise.bpifrance.fr/tracking/annonce/click/649731/site/0;649731;Mise à jour le 22/06/2026;Menuiseries bois, PVC, alu : négoce & pose;Négoce / distribution B2B;;Auvergne-Rhône-Alpes;1200000;;10;750000;;;oui (cf. Fusacq V91282);"cat.: Production; via Fusacq"
Bpifrance;https://reprise-entreprise.bpifrance.fr/tracking/annonce/click/620431/site/0;620431;Mise à jour le 22/06/2026;Boulangerie, Pâtisserie, Salon de thé 26 places avec terrasse à Neydens ;HCR / restauration / tourisme / loisirs;;Auvergne-Rhône-Alpes;1013000;;11;804000;;;;"cat.: Commerce; via Place des Commerces"
Bpifrance;https://reprise-entreprise.bpifrance.fr/tracking/annonce/click/473974/site/0;473974;Mise à jour le 21/06/2026;Entreprise BTP Puy de Dôme;Bâtiment / travaux publics / second œuvre;;;1341000;;10;1590000;;;;"cat.: Production; via Cession PME"
Bpifrance;https://reprise-entreprise.bpifrance.fr/tracking/annonce/click/611275/site/0;611275;Mise à jour le 19/06/2026;Restaurant Le Crotoy;HCR / restauration / tourisme / loisirs;;;2000000;210000;27;972000;;;;"cat.: Restauration et Tourisme; via Cession PME"
Bpifrance;https://reprise-entreprise.bpifrance.fr/tracking/annonce/click/649335/site/0;649335;Mise à jour le 19/06/2026;Génie électrique - courant fort et courant faible;Autres / non classé;;Provence-Alpes-Côte d'Azur;2100000;;10;0;;;;"cat.: Services; via Fusacq"
Bpifrance;https://reprise-entreprise.bpifrance.fr/tracking/annonce/click/649338/site/0;649338;Mise à jour le 19/06/2026;Agence de conseil en design et communication de marque;Communication / marketing / édition / imprimerie / PLV;;Île-de-France;1700000;;16;0;;;oui (cf. Fusacq V91256);"cat.: Services; via Fusacq"
Bpifrance;https://reprise-entreprise.bpifrance.fr/tracking/annonce/click/649131/site/0;649131;Mise à jour le 18/06/2026;Cabinet d'expertise comptable;Conseil / expertise / services administratifs aux entreprises (BPO);;Provence-Alpes-Côte d'Azur;1700000;;18;2500000;;;oui (cf. Fusacq V91235);"cat.: Services; via Fusacq"
Bpifrance;https://reprise-entreprise.bpifrance.fr/tracking/annonce/click/648882/site/0;648882;Mise à jour le 17/06/2026;Boucherie, charcuterie, traiteur et alimentation;HCR / restauration / tourisme / loisirs;;;3900000;;25;2970000;;;oui (cf. Fusacq V91218);"cat.: Commerce; via Fusacq"
Bpifrance;https://reprise-entreprise.bpifrance.fr/tracking/annonce/click/648881/site/0;648881;Mise à jour le 17/06/2026;Électricité générale;Bâtiment / travaux publics / second œuvre;;Provence-Alpes-Côte d'Azur;3300000;;22;0;;;oui (cf. Fusacq V91221);"cat.: Production; via Fusacq"
Bpifrance;https://reprise-entreprise.bpifrance.fr/tracking/annonce/click/648577/site/0;648577;Mise à jour le 16/06/2026;Cabinet de consulting / centre de formation;Formation professionnelle / organisme de formation;;;1200000;;10;950000;;;oui (cf. Fusacq V91165);"cat.: Services; via Fusacq"
Bpifrance;https://reprise-entreprise.bpifrance.fr/tracking/annonce/click/648586/site/0;648586;Mise à jour le 16/06/2026;Mécanique de précision;Industrie / production / fabrication;;;1400000;;13;0;;;oui (cf. Fusacq V91146);"cat.: Production; via Fusacq"
Bpifrance;https://reprise-entreprise.bpifrance.fr/tracking/annonce/click/648567/site/0;648567;Mise à jour le 16/06/2026;Usinage de précision, mécano-soudure, tôlerie et chaudronnerie;Industrie / production / fabrication;;Grand Est;2000000;;24;0;;;oui (cf. Fusacq V91163);"cat.: Production; via Fusacq"
Bpifrance;https://reprise-entreprise.bpifrance.fr/tracking/annonce/click/602696/site/0;602696;Mise à jour le 15/06/2026;Restaurant Le Mans;HCR / restauration / tourisme / loisirs;;;1200000;280000;11;790000;;;;"cat.: Restauration et Tourisme; via Cession PME"
Bpifrance;https://reprise-entreprise.bpifrance.fr/tracking/annonce/click/634599/site/0;634599;Mise à jour le 15/06/2026;Restaurant Hérault;HCR / restauration / tourisme / loisirs;;;1400000;;16;700000;;;;"cat.: Restauration et Tourisme; via Cession PME"
Bpifrance;https://reprise-entreprise.bpifrance.fr/tracking/annonce/click/648571/site/0;648571;Mise à jour le 15/06/2026;Enveloppe extérieure du bâtiment;Bâtiment / travaux publics / second œuvre;;Hauts-de-France;4200000;;17;0;;;oui (cf. Fusacq V91153);"cat.: Production; via Fusacq"
Bpifrance;https://reprise-entreprise.bpifrance.fr/tracking/annonce/click/648578/site/0;648578;Mise à jour le 15/06/2026;Grossiste en HVAC - Sanitaire & Placement;Négoce / distribution B2B;;;3200000;;11;0;;;oui (cf. Fusacq V91126);"cat.: Commerce; via Fusacq"
Bpifrance;https://reprise-entreprise.bpifrance.fr/tracking/annonce/click/648569/site/0;648569;Mise à jour le 15/06/2026;Transport de biens;Transport & logistique (commissionnaire, affrètement);;;1500000;;14;132000;;;oui (cf. Fusacq V90992);"cat.: Services; via Fusacq"
Bpifrance;https://reprise-entreprise.bpifrance.fr/tracking/annonce/click/648073/site/0;648073;Mise à jour le 12/06/2026;Transport routier en vrac par citerne;Transport & logistique (commissionnaire, affrètement);;;4500000;;15;0;;;oui (cf. Fusacq V91112);"cat.: Services; via Fusacq"
Bpifrance;https://reprise-entreprise.bpifrance.fr/tracking/annonce/click/647847/site/0;647847;Mise à jour le 12/06/2026;Chaudronnerie, manutention et maintenance industrielle;Industrie / production / fabrication;;;1500000;;18;750000;;;oui (cf. Fusacq V91063);"cat.: Production; via Fusacq"
Bpifrance;https://reprise-entreprise.bpifrance.fr/tracking/annonce/click/648078/site/0;648078;Mise à jour le 12/06/2026;Métallerie / serrurerie : fabrication et pose;Bâtiment / travaux publics / second œuvre;;;1900000;;10;550000;;;oui (cf. Fusacq V91102);"cat.: Production; via Fusacq"
Bpifrance;https://reprise-entreprise.bpifrance.fr/tracking/annonce/click/648077/site/0;648077;Mise à jour le 12/06/2026;Fabrication de matériaux réfractaires isolants et construction de briques bas carbone;Industrie / production / fabrication;;;3000000;;29;0;;;oui (cf. Fusacq V91121);"cat.: Production; via Fusacq"
Bpifrance;https://reprise-entreprise.bpifrance.fr/tracking/annonce/click/648071/site/0;648071;Mise à jour le 12/06/2026;Acteur de référence en conception et distribution d'équipements dédiés au yoga et à la méditation;Négoce / distribution B2B;;Île-de-France;3000000;;10;0;;;oui (cf. Fusacq V90968);"cat.: Production; via Fusacq"
Bpifrance;https://reprise-entreprise.bpifrance.fr/tracking/annonce/click/603991/site/0;603991;Mise à jour le 11/06/2026;Entreprise Charpente - Menuiserie Vendée;Bâtiment / travaux publics / second œuvre;;;1700000;;14;230000;;;;"cat.: Production; via Cession PME"
Bpifrance;https://reprise-entreprise.bpifrance.fr/tracking/annonce/click/647853/site/0;647853;Mise à jour le 11/06/2026;Agence média locale pour annonceurs professionnels;Communication / marketing / édition / imprimerie / PLV;;Île-de-France;4600000;;10;0;;;oui (cf. Fusacq V91084);"cat.: Services; via Fusacq"
Bpifrance;https://reprise-entreprise.bpifrance.fr/tracking/annonce/click/647858/site/0;647858;Mise à jour le 11/06/2026;Électricité générale;Bâtiment / travaux publics / second œuvre;;Île-de-France;4000000;;20;0;;;;"cat.: Production; via Fusacq"
Bpifrance;https://reprise-entreprise.bpifrance.fr/tracking/annonce/click/647856/site/0;647856;Mise à jour le 11/06/2026;Location de matériel TP avec chauffeur;Négoce / distribution B2B;;;2600000;;25;0;;;oui (cf. Fusacq V91064);"cat.: Services; via Fusacq"
Bpifrance;https://reprise-entreprise.bpifrance.fr/tracking/annonce/click/647627/site/0;647627;Mise à jour le 10/06/2026;Second œuvre du bâtiment;Bâtiment / travaux publics / second œuvre;;;2100000;;16;400000;;;oui (cf. Fusacq V91058);"cat.: Production; via Fusacq"
Bpifrance;https://reprise-entreprise.bpifrance.fr/tracking/annonce/click/647628/site/0;647628;Mise à jour le 10/06/2026;Distribution automatique;Négoce / distribution B2B;;Île-de-France;1600000;;10;1425000;;;oui (cf. Fusacq V91049);"cat.: Commerce; via Fusacq"
Bpifrance;https://reprise-entreprise.bpifrance.fr/tracking/annonce/click/628404/site/0;628404;Mise à jour le 09/06/2026;Entreprise Charpente - Menuiserie Couronne Lyonnaise;Bâtiment / travaux publics / second œuvre;;;2000000;;20;650000;;;;"cat.: Production; via Cession PME"
Bpifrance;https://reprise-entreprise.bpifrance.fr/tracking/annonce/click/647378/site/0;647378;Mise à jour le 09/06/2026;CVC / plomberie;Bâtiment / travaux publics / second œuvre;;Occitanie;3000000;;20;0;;;oui (cf. Fusacq V91034);"cat.: Production; via Fusacq"
Bpifrance;https://reprise-entreprise.bpifrance.fr/tracking/annonce/click/647369/site/0;647369;Mise à jour le 09/06/2026;Garage automobile (2 garages avec station-service);Automobile / 2 roues / nautisme;;;2100000;;14;0;;;oui (cf. Fusacq V91035);"cat.: Commerce; via Fusacq"
Bpifrance;https://reprise-entreprise.bpifrance.fr/tracking/annonce/click/647375/site/0;647375;Mise à jour le 08/06/2026;Garage : réparation électrique pour poids lourds;Automobile / 2 roues / nautisme;;;1300000;;10;1000000;;;oui (cf. Fusacq V90972);"cat.: Commerce; via Fusacq"
Bpifrance;https://reprise-entreprise.bpifrance.fr/tracking/annonce/click/647124/site/0;647124;Mise à jour le 05/06/2026;Marketing du digital local;Services informatiques / ESN / éditeur de logiciel;;;4600000;;10;0;;;oui (cf. Fusacq V91007);"cat.: Services; via Fusacq"
Bpifrance;https://reprise-entreprise.bpifrance.fr/tracking/annonce/click/646946/site/0;646946;Mise à jour le 04/06/2026;Développement et installation de systèmes de sécurité et contrôle d'accès;Autres / non classé;;;2400000;;19;0;;;oui (cf. Fusacq V90973);"cat.: Services; via Fusacq"
Bpifrance;https://reprise-entreprise.bpifrance.fr/tracking/annonce/click/646942/site/0;646942;Mise à jour le 04/06/2026;Fabrication de lunettes;Industrie / production / fabrication;;;1600000;;14;0;;;oui (cf. Fusacq V90964);"cat.: Production; via Fusacq"
Bpifrance;https://reprise-entreprise.bpifrance.fr/tracking/annonce/click/646746/site/0;646746;Mise à jour le 03/06/2026;Fabrication et pose de mobilier;Bâtiment / travaux publics / second œuvre;;;3100000;;11;1400000;;;oui (cf. Fusacq V90958);"cat.: Production; via Fusacq"
Bpifrance;https://reprise-entreprise.bpifrance.fr/tracking/annonce/click/644663/site/0;644663;Mise à jour le 03/06/2026;Transporteur routier multi-activités;Transport & logistique (commissionnaire, affrètement);;;2900000;;26;0;;;;"cat.: Services; via Fusacq"
Bpifrance;https://reprise-entreprise.bpifrance.fr/tracking/annonce/click/646747/site/0;646747;Mise à jour le 03/06/2026;Usinage numérique;Services informatiques / ESN / éditeur de logiciel;;Auvergne-Rhône-Alpes;1300000;;10;850000;;;oui (cf. Fusacq V90959);"cat.: Production; via Fusacq"
Bpifrance;https://reprise-entreprise.bpifrance.fr/tracking/annonce/click/646336/site/0;646336;Mise à jour le 02/06/2026;Spécialiste des solutions d'alerte multicanale et de communication de crise;Communication / marketing / édition / imprimerie / PLV;;;2100000;;20;0;;;oui (cf. Fusacq V90926);"cat.: Services; via Fusacq"
Bpifrance;https://reprise-entreprise.bpifrance.fr/tracking/annonce/click/646335/site/0;646335;Mise à jour le 01/06/2026;Grossiste en fleurs;Négoce / distribution B2B;;;2200000;;14;1088000;;;;"cat.: Commerce; via Fusacq"
Bpifrance;https://reprise-entreprise.bpifrance.fr/tracking/annonce/click/646091/site/0;646091;Mise à jour le 29/05/2026;Carrosserie automobile;Automobile / 2 roues / nautisme;;Provence-Alpes-Côte d'Azur;3100000;;15;0;;;;"cat.: Commerce; via Fusacq"
Bpifrance;https://reprise-entreprise.bpifrance.fr/tracking/annonce/click/645154/site/0;645154;Mise à jour le 22/05/2026;Fabricant d'articles de papeterie;Industrie / production / fabrication;;Auvergne-Rhône-Alpes;3500000;;25;400000;;;;"cat.: Production; via Fusacq"
Bpifrance;https://reprise-entreprise.bpifrance.fr/tracking/annonce/click/644918/site/0;644918;Mise à jour le 21/05/2026;Hôtel rural 5* avec vignoble;HCR / restauration / tourisme / loisirs;;;1000000;;15;16500000;;;;"cat.: Restauration et Tourisme; via Fusacq"
Bpifrance;https://reprise-entreprise.bpifrance.fr/tracking/annonce/click/644919/site/0;644919;Mise à jour le 21/05/2026;Hôtel-restaurant 4* avec 33 chambres;HCR / restauration / tourisme / loisirs;;;1000000;;10;5500000;;;;"cat.: Restauration et Tourisme; via Fusacq"
Bpifrance;https://reprise-entreprise.bpifrance.fr/tracking/annonce/click/644662/site/0;644662;Mise à jour le 20/05/2026;Carrelage : vente et pose;Bâtiment / travaux publics / second œuvre;;Hauts-de-France;2200000;;11;0;;;;"cat.: Production; via Fusacq"
Bpifrance;https://reprise-entreprise.bpifrance.fr/tracking/annonce/click/624961/site/0;624961;Mise à jour le 22/04/2026;Restaurant avec terrasse à Aix-en-Provence ;HCR / restauration / tourisme / loisirs;;Provence-Alpes-Côte d'Azur;1900000;;11;1045000;;;;"cat.: Restauration et Tourisme; via Place des Commerces"
Bpifrance;https://reprise-entreprise.bpifrance.fr/tracking/annonce/click/532676/site/0;532676;Mise à jour le 23/02/2026;Restaurant 60 couverts dans une station balnéaire, à Sète ;HCR / restauration / tourisme / loisirs;;;1000000;;16;840000;;;;"cat.: Restauration et Tourisme; via Place des Commerces"
Bpifrance;https://reprise-entreprise.bpifrance.fr/tracking/annonce/click/578767/site/0;578767;Mise à jour le 07/01/2026;Restaurant bistronomique de 110 couverts avec terrasse dans un quartier animé, à Paris ;HCR / restauration / tourisme / loisirs;;Île-de-France;1600000;;19;1470000;;;;"cat.: Restauration et Tourisme; via Place des Commerces"
Bpifrance;https://reprise-entreprise.bpifrance.fr/tracking/annonce/click/613467/site/0;613467;Mise à jour le 03/11/2025;Combo de deux hôtels en Corrèze (19);HCR / restauration / tourisme / loisirs;;;1180000;;10;3030000;;;;"cat.: Restauration et Tourisme; via Place des Commerces"
Transentreprise;https://www.transentreprise.com/offres/fiche/NAQ266536C/societe-de-construction-de-piscines-haut-de-gamme/nouvelle-aquitaine/gironde;NAQ266536C;;SOCIETE DE CONSTRUCTION DE PISCINES-HAUT DE GAMME;Bâtiment / travaux publics / second œuvre;;Nouvelle-Aquitaine;2250000;;10 à 20;2000000;;;;"CA annoncé: de 1,5 à 3 M€; secteur TE: "
Transentreprise;https://www.transentreprise.com/offres/fiche/PDL266440C/bureau-detude-industriel-experimente/pays-de-la-loire/sarthe;PDL266440C;;BUREAU D'ETUDE INDUSTRIEL EXPERIMENTÉ;Bureau d'études / ingénierie / diagnostics;;Pays de la Loire;1125000;;10 à 20;1200000;depart a la retraite;;;"CA annoncé: de 750 k€ à 1,5 M€; secteur TE: Bureau d'études, ingénierie, R&D"
Transentreprise;https://www.transentreprise.com/offres/fiche/ARA266465P/menuiserie-agencement-despaces/rhone-alpes;ARA266465P;;MENUISERIE AGENCEMENT D'ESPACES;HCR / restauration / tourisme / loisirs;;Auvergne-Rhône-Alpes;3000000.0;;10 à 20;300000;;;;"CA annoncé: > 3 M€; secteur TE: Industries des équipements du foyer et des loisirs"
Transentreprise;https://www.transentreprise.com/offres/fiche/BRT266445P/societe-de-transport-routier/bretagne/ille-et-vilaine;BRT266445P;;SOCIETE DE TRANSPORT ROUTIER;Transport & logistique (commissionnaire, affrètement);;Bretagne;2250000;;10 à 20;1069000;;;;"CA annoncé: de 1,5 à 3 M€; secteur TE: Transports de marchandises"
Transentreprise;https://www.transentreprise.com/offres/fiche/GDE266495A/vends-entreprise-delectricite-generale-2m-de-ca/grand-est/bas-rhin/arrond-strasbourg;GDE266495A;;VENDS ENTREPRISE D'ELECTRICITE GÉNÉRALE 2M€ DE CA;Bâtiment / travaux publics / second œuvre;;Grand Est;2250000;;10 à 20;600000;depart a la retraite;;;"CA annoncé: de 1,5 à 3 M€; secteur TE: Travaux d'installation électrique, plomberie, chauffage..."
Transentreprise;https://www.transentreprise.com/offres/fiche/ARA266462A/travaux-de-peinture-platrerie-et-iti-ite-rge/auvergne-rhone-alpes/loire/arrond-de-montbrison;ARA266462A;;TRAVAUX DE PEINTURE PLATRERIE ET ITI / ITE (RGE);Bâtiment / travaux publics / second œuvre;;Auvergne-Rhône-Alpes;1125000;;10 à 20;360000;;;;"CA annoncé: de 750 k€ à 1,5 M€; secteur TE: Travaux de finition (peinture, plâtrerie, menuiserie…)"
Transentreprise;https://www.transentreprise.com/offres/fiche/HDF266374C/fret-de-proximite-b-to-b-services-aux-entreprises/hauts-de-france/pas-de-calais/sect-arras;HDF266374C;;FRET DE PROXIMITE B TO B. SERVICES AUX ENTREPRISES;Transport & logistique (commissionnaire, affrètement);;Hauts-de-France;1125000;;10 à 20;170000;retraite;;;"CA annoncé: de 750 k€ à 1,5 M€; secteur TE: Transports de marchandises"
Transentreprise;https://www.transentreprise.com/offres/fiche/ARA266352C/entreprise-specialisee-dans-services-a-la-personne/auvergne-rhone-alpes/haute-loire/le-puy-et-arrondissement;ARA266352C;;ENTREPRISE SPÉCIALISÉE DANS SERVICES À LA PERSONNE;Services à la personne / santé à domicile;;Auvergne-Rhône-Alpes;1125000;;21 à 50;;;;;"CA annoncé: de 750 k€ à 1,5 M€; secteur TE: Services à la personne (ménage, portage repas, garde enfants…)"
Transentreprise;https://www.transentreprise.com/offres/fiche/ARA266248C/fdc-entreprise-artisanale-traiteur/auvergne-rhone-alpes/allier/vichy-et-arrondissement;ARA266248C;;FDC ENTREPRISE ARTISANALE TRAITEUR;HCR / restauration / tourisme / loisirs;;Auvergne-Rhône-Alpes;1125000;;10 à 20;600000;;;;"CA annoncé: de 750 k€ à 1,5 M€; secteur TE: Boucherie, charcuterie, traiteur…"
Transentreprise;https://www.transentreprise.com/offres/fiche/GDE266380A/patisserie-chocolaterie-strasbourg/grand-est/bas-rhin/arrond-strasbourg;GDE266380A;;PATISSERIE CHOCOLATERIE STRASBOURG;HCR / restauration / tourisme / loisirs;;Grand Est;1125000;;10 à 20;700000;;;;"CA annoncé: de 750 k€ à 1,5 M€; secteur TE: Boulangerie, pâtisserie, chocolaterie…"
Transentreprise;https://www.transentreprise.com/offres/fiche/NAQ266358P/protection-et-maintenance-industrielle/nouvelle-aquitaine/gironde;NAQ266358P;;PROTECTION ET MAINTENANCE INDUSTRIELLE;Bâtiment / travaux publics / second œuvre;;Nouvelle-Aquitaine;2250000;;10 à 20;;;;;"CA annoncé: de 1,5 à 3 M€; secteur TE: Travaux d'installation électrique, plomberie, chauffage..."
Transentreprise;https://www.transentreprise.com/offres/fiche/CEN260474P/e-commerce-site-web-marchand-4me-ca-niche-ds-jouet/centre-val-de-loire;CEN260474P;;E-COMMERCE SITE WEB MARCHAND 4ME CA NICHE DS JOUET;Services informatiques / ESN / éditeur de logiciel;;Centre-Val de Loire;3000000.0;;10 à 20;1160000;;;;"CA annoncé: > 3 M€; secteur TE: "
Transentreprise;https://www.transentreprise.com/offres/fiche/HDF266294C/carrosserie-automobile-cause-retraite/hauts-de-france/nord/sect-valenciennes;HDF266294C;;CARROSSERIE AUTOMOBILE - CAUSE RETRAITE;Automobile / 2 roues / nautisme;;Hauts-de-France;1125000;;10 à 20;;depart a la retraite;;;"CA annoncé: de 750 k€ à 1,5 M€; secteur TE: Vente/réparation autos"
Transentreprise;https://www.transentreprise.com/offres/fiche/NAQ266206A/taxis-transports-sanitaires-et-pompes-funebres/nouvelle-aquitaine/creuse/secteur-ouest-creuse;NAQ266206A;;TAXIS, TRANSPORTS SANITAIRES ET POMPES FUNÈBRES;Transport & logistique (commissionnaire, affrètement);;Nouvelle-Aquitaine;1125000;;10 à 20;;;;;"CA annoncé: de 750 k€ à 1,5 M€; secteur TE: Transports de voyageurs"
Transentreprise;https://www.transentreprise.com/offres/fiche/NAQ266226A/entreprise-de-peinture/nouvelle-aquitaine/pyrenees-atlantiques/pau-et-arrond;NAQ266226A;;ENTREPRISE DE PEINTURE;Bâtiment / travaux publics / second œuvre;;Nouvelle-Aquitaine;1125000;;10 à 20;350000;;;;"CA annoncé: de 750 k€ à 1,5 M€; secteur TE: Travaux de finition (peinture, plâtrerie, menuiserie…)"
Transentreprise;https://www.transentreprise.com/offres/fiche/NOR265870A/cession-fdc-restaurant-bar-brasserie-rouen/normandie/seine-maritime/sect-de-rouen;NOR265870A;;CESSION FDC RESTAURANT BAR BRASSERIE ROUEN;HCR / restauration / tourisme / loisirs;;Normandie;625000;;10 à 20;450000;retraite;;;"CA annoncé: de 500 à 750 k€; secteur TE: Restaurant avec ou sans bar"
Transentreprise;https://www.transentreprise.com/offres/fiche/HDF266172C/ensemble-de-2-micro-creches-performantes/hauts-de-france/aisne/soissons;HDF266172C;;ENSEMBLE DE 2 MICRO-CRÈCHES PERFORMANTES;Services à la personne / santé à domicile;;Hauts-de-France;425000;;10 à 20;240000;;;;"CA annoncé: de 350 à 500 k€; secteur TE: Activités médico-sociales"
Transentreprise;https://www.transentreprise.com/offres/fiche/BFC266152P/organisme-de-formation-specialise/bourgogne-franche-comte;BFC266152P;;ORGANISME DE FORMATION SPÉCIALISÉ;Formation professionnelle / organisme de formation;;Bourgogne-Franche-Comté;625000;;10 à 20;;reconversion;;;"CA annoncé: de 500 à 750 k€; secteur TE: Enseignement"
Transentreprise;https://www.transentreprise.com/offres/fiche/NOR266139H/restaurant-traditionnel/normandie/calvados/sect-bessin;NOR266139H;;RESTAURANT TRADITIONNEL;HCR / restauration / tourisme / loisirs;;Normandie;425000;;10 à 20;320000;retraite;;;"CA annoncé: de 350 à 500 k€; secteur TE: Restaurant avec ou sans bar"
Transentreprise;https://www.transentreprise.com/offres/fiche/OCC257860H/bar-restaurant-bistronomique-150-couverts/occitanie/hautes-pyrenees/arr-bagneres-de-bigorre;OCC257860H;;BAR RESTAURANT BISTRONOMIQUE 150 COUVERTS;HCR / restauration / tourisme / loisirs;;Occitanie;;;10 à 20;520000;;;;"CA annoncé: NC; secteur TE: Restaurant avec ou sans bar"
Transentreprise;https://www.transentreprise.com/offres/fiche/NAQ266127A/charcuterie-traiteur-boucherie-conserverie/nouvelle-aquitaine/charente/angouleme-et-ses-environs;NAQ266127A;;CHARCUTERIE TRAITEUR BOUCHERIE CONSERVERIE;HCR / restauration / tourisme / loisirs;;Nouvelle-Aquitaine;2250000;;21 à 50;78000;retraite;;;"CA annoncé: de 1,5 à 3 M€; secteur TE: Boucherie, charcuterie, traiteur…"
Transentreprise;https://www.transentreprise.com/offres/fiche/HDF266098C/ambulances-vsl-taxis/hauts-de-france/pas-de-calais;HDF266098C;;AMBULANCES - VSL - TAXIS;Transport & logistique (commissionnaire, affrètement);;Hauts-de-France;2250000;;21 à 50;;;;;"CA annoncé: de 1,5 à 3 M€; secteur TE: Transports de voyageurs"
Transentreprise;https://www.transentreprise.com/offres/fiche/ARA266057C/ste-de-services-et-assistance-aux-particuliers/auvergne-rhone-alpes/rhone/rhone-nord-beaujolais;ARA266057C;;STE DE SERVICES ET ASSISTANCE AUX PARTICULIERS;Autres / non classé;;Auvergne-Rhône-Alpes;275000;;10 à 20;170000;depart a la retraite;;;"CA annoncé: de 200 à 350 k€; secteur TE: "
Transentreprise;https://www.transentreprise.com/offres/fiche/PAC266077A/patisserie-salon-de-the/provence-alpescote-dazur/alpes-maritimes/nice-plaine-du-var-oin;PAC266077A;;PATISSERIE SALON DE THE;HCR / restauration / tourisme / loisirs;;Provence-Alpes-Côte d'Azur;425000;;10 à 20;165000;;;;"CA annoncé: de 350 à 500 k€; secteur TE: Boulangerie, pâtisserie, chocolaterie…"
Transentreprise;https://www.transentreprise.com/offres/fiche/PDL266087A/charcuterie-structuree/pays-de-la-loire/mayenne/arrond-mayenne;PDL266087A;;CHARCUTERIE STRUCTURÉE;HCR / restauration / tourisme / loisirs;;Pays de la Loire;1125000;;10 à 20;290000;retraite;;;"CA annoncé: de 750 k€ à 1,5 M€; secteur TE: Boucherie, charcuterie, traiteur…"
Transentreprise;https://www.transentreprise.com/offres/fiche/BFC258852H/hotel-restaurant-traiteur/bourgogne-franche-comte/doubs/arrondissement-de-besancon;BFC258852H;;HOTEL RESTAURANT TRAITEUR;HCR / restauration / tourisme / loisirs;;Bourgogne-Franche-Comté;1125000;;10 à 20;160000;;;;"CA annoncé: de 750 k€ à 1,5 M€; secteur TE: Restaurant avec ou sans bar"
Transentreprise;https://www.transentreprise.com/offres/fiche/ARA266032C/alimentation-bio/auvergne-rhone-alpes/isere;ARA266032C;;ALIMENTATION BIO;Autres / non classé;;Auvergne-Rhône-Alpes;2250000;;10 à 20;;;;;"CA annoncé: de 1,5 à 3 M€; secteur TE: Autres activités alimentaires spécialisées"
Transentreprise;https://www.transentreprise.com/offres/fiche/BRT265512C/plomberie-chauffage-ventilation/bretagne/ille-et-vilaine/arrond-rennes;BRT265512C;;PLOMBERIE - CHAUFFAGE - VENTILATION;Bâtiment / travaux publics / second œuvre;;Bretagne;2250000;;10 à 20;530000;;;;"CA annoncé: de 1,5 à 3 M€; secteur TE: Travaux d'installation électrique, plomberie, chauffage..."
Transentreprise;https://www.transentreprise.com/offres/fiche/BRT265513C/couverture-bardage-zinguerie/bretagne/ille-et-vilaine/arrond-rennes;BRT265513C;;COUVERTURE - BARDAGE - ZINGUERIE;Bâtiment / travaux publics / second œuvre;;Bretagne;3000000.0;;10 à 20;2100000;retraite;;;"CA annoncé: > 3 M€; secteur TE: Gros œuvre : charpente, étanchéité"
Transentreprise;https://www.transentreprise.com/offres/fiche/BRT265639C/ravalement-de-facades/bretagne/ille-et-vilaine/arrond-rennes;BRT265639C;;RAVALEMENT DE FACADES;Bâtiment / travaux publics / second œuvre;;Bretagne;1125000;;10 à 20;;;;;"CA annoncé: de 750 k€ à 1,5 M€; secteur TE: Gros œuvre : construction, maçonnerie"
Transentreprise;https://www.transentreprise.com/offres/fiche/GDE266019A/entreprise-de-chauffagiste-climatisation-a-vendre/grand-est/aube/arrond-troyes;GDE266019A;;ENTREPRISE DE CHAUFFAGISTE-CLIMATISATION À VENDRE;Bâtiment / travaux publics / second œuvre;;Grand Est;2250000;;10 à 20;1000000;;;;"CA annoncé: de 1,5 à 3 M€; secteur TE: Travaux d'installation électrique, plomberie, chauffage..."
Transentreprise;https://www.transentreprise.com/offres/fiche/581H0419/hotel-restaurant/bourgogne-franche-comte/nievre;581H0419;;HOTEL RESTAURANT;HCR / restauration / tourisme / loisirs;;Bourgogne-Franche-Comté;2250000;;21 à 50;1800000;retraite;;;"CA annoncé: de 1,5 à 3 M€; secteur TE: "
Transentreprise;https://www.transentreprise.com/offres/fiche/HDF265945C/fdc-restaurant-emplacement-n1-au-coeur-de-crepy/hauts-de-france/oise/arrondissement-senlis;HDF265945C;;FDC RESTAURANT-EMPLACEMENT N°1 AU COEUR DE CREPY;HCR / restauration / tourisme / loisirs;;Hauts-de-France;625000;;10 à 20;240000;;;;"CA annoncé: de 500 à 750 k€; secteur TE: Restaurant avec ou sans bar"
Transentreprise;https://www.transentreprise.com/offres/fiche/NAQ259576P/ambulances/nouvelle-aquitaine/pyrenees-atlantiques/bayonne-et-arrond;NAQ259576P;;AMBULANCES;Autres / non classé;;Nouvelle-Aquitaine;2250000;;21 à 50;1760000;depart a la retraite;;;"CA annoncé: de 1,5 à 3 M€; secteur TE: "
Transentreprise;https://www.transentreprise.com/offres/fiche/NAQ265950A/boulangerie-patisserie-secteur-mont-de-marsan/nouvelle-aquitaine/landes/mont-de-marsan-et-arrond;NAQ265950A;;BOULANGERIE PATISSERIE SECTEUR MONT DE MARSAN;HCR / restauration / tourisme / loisirs;;Nouvelle-Aquitaine;425000;;10 à 20;300000;retraite;;;"CA annoncé: de 350 à 500 k€; secteur TE: Boulangerie, pâtisserie, chocolaterie…"
Transentreprise;https://www.transentreprise.com/offres/fiche/BRT265911C/entreprise-generale-de-batiment/bretagne/cotes-darmor/arrond-lannion;BRT265911C;;ENTREPRISE GÉNÉRALE DE BATIMENT;Bâtiment / travaux publics / second œuvre;;Bretagne;2250000;;10 à 20;1500000;;;;"CA annoncé: de 1,5 à 3 M€; secteur TE: Gros œuvre : construction, maçonnerie"
Transentreprise;https://www.transentreprise.com/offres/fiche/NAQ265904C/concessions-motos-et-magasin-accessoires/nouvelle-aquitaine;NAQ265904C;;CONCESSIONS MOTOS ET MAGASIN ACCESSOIRES;Commerce de détail / e-commerce BtoC;;Nouvelle-Aquitaine;3000000.0;;21 à 50;1020000;;;;"CA annoncé: > 3 M€; secteur TE: Vente/réparation cycles, motos, quads"
Transentreprise;https://www.transentreprise.com/offres/fiche/BRT265869P/tri-traitement-valorisation-dechets-chantier/bretagne/finistere;BRT265869P;;TRI TRAITEMENT VALORISATION DÉCHETS CHANTIER;Énergie / environnement / déchets / recyclage;;Bretagne;1125000;;10 à 20;300000;mutation;;;"CA annoncé: de 750 k€ à 1,5 M€; secteur TE: Energie, environnement, traitement déchets"
Transentreprise;https://www.transentreprise.com/offres/fiche/ARA265877A/boulangerie-patisserie/auvergne-rhone-alpes/haute-savoie;ARA265877A;;BOULANGERIE PATISSERIE;HCR / restauration / tourisme / loisirs;;Auvergne-Rhône-Alpes;1125000;;10 à 20;690000;retraite;;;"CA annoncé: de 750 k€ à 1,5 M€; secteur TE: Boulangerie, pâtisserie, chocolaterie…"
Transentreprise;https://www.transentreprise.com/offres/fiche/HDF265847C/grossiste-en-fruits-et-legumes-au-nord-de-paris/hauts-de-france/nord/sect-lille-metropole;HDF265847C;;GROSSISTE EN FRUITS ET LEGUMES AU NORD DE PARIS;Négoce / distribution B2B;;Hauts-de-France;3000000.0;;10 à 20;3500000;;;;"CA annoncé: > 3 M€; secteur TE: Commerce de gros produits alimentaires"
Transentreprise;https://www.transentreprise.com/offres/fiche/NAQ265818C/garage-automobile-multi-activite/nouvelle-aquitaine;NAQ265818C;;GARAGE AUTOMOBILE MULTI-ACTIVITÉ;Automobile / 2 roues / nautisme;;Nouvelle-Aquitaine;3000000.0;;10 à 20;700000;depart a la retraite;;;"CA annoncé: > 3 M€; secteur TE: Vente/réparation autos"
Transentreprise;https://www.transentreprise.com/offres/fiche/2B1C0030/hotel-restaurant/corse/haute-corse/grand-bastia;2B1C0030;;HOTEL -RESTAURANT;HCR / restauration / tourisme / loisirs;;Corse;625000;;10 à 20;2300000;;;;"CA annoncé: de 500 à 750 k€; secteur TE: Hôtel-Restaurant avec ou sans bar"
Transentreprise;https://www.transentreprise.com/offres/fiche/HDF253661C/entreprise-gros-oeuvre-et-construction/hauts-de-france/pas-de-calais/sect-boulogne-sur-mer;HDF253661C;;ENTREPRISE GROS OEUVRE ET CONSTRUCTION;Bâtiment / travaux publics / second œuvre;;Hauts-de-France;2250000;;10 à 20;;retraite;;;"CA annoncé: de 1,5 à 3 M€; secteur TE: Gros œuvre : construction, maçonnerie"
Transentreprise;https://www.transentreprise.com/offres/fiche/BFC265767P/groupe-menuiseries-exterieures-et-fermetures/bourgogne-franche-comte/nievre;BFC265767P;;GROUPE MENUISERIES EXTÉRIEURES ET FERMETURES;Bâtiment / travaux publics / second œuvre;;Bourgogne-Franche-Comté;3000000.0;;10 à 20;850000;nouveau projet;;;"CA annoncé: > 3 M€; secteur TE: Travaux de finition (peinture, plâtrerie, menuiserie…)"
Transentreprise;https://www.transentreprise.com/offres/fiche/OCC265771P/entreprise-de-gros-oeuvre-du-batiment/occitanie/haute-garonne;OCC265771P;;ENTREPRISE DE GROS ŒUVRE DU BATIMENT;Bâtiment / travaux publics / second œuvre;;Occitanie;2250000;;10 à 20;;depart a la retraite;;;"CA annoncé: de 1,5 à 3 M€; secteur TE: Gros œuvre : construction, maçonnerie"
Transentreprise;https://www.transentreprise.com/offres/fiche/ARA265546H/vente-fonds-de-commerce-restauration/auvergne-rhone-alpes/haute-savoie/bassin-annecien;ARA265546H;;VENTE FONDS DE COMMERCE RESTAURATION;HCR / restauration / tourisme / loisirs;;Auvergne-Rhône-Alpes;625000;;10 à 20;810000;retraite;;;"CA annoncé: de 500 à 750 k€; secteur TE: Restaurant avec ou sans bar"
Transentreprise;https://www.transentreprise.com/offres/fiche/ARA265570H/restaurant-dynamique/auvergne-rhone-alpes/haute-savoie/bassin-annecien;ARA265570H;;RESTAURANT DYNAMIQUE;HCR / restauration / tourisme / loisirs;;Auvergne-Rhône-Alpes;1125000;;10 à 20;756000;;;;"CA annoncé: de 750 k€ à 1,5 M€; secteur TE: Restaurant avec ou sans bar"
Transentreprise;https://www.transentreprise.com/offres/fiche/NAQ265742C/terminal-de-cuisson-franchise/nouvelle-aquitaine/charente-maritime/saintes-et-ses-environs;NAQ265742C;;TERMINAL DE CUISSON - FRANCHISE;HCR / restauration / tourisme / loisirs;;Nouvelle-Aquitaine;1125000;;10 à 20;650000;;;;"CA annoncé: de 750 k€ à 1,5 M€; secteur TE: Boulangerie, pâtisserie, chocolaterie…"
Transentreprise;https://www.transentreprise.com/offres/fiche/OCC265732P/pme-industrielle-multi-competences/occitanie/hautes-pyrenees;OCC265732P;;PME INDUSTRIELLE MULTI-COMPÉTENCES;Industrie / production / fabrication;;Occitanie;;;21 à 50;;;;;"CA annoncé: NC; secteur TE: Travail des métaux"
Transentreprise;https://www.transentreprise.com/offres/fiche/ARA265564H/restaurant-et-brasserie/auvergne-rhone-alpes/savoie/chambery-metropole-savoie;ARA265564H;;RESTAURANT ET BRASSERIE;HCR / restauration / tourisme / loisirs;;Auvergne-Rhône-Alpes;625000;;10 à 20;496800;;;;"CA annoncé: de 500 à 750 k€; secteur TE: Restaurant avec ou sans bar"
Transentreprise;https://www.transentreprise.com/offres/fiche/BRT265664P/tpe-leader-mobilier-sur-mesure-produits-de-la-mer/bretagne;BRT265664P;;TPE LEADER MOBILIER SUR MESURE PRODUITS DE LA MER;Industrie / production / fabrication;;Bretagne;;;10 à 20;;;;;"CA annoncé: NC; secteur TE: Chimie, plastique, parachimie"
Transentreprise;https://www.transentreprise.com/offres/fiche/NAQ256768P/exploitation-forestiere-sylviculture-transport/nouvelle-aquitaine/creuse;NAQ256768P;;EXPLOITATION FORESTIERE SYLVICULTURE TRANSPORT;Transport & logistique (commissionnaire, affrètement);;Nouvelle-Aquitaine;2250000;;10 à 20;;retraite;;;"CA annoncé: de 1,5 à 3 M€; secteur TE: "
Transentreprise;https://www.transentreprise.com/offres/fiche/NAQ265626P/societe-de-mecanique-de-precision/nouvelle-aquitaine;NAQ265626P;;SOCIETE DE MECANIQUE DE PRECISION;Industrie / production / fabrication;;Nouvelle-Aquitaine;1125000;;10 à 20;1200000;depart a la retraite;;;"CA annoncé: de 750 k€ à 1,5 M€; secteur TE: Travail des métaux"
Transentreprise;https://www.transentreprise.com/offres/fiche/NOR265505P/commerce-de-produits-du-jardin/normandie;NOR265505P;;COMMERCE DE PRODUITS DU JARDIN;Négoce / distribution B2B;;Normandie;2250000;;10 à 20;;;;;"CA annoncé: de 1,5 à 3 M€; secteur TE: Commerce de gros produits non alimentaires"
Transentreprise;https://www.transentreprise.com/offres/fiche/OCC265636C/entreprise-de-telesecretariat/occitanie/tarn-et-garonne/arr-de-montauban;OCC265636C;;ENTREPRISE DE TELESECRETARIAT;Conseil / expertise / services administratifs aux entreprises (BPO);;Occitanie;625000;;10 à 20;280000;;;;"CA annoncé: de 500 à 750 k€; secteur TE: Autres services aux entreprises"
Transentreprise;https://www.transentreprise.com/offres/fiche/HDF265610C/agence-de-services-a-la-personne/hauts-de-france/pas-de-calais/sect-boulogne-sur-mer;HDF265610C;;AGENCE DE SERVICES A LA PERSONNE;Services à la personne / santé à domicile;;Hauts-de-France;275000;;10 à 20;70000;;;;"CA annoncé: de 200 à 350 k€; secteur TE: Services à la personne (ménage, portage repas, garde enfants…)"
Transentreprise;https://www.transentreprise.com/offres/fiche/ARA265586P/conception-negoce-produits-chimiques/rhone-alpes;ARA265586P;;CONCEPTION-NEGOCE PRODUITS CHIMIQUES;Négoce / distribution B2B;;Auvergne-Rhône-Alpes;3000000.0;;10 à 20;6032000;;;;"CA annoncé: > 3 M€; secteur TE: Commerce de gros produits non alimentaires"
Transentreprise;https://www.transentreprise.com/offres/fiche/OCC265482C/entreprise-de-travaux-publics/midi-pyrenees;OCC265482C;;ENTREPRISE DE TRAVAUX PUBLICS;Bâtiment / travaux publics / second œuvre;;Occitanie;;;10 à 20;;;;;"CA annoncé: NC; secteur TE: Travaux publics, terrassement"
Transentreprise;https://www.transentreprise.com/offres/fiche/PAC265594A/nettoyage-de-locaux/provence-alpescote-dazur/alpes-maritimes/littoral-moyen-pays-ouest;PAC265594A;;NETTOYAGE DE LOCAUX;Propreté / nettoyage / multiservices;;Provence-Alpes-Côte d'Azur;1125000;;10 à 20;230000;depart a la retraite;;;"CA annoncé: de 750 k€ à 1,5 M€; secteur TE: Activités de nettoyage"
Transentreprise;https://www.transentreprise.com/offres/fiche/NAQ265563C/horticulture-production-sous-serres/nouvelle-aquitaine/charente-maritime/jonzac-et-ses-environs;NAQ265563C;;HORTICULTURE - PRODUCTION SOUS-SERRES;Industrie / production / fabrication;;Nouvelle-Aquitaine;2250000;;21 à 50;;;;;"CA annoncé: de 1,5 à 3 M€; secteur TE: Cultures, production animale, exploitation forestière"
Transentreprise;https://www.transentreprise.com/offres/fiche/OCC265525C/restaurant-emplacement-strategique-en-plein-essor/occitanie/haute-garonne/arr-de-toulouse;OCC265525C;;RESTAURANT EMPLACEMENT STRATEGIQUE EN PLEIN ESSOR;HCR / restauration / tourisme / loisirs;;Occitanie;;;10 à 20;;;;;"CA annoncé: NC; secteur TE: Restaurant avec ou sans bar"
Transentreprise;https://www.transentreprise.com/offres/fiche/BRT265434C/boulangerie-patisserie-snacking/bretagne/ille-et-vilaine/arrond-rennes;BRT265434C;;BOULANGERIE-PATISSERIE-SNACKING;HCR / restauration / tourisme / loisirs;;Bretagne;1125000;;10 à 20;804000;;;;"CA annoncé: de 750 k€ à 1,5 M€; secteur TE: Boulangerie, pâtisserie, chocolaterie…"
Transentreprise;https://www.transentreprise.com/offres/fiche/ARA253869C/boulangerie-patisserie/auvergne-rhone-alpes/cantal/aurillac-et-arrondissement;ARA253869C;;BOULANGERIE PATISSERIE;HCR / restauration / tourisme / loisirs;;Auvergne-Rhône-Alpes;;;10 à 20;;depart a la retraite;;;"CA annoncé: NC; secteur TE: Boulangerie, pâtisserie, chocolaterie…"
Transentreprise;https://www.transentreprise.com/offres/fiche/BFC265421P/fabrication-doutils-de-marquage-et-gravure/bourgogne-franche-comte/saone-et-loire;BFC265421P;;FABRICATION D'OUTILS DE MARQUAGE ET GRAVURE;Industrie / production / fabrication;;Bourgogne-Franche-Comté;2250000;;21 à 50;400000;;;;"CA annoncé: de 1,5 à 3 M€; secteur TE: Travail des métaux"
Transentreprise;https://www.transentreprise.com/offres/fiche/ARA265097P/entreprise-delectricite-generale/auvergne-rhone-alpes/drome/tricastin-baronnies;ARA265097P;;ENTREPRISE D'ÉLECTRICITÉ GÉNÉRALE;Bâtiment / travaux publics / second œuvre;;Auvergne-Rhône-Alpes;3000000.0;;21 à 50;;;;;"CA annoncé: > 3 M€; secteur TE: Travaux d'installation électrique, plomberie, chauffage..."
Transentreprise;https://www.transentreprise.com/offres/fiche/NOR265386P/emballages-pour-les-metiers-de-bouche/normandie;NOR265386P;;EMBALLAGES POUR LES MÉTIERS DE BOUCHE;Négoce / distribution B2B;;Normandie;2250000;;10 à 20;;retraite;;;"CA annoncé: de 1,5 à 3 M€; secteur TE: Chimie, plastique, parachimie"
Transentreprise;https://www.transentreprise.com/offres/fiche/BRT264911P/garage-reparation-electrique/bretagne/ille-et-vilaine/arrond-redon;BRT264911P;;GARAGE - REPARATION ELECTRIQUE;Automobile / 2 roues / nautisme;;Bretagne;1125000;;10 à 20;1000000;;;;"CA annoncé: de 750 k€ à 1,5 M€; secteur TE: "
Transentreprise;https://www.transentreprise.com/offres/fiche/BRT263971P/conception-fabrication-distribution-omnicanale-pap/bretagne;BRT263971P;;CONCEPTION FABRICATION DISTRIBUTION OMNICANALE PAP;Négoce / distribution B2B;;Bretagne;3000000.0;;10 à 20;;retraite;;;"CA annoncé: > 3 M€; secteur TE: "
Transentreprise;https://www.transentreprise.com/offres/fiche/GDE265311H/restaurant-sous-franchise/grand-est/haute-marne/arrond-chaumont;GDE265311H;;RESTAURANT SOUS FRANCHISE;HCR / restauration / tourisme / loisirs;;Grand Est;2250000;;10 à 20;600000;;;;"CA annoncé: de 1,5 à 3 M€; secteur TE: Restaurant avec ou sans bar"
Transentreprise;https://www.transentreprise.com/offres/fiche/IDF265338P/mecanique-de-precision-niche-fabrication-de-vis/ile-de-france/seine-et-marne;IDF265338P;;MECANIQUE DE PRECISION - NICHE FABRICATION DE VIS;Industrie / production / fabrication;;Île-de-France;1125000;;10 à 20;;retraite;;;"CA annoncé: de 750 k€ à 1,5 M€; secteur TE: Industrie électrique, électronique et mécanique"
Transentreprise;https://www.transentreprise.com/offres/fiche/ARA265260H/restaurant-au-coeur-dune-station/auvergne-rhone-alpes/savoie/tarentaise;ARA265260H;;RESTAURANT AU CŒUR D'UNE STATION;HCR / restauration / tourisme / loisirs;;Auvergne-Rhône-Alpes;625000;;10 à 20;645000;;;;"CA annoncé: de 500 à 750 k€; secteur TE: Restaurant avec ou sans bar"
Transentreprise;https://www.transentreprise.com/offres/fiche/ARA265261H/restaurant-station-haute-altitude/auvergne-rhone-alpes/savoie/tarentaise;ARA265261H;;RESTAURANT STATION HAUTE ALTITUDE;HCR / restauration / tourisme / loisirs;;Auvergne-Rhône-Alpes;625000;;10 à 20;695000;;;;"CA annoncé: de 500 à 750 k€; secteur TE: Restaurant avec ou sans bar"
Transentreprise;https://www.transentreprise.com/offres/fiche/HDF265283C/commerce-de-cigarettes-electroniques/hauts-de-france;HDF265283C;;COMMERCE DE CIGARETTES ELECTRONIQUES;Négoce / distribution B2B;;Hauts-de-France;2250000;;21 à 50;1400000;;;;"CA annoncé: de 1,5 à 3 M€; secteur TE: Commerce de gros produits non alimentaires"
Transentreprise;https://www.transentreprise.com/offres/fiche/HDF265294C/bureau-d-etudes-mecanique-chaudronnerie-industrie/hauts-de-france/aisne/soissons;HDF265294C;;BUREAU D ETUDES MECANIQUE CHAUDRONNERIE INDUSTRIE;Bureau d'études / ingénierie / diagnostics;;Hauts-de-France;;;21 à 50;1100000;;;;"CA annoncé: NC; secteur TE: Bureau d'études, ingénierie, R&D"
Transentreprise;https://www.transentreprise.com/offres/fiche/NAQ265252C/entreprise-de-second-oeuvre-du-batiment/nouvelle-aquitaine/correze/brive-et-arrondissement;NAQ265252C;;ENTREPRISE DE SECOND OEUVRE DU BATIMENT;Bâtiment / travaux publics / second œuvre;;Nouvelle-Aquitaine;2250000;;21 à 50;2500000;;;;"CA annoncé: de 1,5 à 3 M€; secteur TE: Travaux de finition (peinture, plâtrerie, menuiserie…)"
Transentreprise;https://www.transentreprise.com/offres/fiche/NOR249786A/entreprise-damenagements-paysagers/normandie/calvados/sect-conde-falaise-thury;NOR249786A;;ENTREPRISE D'AMÉNAGEMENTS PAYSAGERS;Bâtiment / travaux publics / second œuvre;;Normandie;1125000;;10 à 20;400000;depart a la retraite;;;"CA annoncé: de 750 k€ à 1,5 M€; secteur TE: Création, entretien espaces verts…"
Transentreprise;https://www.transentreprise.com/offres/fiche/NAQ265265C/entreprise-de-transport-transport-express/nouvelle-aquitaine/charente-maritime/jonzac-et-ses-environs;NAQ265265C;;ENTREPRISE DE TRANSPORT - TRANSPORT EXPRESS;Transport & logistique (commissionnaire, affrètement);;Nouvelle-Aquitaine;2250000;;21 à 50;;depart a la retraite;;;"CA annoncé: de 1,5 à 3 M€; secteur TE: Transports de marchandises"
Transentreprise;https://www.transentreprise.com/offres/fiche/NAQ265268C/entreprise-de-couverture-zinguerie-bardage/nouvelle-aquitaine/charente-maritime;NAQ265268C;;ENTREPRISE DE COUVERTURE-ZINGUERIE-BARDAGE;Bâtiment / travaux publics / second œuvre;;Nouvelle-Aquitaine;2250000;;21 à 50;;;;;"CA annoncé: de 1,5 à 3 M€; secteur TE: Gros œuvre : charpente, étanchéité"
Transentreprise;https://www.transentreprise.com/offres/fiche/ARA265177A/plomberie-chauffage-climatisation/rhone-alpes;ARA265177A;;PLOMBERIE CHAUFFAGE CLIMATISATION;Bâtiment / travaux publics / second œuvre;;Auvergne-Rhône-Alpes;1125000;;10 à 20;550000;retraite;;;"CA annoncé: de 750 k€ à 1,5 M€; secteur TE: Travaux d'installation électrique, plomberie, chauffage..."
Transentreprise;https://www.transentreprise.com/offres/fiche/NAQ265163A/boulangerie-patisserie/nouvelle-aquitaine/gironde/arcachon-et-arrond;NAQ265163A;;BOULANGERIE PATISSERIE;HCR / restauration / tourisme / loisirs;;Nouvelle-Aquitaine;1125000;;10 à 20;800000;retraite;;oui (cf. Transentreprise ARA265877A);"CA annoncé: de 750 k€ à 1,5 M€; secteur TE: Boulangerie, pâtisserie, chocolaterie…"
Transentreprise;https://www.transentreprise.com/offres/fiche/IDF265141P/batiment-tce-pour-les-collectivites/ile-de-france;IDF265141P;;BATIMENT TCE POUR LES COLLECTIVITES;Bâtiment / travaux publics / second œuvre;;Île-de-France;3000000.0;;21 à 50;;retraite;;;"CA annoncé: > 3 M€; secteur TE: Gros œuvre : construction, maçonnerie"
Transentreprise;https://www.transentreprise.com/offres/fiche/PDL263460P/activite-peinture-interieur-exterieur/pays-de-la-loire/loire-atlantique;PDL263460P;;ACTIVITÉ PEINTURE INTÉRIEUR - EXTÉRIEUR;Bâtiment / travaux publics / second œuvre;;Pays de la Loire;625000;;10 à 20;200000;;;;"CA annoncé: de 500 à 750 k€; secteur TE: Travaux de finition (peinture, plâtrerie, menuiserie…)"
Transentreprise;https://www.transentreprise.com/offres/fiche/ARA265117P/fabrication-pieces-plastiques-extrusi/auvergne;ARA265117P;;FABRICATION PIECES PLASTIQUES EXTRUSI;Industrie / production / fabrication;;Auvergne-Rhône-Alpes;2250000;;10 à 20;1200000;;;;"CA annoncé: de 1,5 à 3 M€; secteur TE: Chimie, plastique, parachimie"
Transentreprise;https://www.transentreprise.com/offres/fiche/ARA265059H/hotel-restaurant-de-charme-au-coeur-du-sancy/auvergne-rhone-alpes/puy-de-dome/issoire-et-arrondissement;ARA265059H;;HÔTEL-RESTAURANT DE CHARME AU CŒUR DU SANCY;HCR / restauration / tourisme / loisirs;;Auvergne-Rhône-Alpes;625000;;10 à 20;;;;;"CA annoncé: de 500 à 750 k€; secteur TE: Hôtel-Restaurant avec ou sans bar"
Transentreprise;https://www.transentreprise.com/offres/fiche/BRT264845C/genie-climatique/bretagne/morbihan/arrond-lorient;BRT264845C;;GÉNIE CLIMATIQUE;Bâtiment / travaux publics / second œuvre;;Bretagne;1125000;;10 à 20;760000;;;;"CA annoncé: de 750 k€ à 1,5 M€; secteur TE: Travaux d'installation électrique, plomberie, chauffage..."
Transentreprise;https://www.transentreprise.com/offres/fiche/CEN240656A/electricite-plomberie-chauffage-sanitaire/centre-val-de-loire/indre/la-chatre-et-arrondissement;CEN240656A;;ELECTRICITE PLOMBERIE CHAUFFAGE SANITAIRE;Bâtiment / travaux publics / second œuvre;;Centre-Val de Loire;2250000;;10 à 20;750000;retraite;;;"CA annoncé: de 1,5 à 3 M€; secteur TE: Travaux d'installation électrique, plomberie, chauffage..."
Transentreprise;https://www.transentreprise.com/offres/fiche/GDE265056A/bijouteriejoaillerie/alsace;GDE265056A;;BIJOUTERIE‑JOAILLERIE;Commerce de détail / e-commerce BtoC;;Grand Est;2250000;;10 à 20;1200000;retraite;;;"CA annoncé: de 1,5 à 3 M€; secteur TE: Horlogerie, bijouterie"
Transentreprise;https://www.transentreprise.com/offres/fiche/NAQ259453C/entreprise-de-transport-en-charente/nouvelle-aquitaine/charente;NAQ259453C;;ENTREPRISE DE TRANSPORT EN CHARENTE;Transport & logistique (commissionnaire, affrètement);;Nouvelle-Aquitaine;2250000;;10 à 20;280000;retraite;;;"CA annoncé: de 1,5 à 3 M€; secteur TE: Transports de marchandises"
Transentreprise;https://www.transentreprise.com/offres/fiche/NAQ264626H/restaurant-emblematique-du-grand-dax/nouvelle-aquitaine/landes/dax-et-arrond;NAQ264626H;;RESTAURANT EMBLÉMATIQUE DU GRAND DAX;HCR / restauration / tourisme / loisirs;;Nouvelle-Aquitaine;2250000;;10 à 20;300000;;;;"CA annoncé: de 1,5 à 3 M€; secteur TE: Restaurant avec ou sans bar"
Transentreprise;https://www.transentreprise.com/offres/fiche/NAQ264993C/cabinet-de-consulting-centre-de-formation/nouvelle-aquitaine/gironde/bordeaux-et-arrond;NAQ264993C;;CABINET DE CONSULTING / CENTRE DE FORMATION;Formation professionnelle / organisme de formation;;Nouvelle-Aquitaine;1125000;;10 à 20;950000;depart a la retraite;;;"CA annoncé: de 750 k€ à 1,5 M€; secteur TE: Autres services aux entreprises"
Transentreprise;https://www.transentreprise.com/offres/fiche/PDL264997H/restaurant-nord-sarthe/pays-de-la-loire/sarthe/arrond-mamers;PDL264997H;;RESTAURANT (NORD SARTHE);HCR / restauration / tourisme / loisirs;;Pays de la Loire;625000;;10 à 20;350000;;;;"CA annoncé: de 500 à 750 k€; secteur TE: Restaurant avec ou sans bar"
Transentreprise;https://www.transentreprise.com/offres/fiche/NAQ264974P/entreprise-industrielle-du-secteur-nautique/nouvelle-aquitaine/charente-maritime;NAQ264974P;;ENTREPRISE INDUSTRIELLE DU SECTEUR NAUTIQUE;Industrie / production / fabrication;;Nouvelle-Aquitaine;;;10 à 20;;;;;"CA annoncé: NC; secteur TE: "
Transentreprise;https://www.transentreprise.com/offres/fiche/NOR264966C/entretien-et-creation-despaces-verts/normandie/eure;NOR264966C;;ENTRETIEN ET CREATION D'ESPACES VERTS;Bâtiment / travaux publics / second œuvre;;Normandie;275000;;10 à 20;164400;;;;"CA annoncé: de 200 à 350 k€; secteur TE: Autres services aux particuliers"
Transentreprise;https://www.transentreprise.com/offres/fiche/ARA264810P/usinage-numerique/rhone-alpes;ARA264810P;;USINAGE NUMERIQUE;Services informatiques / ESN / éditeur de logiciel;;Auvergne-Rhône-Alpes;1125000;;10 à 20;850000;retraite;;;"CA annoncé: de 750 k€ à 1,5 M€; secteur TE: Travail des métaux"
Transentreprise;https://www.transentreprise.com/offres/fiche/NAQ264907C/pepiniere-et-negoce-de-materiaux-pour-exterieurs/nouvelle-aquitaine/charente-maritime/royan-et-ses-environs;NAQ264907C;;PEPINIERE ET NEGOCE DE MATERIAUX POUR EXTERIEURS;Négoce / distribution B2B;;Nouvelle-Aquitaine;;;10 à 20;1280000;;;;"CA annoncé: NC; secteur TE: "
Transentreprise;https://www.transentreprise.com/offres/fiche/ARA264818P/fabrication-et-pose-de-mobilier/auvergne-rhone-alpes/haute-loire;ARA264818P;;FABRICATION ET POSE DE MOBILIER;HCR / restauration / tourisme / loisirs;;Auvergne-Rhône-Alpes;3000000.0;;10 à 20;1400000;;;;"CA annoncé: > 3 M€; secteur TE: Industries des équipements du foyer et des loisirs"
Transentreprise;https://www.transentreprise.com/offres/fiche/CEN253705A/mecanique-industrielle/centre-val-de-loire/loir-et-cher/blois-et-arrondissement;CEN253705A;;MECANIQUE INDUSTRIELLE;Industrie / production / fabrication;;Centre-Val de Loire;1125000;;10 à 20;1200000;;;;"CA annoncé: de 750 k€ à 1,5 M€; secteur TE: Travail des métaux"
Transentreprise;https://www.transentreprise.com/offres/fiche/PDL264888A/5-cordonneries-multiservices-en-reseau/pays-de-la-loire/loire-atlantique;PDL264888A;;5 CORDONNERIES MULTISERVICES EN RÉSEAU;Propreté / nettoyage / multiservices;;Pays de la Loire;1125000;;10 à 20;800000;depart a la retraite;;;"CA annoncé: de 750 k€ à 1,5 M€; secteur TE: Autres services aux entreprises"
Transentreprise;https://www.transentreprise.com/offres/fiche/ARA264860C/centre-de-reparation-petit-electromenager/auvergne-rhone-alpes;ARA264860C;;CENTRE DE RÉPARATION PETIT ÉLECTROMÉNAGER;Autres / non classé;;Auvergne-Rhône-Alpes;1125000;;10 à 20;;;;;"CA annoncé: de 750 k€ à 1,5 M€; secteur TE: Entretien, réparation, dépannage"
Transentreprise;https://www.transentreprise.com/offres/fiche/CEN264848H/brasserie-cafe-restaurant/centre-val-de-loire/indre/chateauroux-et-agglomeration;CEN264848H;;BRASSERIE CAFÉ RESTAURANT;HCR / restauration / tourisme / loisirs;;Centre-Val de Loire;1125000;;10 à 20;;;;;"CA annoncé: de 750 k€ à 1,5 M€; secteur TE: "
Transentreprise;https://www.transentreprise.com/offres/fiche/GDE264865C/investissement-carrefour-city-troyes/grand-est/aube/arrond-troyes;GDE264865C;;INVESTISSEMENT CARREFOUR CITY TROYES;Commerce de détail / e-commerce BtoC;;Grand Est;;;10 à 20;280000;;;;"CA annoncé: NC; secteur TE: Alimentation générale, supérette…"
Transentreprise;https://www.transentreprise.com/offres/fiche/PDL264837A/entreprise-paysagiste-du-littoral/pays-de-la-loire/loire-atlantique/saint-nazaire-et-presquile;PDL264837A;;ENTREPRISE PAYSAGISTE DU LITTORAL;Bâtiment / travaux publics / second œuvre;;Pays de la Loire;2250000;;10 à 20;500000;;;;"CA annoncé: de 1,5 à 3 M€; secteur TE: Création, entretien espaces verts…"
Transentreprise;https://www.transentreprise.com/offres/fiche/OCC264816H/entreprise-de-restauration-sous-enseigne-nationale/occitanie/herault;OCC264816H;;ENTREPRISE DE RESTAURATION SOUS ENSEIGNE NATIONALE;HCR / restauration / tourisme / loisirs;;Occitanie;1125000;;10 à 20;;;;;"CA annoncé: de 750 k€ à 1,5 M€; secteur TE: Restaurant avec ou sans bar"
Transentreprise;https://www.transentreprise.com/offres/fiche/PAC264735C/societe-de-transport-tp-et-marchandises/provence-alpescote-dazur/var/brignoles-et-son-territoire;PAC264735C;;SOCIÉTÉ DE TRANSPORT TP ET MARCHANDISES;Transport & logistique (commissionnaire, affrètement);;Provence-Alpes-Côte d'Azur;;;21 à 50;;;;;"CA annoncé: NC; secteur TE: Transports de marchandises"
Transentreprise;https://www.transentreprise.com/offres/fiche/CEN264783C/prestation-de-services-garde-denfant-a-domicile/centre-val-de-loire/indre/chateauroux-et-agglomeration;CEN264783C;;PRESTATION DE SERVICES-GARDE D'ENFANT À DOMICILE;Services à la personne / santé à domicile;;Centre-Val de Loire;275000;;10 à 20;70000;;;;"CA annoncé: de 200 à 350 k€; secteur TE: "
Transentreprise;https://www.transentreprise.com/offres/fiche/BRT264564A/agencement-menuiserie-24-collaborateurs/bretagne/ille-et-vilaine/arrond-rennes;BRT264564A;;AGENCEMENT MENUISERIE 24 COLLABORATEURS;Bâtiment / travaux publics / second œuvre;;Bretagne;3000000.0;;21 à 50;800000;;;;"CA annoncé: > 3 M€; secteur TE: Travaux de finition (peinture, plâtrerie, menuiserie…)"
Transentreprise;https://www.transentreprise.com/offres/fiche/HDF264766P/ent-de-constructions-metalliques-et-chaudronnerie/hauts-de-france/nord;HDF264766P;;ENT. DE CONSTRUCTIONS MÉTALLIQUES ET CHAUDRONNERIE;Industrie / production / fabrication;;Hauts-de-France;2250000;;10 à 20;550000;;;;"CA annoncé: de 1,5 à 3 M€; secteur TE: Travail des métaux"
Transentreprise;https://www.transentreprise.com/offres/fiche/BFC264747P/entreprise-de-second-oeuvre-du-batiment/bourgogne-franche-comte/cote-dor/dijonnais;BFC264747P;;ENTREPRISE DE SECOND ŒUVRE DU BÂTIMENT;Bâtiment / travaux publics / second œuvre;;Bourgogne-Franche-Comté;1125000;;10 à 20;600000;retraite;;;"CA annoncé: de 750 k€ à 1,5 M€; secteur TE: Travaux de finition (peinture, plâtrerie, menuiserie…)"
Transentreprise;https://www.transentreprise.com/offres/fiche/NOR264752P/menuiserie-generale/normandie/seine-maritime;NOR264752P;;MENUISERIE GENERALE;Bâtiment / travaux publics / second œuvre;;Normandie;2250000;;10 à 20;590000;retraite;;;"CA annoncé: de 1,5 à 3 M€; secteur TE: Travaux de finition (peinture, plâtrerie, menuiserie…)"
Transentreprise;https://www.transentreprise.com/offres/fiche/ARA263067C/magasin-achat-vente-seconde-main/auvergne-rhone-alpes/drome/region-montelimar;ARA263067C;;MAGASIN ACHAT VENTE SECONDE MAIN;Commerce de détail / e-commerce BtoC;;Auvergne-Rhône-Alpes;2250000;;10 à 20;;retraite;;;"CA annoncé: de 1,5 à 3 M€; secteur TE: Equipement de la maison"
Transentreprise;https://www.transentreprise.com/offres/fiche/OCC264642C/cession-100-sas-exploitant-un-site-descape-game/occitanie/haute-garonne/arr-de-toulouse;OCC264642C;;CESSION 100% -SAS EXPLOITANT UN SITE D'ESCAPE GAME;HCR / restauration / tourisme / loisirs;;Occitanie;425000;;10 à 20;;retraite;;;"CA annoncé: de 350 à 500 k€; secteur TE: Activités de loisirs"
Transentreprise;https://www.transentreprise.com/offres/fiche/ARA264627P/charpentes-metalliques-serrurerie/rhone-alpes;ARA264627P;;CHARPENTES METALLIQUES - SERRURERIE;Bâtiment / travaux publics / second œuvre;;Auvergne-Rhône-Alpes;3000000.0;;21 à 50;2509440;;;;"CA annoncé: > 3 M€; secteur TE: Travaux de finition (peinture, plâtrerie, menuiserie…)"
Transentreprise;https://www.transentreprise.com/offres/fiche/BFC264609P/service-informatique/bourgogne-franche-comte/doubs/arrondissement-de-besancon;BFC264609P;;SERVICE INFORMATIQUE;Services informatiques / ESN / éditeur de logiciel;;Bourgogne-Franche-Comté;2250000;;10 à 20;;;;;"CA annoncé: de 1,5 à 3 M€; secteur TE: Conseil, conception, édition, héberg., traitement données"
Transentreprise;https://www.transentreprise.com/offres/fiche/CEN264631P/rehabilitation-de-reseaux-sans-tranchee/centre-val-de-loire/indre-et-loire;CEN264631P;;RÉHABILITATION DE RÉSEAUX SANS TRANCHEE;Bâtiment / travaux publics / second œuvre;;Centre-Val de Loire;3000000.0;;21 à 50;;;;;"CA annoncé: > 3 M€; secteur TE: Travaux publics, terrassement"
Transentreprise;https://www.transentreprise.com/offres/fiche/OCC264576A/renovation-du-patrimoine-ancien-et-ite/occitanie/gard/grand-nimes;OCC264576A;;RÉNOVATION DU PATRIMOINE ANCIEN ET ITE;Courtage assurance / intermédiation financière;;Occitanie;1125000;;10 à 20;;;;;"CA annoncé: de 750 k€ à 1,5 M€; secteur TE: Gros œuvre : construction, maçonnerie"
Transentreprise;https://www.transentreprise.com/offres/fiche/CEN249420A/couverture-zinguerie/centre-val-de-loire/eure-et-loir/arrond-de-chartres;CEN249420A;;COUVERTURE ZINGUERIE;Bâtiment / travaux publics / second œuvre;;Centre-Val de Loire;625000;;10 à 20;250000;;;;"CA annoncé: de 500 à 750 k€; secteur TE: Gros œuvre : charpente, étanchéité"
Transentreprise;https://www.transentreprise.com/offres/fiche/COR264563C/opportunite-en-2b-commerce-de-bijoux/corse/haute-corse/grand-bastia;COR264563C;;OPPORTUNITÉ EN 2B COMMERCE DE BIJOUX;Négoce / distribution B2B;;Corse;1125000;;10 à 20;1950000;;;;"CA annoncé: de 750 k€ à 1,5 M€; secteur TE: Commerce de gros produits non alimentaires"
Transentreprise;https://www.transentreprise.com/offres/fiche/ARA264517H/restaurant/auvergne-rhone-alpes/haute-savoie/bassin-annecien;ARA264517H;;RESTAURANT;HCR / restauration / tourisme / loisirs;;Auvergne-Rhône-Alpes;625000;;10 à 20;324000;;;;"CA annoncé: de 500 à 750 k€; secteur TE: Restaurant avec ou sans bar"
Transentreprise;https://www.transentreprise.com/offres/fiche/OCC254922H/bar-restaurant-dans-un-charmant-village/occitanie/hautes-pyrenees/arr-bagneres-de-bigorre;OCC254922H;;BAR RESTAURANT DANS UN CHARMANT VILLAGE;HCR / restauration / tourisme / loisirs;;Occitanie;625000;;10 à 20;285000;;;;"CA annoncé: de 500 à 750 k€; secteur TE: Restaurant avec ou sans bar"
Transentreprise;https://www.transentreprise.com/offres/fiche/BRT264402A/entretien-reparation-de-vehicules/bretagne;BRT264402A;;ENTRETIEN REPARATION DE VEHICULES;Automobile / 2 roues / nautisme;;Bretagne;2250000;;10 à 20;200000;;;;"CA annoncé: de 1,5 à 3 M€; secteur TE: Vente/réparation autos"
Transentreprise;https://www.transentreprise.com/offres/fiche/PDL264459A/laboratoire-de-prothese-dentaire/pays-de-la-loire/maine-et-loire/ca-saumur-val-de-loire;PDL264459A;;LABORATOIRE DE PROTHESE DENTAIRE;Négoce / distribution B2B;;Pays de la Loire;625000;;10 à 20;130000;retraite;;;"CA annoncé: de 500 à 750 k€; secteur TE: Santé, cosmétique, matériel médical"
Transentreprise;https://www.transentreprise.com/offres/fiche/BFC264433P/menuiserie-bois-haut-de-gamme/bourgogne-franche-comte/doubs;BFC264433P;;MENUISERIE BOIS HAUT DE GAMME;Bâtiment / travaux publics / second œuvre;;Bourgogne-Franche-Comté;1125000;;10 à 20;500000;;;;"CA annoncé: de 750 k€ à 1,5 M€; secteur TE: Industrie bois, papier, fabric. meubles, agencements"
Transentreprise;https://www.transentreprise.com/offres/fiche/IDF264432A/societe-dans-le-service-a-la-personne/ile-de-france/seine-et-marne/arrond-de-provins;IDF264432A;;SOCIETE DANS LE SERVICE A LA PERSONNE;Services à la personne / santé à domicile;;Île-de-France;425000;;10 à 20;140000;;;;"CA annoncé: de 350 à 500 k€; secteur TE: Services à la personne (ménage, portage repas, garde enfants…)"
Transentreprise;https://www.transentreprise.com/offres/fiche/NOR249189P/construction-de-maisons-individuelles-renovations/normandie;NOR249189P;;CONSTRUCTION DE MAISONS INDIVIDUELLES, RÉNOVATIONS;Bâtiment / travaux publics / second œuvre;;Normandie;2250000;;10 à 20;;;;;"CA annoncé: de 1,5 à 3 M€; secteur TE: Gros œuvre : construction, maçonnerie"
Transentreprise;https://www.transentreprise.com/offres/fiche/NOR250397P/transport-routier-de-bennes-cerealieres-et-tp/normandie/seine-maritime;NOR250397P;;TRANSPORT ROUTIER DE BENNES CEREALIERES ET TP;Transport & logistique (commissionnaire, affrètement);;Normandie;2250000;;10 à 20;515000;;;;"CA annoncé: de 1,5 à 3 M€; secteur TE: Transports de marchandises"
Transentreprise;https://www.transentreprise.com/offres/fiche/IDF264403P/mecanique-generale-de-precision/ile-de-france;IDF264403P;;MECANIQUE GENERALE DE PRECISION;Industrie / production / fabrication;;Île-de-France;3000000.0;;21 à 50;2300000;retraite;;;"CA annoncé: > 3 M€; secteur TE: Travail des métaux"
Transentreprise;https://www.transentreprise.com/offres/fiche/PDL264056P/services-a-la-personne-loire-atlantique/pays-de-la-loire/loire-atlantique;PDL264056P;;SERVICES A LA PERSONNE LOIRE ATLANTIQUE;Services à la personne / santé à domicile;;Pays de la Loire;1125000;;10 à 20;;;;;"CA annoncé: de 750 k€ à 1,5 M€; secteur TE: Services à la personne (ménage, portage repas, garde enfants…)"
Transentreprise;https://www.transentreprise.com/offres/fiche/ARA263677P/agencement-despaces-et-menuiserie/rhone-alpes;ARA263677P;;AGENCEMENT D'ESPACES ET MENUISERIE;Bâtiment / travaux publics / second œuvre;;Auvergne-Rhône-Alpes;2250000;;10 à 20;450000;;;;"CA annoncé: de 1,5 à 3 M€; secteur TE: Travaux de finition (peinture, plâtrerie, menuiserie…)"
Transentreprise;https://www.transentreprise.com/offres/fiche/HDF264340C/glacier-:-lille-centre-galerie-commerciale/hauts-de-france/nord/sect-lille-metropole;HDF264340C;;GLACIER : LILLE CENTRE + GALERIE COMMERCIALE;HCR / restauration / tourisme / loisirs;;Hauts-de-France;625000;;10 à 20;;reconversion;;;"CA annoncé: de 500 à 750 k€; secteur TE: Restaurant avec ou sans bar"
Transentreprise;https://www.transentreprise.com/offres/fiche/PDL264329A/boulangerie-patisserie-sandwicherie-traiteur/pays-de-la-loire/vendee;PDL264329A;;BOULANGERIE -PATISSERIE - SANDWICHERIE - TRAITEUR;HCR / restauration / tourisme / loisirs;;Pays de la Loire;1125000;;10 à 20;460000;;;;"CA annoncé: de 750 k€ à 1,5 M€; secteur TE: "
Transentreprise;https://www.transentreprise.com/offres/fiche/ARA264240C/entretien-creation-espaces-verts/auvergne-rhone-alpes/rhone/rhone-centre;ARA264240C;;ENTRETIEN & CREATION ESPACES VERTS;Bâtiment / travaux publics / second œuvre;;Auvergne-Rhône-Alpes;2250000;;10 à 20;510000;retraite;;;"CA annoncé: de 1,5 à 3 M€; secteur TE: Création, entretien espaces verts…"
Transentreprise;https://www.transentreprise.com/offres/fiche/PDL264301P/distrib-materiel-transport-et-atelier-reparation/pays-de-la-loire/sarthe;PDL264301P;;DISTRIB. MATÉRIEL TRANSPORT ET ATELIER REPARATION;Transport & logistique (commissionnaire, affrètement);;Pays de la Loire;3000000.0;;10 à 20;461120;;;;"CA annoncé: > 3 M€; secteur TE: Vente/réparation autos"
Transentreprise;https://www.transentreprise.com/offres/fiche/CEN264270P/ambulances-vsl-taxis/centre-val-de-loire/indre-et-loire;CEN264270P;;AMBULANCES – VSL – TAXIS;Transport & logistique (commissionnaire, affrètement);;Centre-Val de Loire;;;10 à 20;;depart a la retraite;;;"CA annoncé: NC; secteur TE: Transports de voyageurs"
Transentreprise;https://www.transentreprise.com/offres/fiche/BFC264247C/installation-equipements-thermiques/bourgogne-franche-comte/doubs/arrondissement-de-besancon;BFC264247C;;INSTALLATION EQUIPEMENTS THERMIQUES;Bureau d'études / ingénierie / diagnostics;;Bourgogne-Franche-Comté;3000000.0;;21 à 50;100000;;;;"CA annoncé: > 3 M€; secteur TE: Travaux d'installation électrique, plomberie, chauffage..."
Transentreprise;https://www.transentreprise.com/offres/fiche/CEN258511P/impression-industrielle-routage-activite-btob/centre-val-de-loire;CEN258511P;;IMPRESSION INDUSTRIELLE & ROUTAGE – ACTIVITÉ BTOB;Industrie / production / fabrication;;Centre-Val de Loire;2250000;;10 à 20;;retraite;;;"CA annoncé: de 1,5 à 3 M€; secteur TE: "
Transentreprise;https://www.transentreprise.com/offres/fiche/ARA264151P/second-oeuvre-amenagements/rhone-alpes;ARA264151P;;SECOND OEUVRE / AMENAGEMENTS;Bâtiment / travaux publics / second œuvre;;Auvergne-Rhône-Alpes;1125000;;10 à 20;600000;retraite;;;"CA annoncé: de 750 k€ à 1,5 M€; secteur TE: Travaux de finition (peinture, plâtrerie, menuiserie…)"
Transentreprise;https://www.transentreprise.com/offres/fiche/OCC264143P/transformation-de-legumes-frais-prets-a-lemploi/occitanie;OCC264143P;;TRANSFORMATION DE LÉGUMES FRAIS PRÊTS À L’EMPLOI;Autres / non classé;;Occitanie;2250000;;10 à 20;2700000;;;;"CA annoncé: de 1,5 à 3 M€; secteur TE: "
Transentreprise;https://www.transentreprise.com/offres/fiche/HDF256429C/atelier-de-fabrication-menuiserie-aluminium/hauts-de-france/pas-de-calais/sect-bethune;HDF256429C;;ATELIER DE FABRICATION MENUISERIE ALUMINIUM;Bâtiment / travaux publics / second œuvre;;Hauts-de-France;2250000;;10 à 20;600000;depart a la retraite;;;"CA annoncé: de 1,5 à 3 M€; secteur TE: "
Transentreprise;https://www.transentreprise.com/offres/fiche/HDF264105H/restaurant-estaminet-flamand-typique/hauts-de-france/pas-de-calais/sect-st-omer-st-pol-ternoise;HDF264105H;;RESTAURANT - ESTAMINET FLAMAND TYPIQUE;HCR / restauration / tourisme / loisirs;;Hauts-de-France;625000;;10 à 20;350000;;;;"CA annoncé: de 500 à 750 k€; secteur TE: Restaurant avec ou sans bar"
Transentreprise;https://www.transentreprise.com/offres/fiche/NAQ264072C/entreprise-de-renovation-ancien-bati/nouvelle-aquitaine;NAQ264072C;;ENTREPRISE DE RÉNOVATION ANCIEN BÂTI;Bâtiment / travaux publics / second œuvre;;Nouvelle-Aquitaine;2250000;;21 à 50;;depart a la retraite;;;"CA annoncé: de 1,5 à 3 M€; secteur TE: Gros œuvre : construction, maçonnerie"
Transentreprise;https://www.transentreprise.com/offres/fiche/CEN261405P/mecanique-de-precision/centre-val-de-loire;CEN261405P;;MECANIQUE DE PRECISION;Industrie / production / fabrication;;Centre-Val de Loire;2250000;;10 à 20;;;;;"CA annoncé: de 1,5 à 3 M€; secteur TE: Travail des métaux"
Transentreprise;https://www.transentreprise.com/offres/fiche/BRT258195P/loc-materiels-tp-:-pelles-mini-pelles-nacelles/bretagne/ille-et-vilaine;BRT258195P;;LOC. MATÉRIELS TP : PELLES, MINI-PELLES, NACELLES;Négoce / distribution B2B;;Bretagne;2250000;;10 à 20;;;;;"CA annoncé: de 1,5 à 3 M€; secteur TE: "
Transentreprise;https://www.transentreprise.com/offres/fiche/ARA251662C/boulangerie-patisserie/auvergne-rhone-alpes/cantal/saint-flour-et-arrondissement;ARA251662C;;BOULANGERIE PATISSERIE;HCR / restauration / tourisme / loisirs;;Auvergne-Rhône-Alpes;;;10 à 20;330000;;;oui (cf. Transentreprise ARA253869C);"CA annoncé: NC; secteur TE: Boulangerie, pâtisserie, chocolaterie…"
Transentreprise;https://www.transentreprise.com/offres/fiche/BRT263914H/hotel-restaurant-cadre-prestigieux/bretagne/cotes-darmor/arrond-guingamp;BRT263914H;;HÔTEL/RESTAURANT - CADRE PRESTIGIEUX;HCR / restauration / tourisme / loisirs;;Bretagne;;;10 à 20;560000;;;;"CA annoncé: NC; secteur TE: Hôtel-Restaurant avec ou sans bar"
Transentreprise;https://www.transentreprise.com/offres/fiche/PAC263919A/entreprise-de-peinture-revetement-de-sol-souple/provence-alpescote-dazur/var/toulon-et-son-territoire;PAC263919A;;ENTREPRISE DE PEINTURE, REVETEMENT DE SOL SOUPLE;Bâtiment / travaux publics / second œuvre;;Provence-Alpes-Côte d'Azur;2250000;;10 à 20;1500000;;;;"CA annoncé: de 1,5 à 3 M€; secteur TE: Travaux de finition (peinture, plâtrerie, menuiserie…)"
Transentreprise;https://www.transentreprise.com/offres/fiche/BRT263128C/plomberie-chauffage/bretagne/ille-et-vilaine/arrond-fougeres-vitre;BRT263128C;;PLOMBERIE CHAUFFAGE;Bâtiment / travaux publics / second œuvre;;Bretagne;1125000;;10 à 20;450000;;;;"CA annoncé: de 750 k€ à 1,5 M€; secteur TE: Travaux d'installation électrique, plomberie, chauffage..."
Transentreprise;https://www.transentreprise.com/offres/fiche/PAC263602P/activites-de-nettoyage-particuliers-et-pro/provence-alpescote-dazur/bouches-du-rhone/entre-rhone-et-durance;PAC263602P;;ACTIVITES DE NETTOYAGE PARTICULIERS ET PRO;Propreté / nettoyage / multiservices;;Provence-Alpes-Côte d'Azur;;;10 à 20;220000;;;;"CA annoncé: NC; secteur TE: "
Transentreprise;https://www.transentreprise.com/offres/fiche/NAQ257861P/transport-express-et-messagerie/nouvelle-aquitaine/vienne;NAQ257861P;;TRANSPORT EXPRESS ET MESSAGERIE;Transport & logistique (commissionnaire, affrètement);;Nouvelle-Aquitaine;1125000;;10 à 20;150000;retraite;;;"CA annoncé: de 750 k€ à 1,5 M€; secteur TE: :"
Transentreprise;https://www.transentreprise.com/offres/fiche/CEN263755P/a-saisir-entreprise-de-menuiserie-alu-pvc/centre-val-de-loire/cher;CEN263755P;;A SAISIR - ENTREPRISE DE MENUISERIE ALU & PVC;Bâtiment / travaux publics / second œuvre;;Centre-Val de Loire;2250000;;10 à 20;550000;;;;"CA annoncé: de 1,5 à 3 M€; secteur TE: Chimie, plastique, parachimie"
Transentreprise;https://www.transentreprise.com/offres/fiche/OCC263711C/patisserie-chocolaterie-boulangerie/occitanie/ariege/arr-de-foix;OCC263711C;;PATISSERIE CHOCOLATERIE BOULANGERIE;HCR / restauration / tourisme / loisirs;;Occitanie;1125000;;10 à 20;450000;depart a la retraite;;;"CA annoncé: de 750 k€ à 1,5 M€; secteur TE: Boulangerie, pâtisserie, chocolaterie…"
Transentreprise;https://www.transentreprise.com/offres/fiche/OCC263691C/restauration-rapide-sous-franchise/languedoc-roussillon;OCC263691C;;RESTAURATION RAPIDE SOUS FRANCHISE;Autres / non classé;;Occitanie;1125000;;10 à 20;;;;;"CA annoncé: de 750 k€ à 1,5 M€; secteur TE: Restauration rapide"
Transentreprise;https://www.transentreprise.com/offres/fiche/PAC263692C/restauration-rapide-sous-franchise/provence-alpescote-dazur;PAC263692C;;RESTAURATION RAPIDE SOUS FRANCHISE;Autres / non classé;;Provence-Alpes-Côte d'Azur;1125000;;10 à 20;;;;oui (cf. Transentreprise OCC263691C);"CA annoncé: de 750 k€ à 1,5 M€; secteur TE: Restauration rapide"
Transentreprise;https://www.transentreprise.com/offres/fiche/PDL241356C/entreprise-gros-oeuvre-en-batiment/pays-de-la-loire/vendee/arrond-fontenay-le-comte;PDL241356C;;ENTREPRISE GROS OEUVRE EN BATIMENT;Bâtiment / travaux publics / second œuvre;;Pays de la Loire;1125000;;10 à 20;350000;;;;"CA annoncé: de 750 k€ à 1,5 M€; secteur TE: Gros œuvre : construction, maçonnerie"
Transentreprise;https://www.transentreprise.com/offres/fiche/NAQ263633A/boulangerie-patisserie-snacking/nouvelle-aquitaine/haute-vienne/pays-de-loccitane-et-des-mont;NAQ263633A;;BOULANGERIE PATISSERIE SNACKING;HCR / restauration / tourisme / loisirs;;Nouvelle-Aquitaine;625000;;10 à 20;290000;retraite;;;"CA annoncé: de 500 à 750 k€; secteur TE: "
Transentreprise;https://www.transentreprise.com/offres/fiche/NAQ263614H/hotel-restaurant/nouvelle-aquitaine/charente-maritime/la-rochelle-rochefort-et-leurs-environs;NAQ263614H;;HOTEL RESTAURANT;HCR / restauration / tourisme / loisirs;;Nouvelle-Aquitaine;2250000;;10 à 20;1599000;;;oui (cf. Transentreprise 581H0419);"CA annoncé: de 1,5 à 3 M€; secteur TE: Hôtel-Restaurant avec ou sans bar"
Transentreprise;https://www.transentreprise.com/offres/fiche/ARA257026P/impression-signaletique-petit-et-grand-format/rhone-alpes;ARA257026P;;IMPRESSION SIGNALETIQUE PETIT ET GRAND FORMAT;Communication / marketing / édition / imprimerie / PLV;;Auvergne-Rhône-Alpes;1125000;;10 à 20;500000;retraite;;;"CA annoncé: de 750 k€ à 1,5 M€; secteur TE: Imprimerie, industrie graphique"
Transentreprise;https://www.transentreprise.com/offres/fiche/111A0124/transports/occitanie/aude/arrondissement-de-narbonne;111A0124;;TRANSPORTS;Transport & logistique (commissionnaire, affrètement);;Occitanie;2250000;;10 à 20;600000;retraite;;;"CA annoncé: de 1,5 à 3 M€; secteur TE: Transports de marchandises"
Transentreprise;https://www.transentreprise.com/offres/fiche/ARA262102A/maconnerie-charpente-couverture-en-renovation/auvergne-rhone-alpes/drome;ARA262102A;;MACONNERIE - CHARPENTE - COUVERTURE EN RENOVATION;Bâtiment / travaux publics / second œuvre;;Auvergne-Rhône-Alpes;1125000;;10 à 20;450000;retraite;;;"CA annoncé: de 750 k€ à 1,5 M€; secteur TE: "
Transentreprise;https://www.transentreprise.com/offres/fiche/GDE263510A/societe-de-mecanique-industrielle/grand-est/meurthe-et-moselle/arrond-luneville;GDE263510A;;SOCIETE DE MECANIQUE INDUSTRIELLE;Industrie / production / fabrication;;Grand Est;1125000;;10 à 20;;;;;"CA annoncé: de 750 k€ à 1,5 M€; secteur TE: Travail des métaux"
Transentreprise;https://www.transentreprise.com/offres/fiche/PDL263519C/installation-maintenance-reseaux-tel/pays-de-la-loire/sarthe;PDL263519C;;INSTALLATION / MAINTENANCE RESEAUX TEL.;Bâtiment / travaux publics / second œuvre;;Pays de la Loire;2250000;;21 à 50;2084000;;;;"CA annoncé: de 1,5 à 3 M€; secteur TE: Travaux d'installation électrique, plomberie, chauffage..."
Transentreprise;https://www.transentreprise.com/offres/fiche/PDL263503P/fabrication-et-pose-de-menuiseries-aluminium/pays-de-la-loire/sarthe/arrond-mamers;PDL263503P;;FABRICATION ET POSE DE MENUISERIES ALUMINIUM;Bâtiment / travaux publics / second œuvre;;Pays de la Loire;3000000.0;;10 à 20;771320;;;;"CA annoncé: > 3 M€; secteur TE: "
Transentreprise;https://www.transentreprise.com/offres/fiche/PAC262822H/hotellerie-restauration-gorge-du-verdon/provence-alpescote-dazur/var/draguignan-et-son-territoire;PAC262822H;;HÔTELLERIE-RESTAURATION - GORGE DU VERDON;HCR / restauration / tourisme / loisirs;;Provence-Alpes-Côte d'Azur;;;10 à 20;1200000;;;;"CA annoncé: NC; secteur TE: Hôtel-Restaurant avec ou sans bar"
Transentreprise;https://www.transentreprise.com/offres/fiche/NAQ256284C/boulangerie-patisserie-vae-cda-de-la-rochelle/nouvelle-aquitaine/charente-maritime/la-rochelle-rochefort-et-leurs-environs;NAQ256284C;;BOULANGERIE PÂTISSERIE VAE CDA DE LA ROCHELLE;HCR / restauration / tourisme / loisirs;;Nouvelle-Aquitaine;1125000;;10 à 20;826000;;;;"CA annoncé: de 750 k€ à 1,5 M€; secteur TE: Boulangerie, pâtisserie, chocolaterie…"
Transentreprise;https://www.transentreprise.com/offres/fiche/BFC263365P/cession-totale-parts-sociales-expert-robotique/bourgogne-franche-comte;BFC263365P;;CESSION TOTALE PARTS SOCIALES EXPERT ROBOTIQUE;Industrie / production / fabrication;;Bourgogne-Franche-Comté;3000000.0;;10 à 20;1450000;;;;"CA annoncé: > 3 M€; secteur TE: Autres industries manufacturières"
Transentreprise;https://www.transentreprise.com/offres/fiche/NAQ263269H/auberge-restaurant-incontournable-en-creuse/nouvelle-aquitaine/creuse/secteur-ouest-creuse;NAQ263269H;;AUBERGE RESTAURANT INCONTOURNABLE EN CREUSE;HCR / restauration / tourisme / loisirs;;Nouvelle-Aquitaine;1125000;;10 à 20;540000;;;;"CA annoncé: de 750 k€ à 1,5 M€; secteur TE: Bar, bar-snack, pub…"
Transentreprise;https://www.transentreprise.com/offres/fiche/NAQ263383C/transports-sanitaires-taxis-et-pompes-funebres/nouvelle-aquitaine;NAQ263383C;;TRANSPORTS SANITAIRES, TAXIS ET POMPES FUNEBRES;Transport & logistique (commissionnaire, affrètement);;Nouvelle-Aquitaine;1125000;;10 à 20;;;;;"CA annoncé: de 750 k€ à 1,5 M€; secteur TE: Transports de voyageurs"
Transentreprise;https://www.transentreprise.com/offres/fiche/ARA262939A/plomberie-chauffage-climatisation/rhone-alpes;ARA262939A;;PLOMBERIE CHAUFFAGE CLIMATISATION;Bâtiment / travaux publics / second œuvre;;Auvergne-Rhône-Alpes;2250000;;10 à 20;1100000;retraite;;;"CA annoncé: de 1,5 à 3 M€; secteur TE: Travaux d'installation électrique, plomberie, chauffage..."
Transentreprise;https://www.transentreprise.com/offres/fiche/BFC262614C/nettoyage-batiments-et-industriel/bourgogne-franche-comte/territoire-de-belfort/territoire-de-belfort;BFC262614C;;NETTOYAGE BATIMENTS ET INDUSTRIEL;Propreté / nettoyage / multiservices;;Bourgogne-Franche-Comté;625000;;21 à 50;50000;;;;"CA annoncé: de 500 à 750 k€; secteur TE: Activités de nettoyage"
Transentreprise;https://www.transentreprise.com/offres/fiche/GDE263231H/brasserie-francaise-proche-karlsruhe-allemagne/grand-est/bas-rhin/arrond-haguenau-wissembourg;GDE263231H;;BRASSERIE FRANCAISE PROCHE KARLSRUHE - ALLEMAGNE;HCR / restauration / tourisme / loisirs;;Grand Est;1125000;;10 à 20;650000;retraite;;;"CA annoncé: de 750 k€ à 1,5 M€; secteur TE: Restaurant avec ou sans bar"
Transentreprise;https://www.transentreprise.com/offres/fiche/NAQ263170A/menuiserie-generale-performante-eco-responsable/nouvelle-aquitaine/deux-sevres/ca-du-niortais;NAQ263170A;;MENUISERIE GÉNÉRALE PERFORMANTE & ÉCO-RESPONSABLE;Bâtiment / travaux publics / second œuvre;;Nouvelle-Aquitaine;1125000;;10 à 20;450000;;;;"CA annoncé: de 750 k€ à 1,5 M€; secteur TE: "
Transentreprise;https://www.transentreprise.com/offres/fiche/NOR262684P/scte-specialisee-dans-les-sols-industriels/normandie/seine-maritime;NOR262684P;;SCTE SPÉCIALISÉE DANS LES SOLS INDUSTRIELS;Bâtiment / travaux publics / second œuvre;;Normandie;2250000;;10 à 20;600000;;;;"CA annoncé: de 1,5 à 3 M€; secteur TE: "
Transentreprise;https://www.transentreprise.com/offres/fiche/NAQ263154C/fournitures-et-pose-de-menuiseries-exterieures/nouvelle-aquitaine/charente-maritime/royan-et-ses-environs;NAQ263154C;;FOURNITURES ET POSE DE MENUISERIES EXTERIEURES;Négoce / distribution B2B;;Nouvelle-Aquitaine;2250000;;10 à 20;;;;;"CA annoncé: de 1,5 à 3 M€; secteur TE: Travaux de finition (peinture, plâtrerie, menuiserie…)"
Transentreprise;https://www.transentreprise.com/offres/fiche/OCC263166H/restaurant-traditionnel-en-bord-de-mer/occitanie/aude;OCC263166H;;RESTAURANT TRADITIONNEL EN BORD DE MER;HCR / restauration / tourisme / loisirs;;Occitanie;275000;;10 à 20;120000;;;;"CA annoncé: de 200 à 350 k€; secteur TE: Restaurant avec ou sans bar"
Transentreprise;https://www.transentreprise.com/offres/fiche/PDL254239A/laboratoire-prothese-dentaire/pays-de-la-loire/loire-atlantique;PDL254239A;;LABORATOIRE PROTHESE DENTAIRE;Négoce / distribution B2B;;Pays de la Loire;1125000;;10 à 20;1500000;;;;"CA annoncé: de 750 k€ à 1,5 M€; secteur TE: Santé, cosmétique, matériel médical"
Transentreprise;https://www.transentreprise.com/offres/fiche/ARA252633H/emplacement-ideal-franchise/auvergne-rhone-alpes/drome;ARA252633H;;EMPLACEMENT IDEAL FRANCHISE;HCR / restauration / tourisme / loisirs;;Auvergne-Rhône-Alpes;1125000;;10 à 20;336000;;;;"CA annoncé: de 750 k€ à 1,5 M€; secteur TE: Restaurant avec ou sans bar"
Transentreprise;https://www.transentreprise.com/offres/fiche/ARA263054P/construction-renovation-menuiserie/rhone-alpes;ARA263054P;;CONSTRUCTION & RENOVATION– MENUISERIE;Bâtiment / travaux publics / second œuvre;;Auvergne-Rhône-Alpes;3000000.0;;10 à 20;1875000;retraite;;;"CA annoncé: > 3 M€; secteur TE: Travaux de finition (peinture, plâtrerie, menuiserie…)"
Transentreprise;https://www.transentreprise.com/offres/fiche/NOR263033P/mecanique-industrielle-9-salaries/normandie/eure;NOR263033P;;MECANIQUE INDUSTRIELLE – 9 SALARIÉS;Industrie / production / fabrication;;Normandie;1125000;;10 à 20;;retraite;;;"CA annoncé: de 750 k€ à 1,5 M€; secteur TE: Travail des métaux"
Transentreprise;https://www.transentreprise.com/offres/fiche/CEN262905H/hotel-restaurant/centre-val-de-loire/indre;CEN262905H;;HOTEL - RESTAURANT;HCR / restauration / tourisme / loisirs;;Centre-Val de Loire;1125000;;10 à 20;500000;;;;"CA annoncé: de 750 k€ à 1,5 M€; secteur TE: Hôtel-Restaurant avec ou sans bar"
Transentreprise;https://www.transentreprise.com/offres/fiche/ARA262826P/ste-menuiserie-aluminium-et-metallerie-serrurerie/auvergne-rhone-alpes/haute-savoie/genevois-haut-savoyard;ARA262826P;;STE MENUISERIE ALUMINIUM ET MÉTALLERIE SERRURERIE;Bâtiment / travaux publics / second œuvre;;Auvergne-Rhône-Alpes;3000000.0;;10 à 20;1200000;;;;"CA annoncé: > 3 M€; secteur TE: Travaux de finition (peinture, plâtrerie, menuiserie…)"
Transentreprise;https://www.transentreprise.com/offres/fiche/BFC262996P/parc-de-loisirs-outdoor/bourgogne-franche-comte/doubs;BFC262996P;;PARC DE LOISIRS OUTDOOR;HCR / restauration / tourisme / loisirs;;Bourgogne-Franche-Comté;625000;;10 à 20;290000;;;;"CA annoncé: de 500 à 750 k€; secteur TE: Activités de loisirs"
Transentreprise;https://www.transentreprise.com/offres/fiche/ARA262947C/location-poids-lourds-avec-chauffeurs/auvergne-rhone-alpes/rhone/rhone-ouest;ARA262947C;;LOCATION POIDS LOURDS AVEC CHAUFFEURS;Transport & logistique (commissionnaire, affrètement);;Auvergne-Rhône-Alpes;1125000;;10 à 20;810000;;;;"CA annoncé: de 750 k€ à 1,5 M€; secteur TE: Transports de marchandises"
Transentreprise;https://www.transentreprise.com/offres/fiche/OCC262943P/transport-de-marchandises/occitanie/haute-garonne;OCC262943P;;TRANSPORT DE MARCHANDISES;Transport & logistique (commissionnaire, affrètement);;Occitanie;625000;;10 à 20;550000;retraite;;;"CA annoncé: de 500 à 750 k€; secteur TE: Transports de marchandises"
Transentreprise;https://www.transentreprise.com/offres/fiche/ARA251165P/garage-depannage-rep-ventes/rhone-alpes;ARA251165P;;GARAGE DÉPANNAGE REP VENTES;Automobile / 2 roues / nautisme;;Auvergne-Rhône-Alpes;2250000;;10 à 20;570000;;;;"CA annoncé: de 1,5 à 3 M€; secteur TE: "
Transentreprise;https://www.transentreprise.com/offres/fiche/BFC262908C/bijouteries-independantes-avec-activite-e-commer/bourgogne-franche-comte;BFC262908C;;BIJOUTERIES INDÉPENDANTES AVEC ACTIVITÉ E-COMMER;Commerce de détail / e-commerce BtoC;;Bourgogne-Franche-Comté;1125000;;10 à 20;800000;retraite;;;"CA annoncé: de 750 k€ à 1,5 M€; secteur TE: Horlogerie, bijouterie"
Transentreprise;https://www.transentreprise.com/offres/fiche/CEN262881H/restaurant-reconnu-cle-en-main/centre-val-de-loire/indre-et-loire/nord-de-lindre-et-loire;CEN262881H;;RESTAURANT RECONNU – CLÉ EN MAIN;HCR / restauration / tourisme / loisirs;;Centre-Val de Loire;1125000;;10 à 20;;;;;"CA annoncé: de 750 k€ à 1,5 M€; secteur TE: Restaurant avec ou sans bar"
Transentreprise;https://www.transentreprise.com/offres/fiche/NAQ262859P/transport-en-messagerie/nouvelle-aquitaine/dordogne;NAQ262859P;;TRANSPORT EN MESSAGERIE;Transport & logistique (commissionnaire, affrètement);;Nouvelle-Aquitaine;1125000;;21 à 50;400000;retraite;;;"CA annoncé: de 750 k€ à 1,5 M€; secteur TE: Transports de marchandises"
Transentreprise;https://www.transentreprise.com/offres/fiche/PAC262089C/entreprise-specialisee-en-fermeture-du-batiment/provence-alpescote-dazur;PAC262089C;;ENTREPRISE SPÉCIALISÉE EN FERMETURE DU BÂTIMENT;Bâtiment / travaux publics / second œuvre;;Provence-Alpes-Côte d'Azur;1125000;;10 à 20;1600000;depart a la retraite;;;"CA annoncé: de 750 k€ à 1,5 M€; secteur TE: Industrie électrique, électronique et mécanique"
Transentreprise;https://www.transentreprise.com/offres/fiche/NOR262785P/travaux-de-menuiserie-isolation-interieure/normandie/seine-maritime;NOR262785P;;TRAVAUX DE MENUISERIE & ISOLATION INTERIEURE;Bâtiment / travaux publics / second œuvre;;Normandie;3000000.0;;21 à 50;800000;;;;"CA annoncé: > 3 M€; secteur TE: Travaux de finition (peinture, plâtrerie, menuiserie…)"
Transentreprise;https://www.transentreprise.com/offres/fiche/HDF255480C/charcuterie-traiteur/hauts-de-france/oise/arrondissement-beauvais;HDF255480C;;CHARCUTERIE TRAITEUR;HCR / restauration / tourisme / loisirs;;Hauts-de-France;1125000;;10 à 20;589000;;;;"CA annoncé: de 750 k€ à 1,5 M€; secteur TE: Boucherie, charcuterie, traiteur…"
Transentreprise;https://www.transentreprise.com/offres/fiche/ARA262725C/bar-restaurant-sur-les-pistes/auvergne-rhone-alpes/haute-savoie/chablais;ARA262725C;;BAR-RESTAURANT SUR LES PISTES;HCR / restauration / tourisme / loisirs;;Auvergne-Rhône-Alpes;1125000;;10 à 20;570000;;;;"CA annoncé: de 750 k€ à 1,5 M€; secteur TE: Restaurant avec ou sans bar"
Transentreprise;https://www.transentreprise.com/offres/fiche/OCC262693C/vente-et-location-darticles-de-sports-de-montagne/occitanie/ariege/arr-de-saint-girons;OCC262693C;;VENTE ET LOCATION D'ARTICLES DE SPORTS DE MONTAGNE;Négoce / distribution B2B;;Occitanie;275000;;10 à 20;450000;;;;"CA annoncé: de 200 à 350 k€; secteur TE: Accessoires et matériels sports, loisirs.."
Transentreprise;https://www.transentreprise.com/offres/fiche/HDF262668P/agencement-mobilier-bois-et-metal/hauts-de-france/nord/sect-lille-metropole;HDF262668P;;AGENCEMENT MOBILIER BOIS ET MÉTAL;HCR / restauration / tourisme / loisirs;;Hauts-de-France;2250000;;10 à 20;370000;;;;"CA annoncé: de 1,5 à 3 M€; secteur TE: Industries des équipements du foyer et des loisirs"
Transentreprise;https://www.transentreprise.com/offres/fiche/GDE262630A/patisserie-artisanale/grand-est/haut-rhin/arrond-mulhouse;GDE262630A;;PÂTISSERIE ARTISANALE;HCR / restauration / tourisme / loisirs;;Grand Est;625000;;10 à 20;350000;;;;"CA annoncé: de 500 à 750 k€; secteur TE: Boulangerie, pâtisserie, chocolaterie…"
Transentreprise;https://www.transentreprise.com/offres/fiche/HDF262625C/services-dambulances-et-de-transport/hauts-de-france/pas-de-calais/sect-bethune;HDF262625C;;SERVICES D'AMBULANCES ET DE TRANSPORT;Transport & logistique (commissionnaire, affrètement);;Hauts-de-France;1125000;;21 à 50;1100000;;;;"CA annoncé: de 750 k€ à 1,5 M€; secteur TE: "
Transentreprise;https://www.transentreprise.com/offres/fiche/HDF262636P/entreprise-generale-de-batiment/hauts-de-france/somme/littoral-hauts-de-france-abbeville;HDF262636P;;ENTREPRISE GÉNÉRALE DE BÂTIMENT;Bâtiment / travaux publics / second œuvre;;Hauts-de-France;2250000;;21 à 50;500000;retraite;;oui (cf. Transentreprise BRT265911C);"CA annoncé: de 1,5 à 3 M€; secteur TE: Gros œuvre : construction, maçonnerie"
Transentreprise;https://www.transentreprise.com/offres/fiche/BRT260787P/pme-familiale-de-logistique-specialisee-dans-la-li/bretagne/finistere;BRT260787P;;PME FAMILIALE DE LOGISTIQUE SPECIALISÉE DANS LA LI;Transport & logistique (commissionnaire, affrètement);;Bretagne;2250000;;21 à 50;950000;;;;"CA annoncé: de 1,5 à 3 M€; secteur TE: Transports de marchandises"
Transentreprise;https://www.transentreprise.com/offres/fiche/PAC260310H/fonds-de-commerce-activite-restauration/provence-alpescote-dazur/bouches-du-rhone/crau-camargue;PAC260310H;;FONDS DE COMMERCE ACTIVITE RESTAURATION;Autres / non classé;;Provence-Alpes-Côte d'Azur;1125000;;10 à 20;800000;;;;"CA annoncé: de 750 k€ à 1,5 M€; secteur TE: "
Transentreprise;https://www.transentreprise.com/offres/fiche/NAQ262549A/menuiserie-agencement/nouvelle-aquitaine/dordogne/perigueux-et-arrond;NAQ262549A;;MENUISERIE AGENCEMENT;HCR / restauration / tourisme / loisirs;;Nouvelle-Aquitaine;1125000;;10 à 20;350000;;;;"CA annoncé: de 750 k€ à 1,5 M€; secteur TE: Industries des équipements du foyer et des loisirs"
Transentreprise;https://www.transentreprise.com/offres/fiche/ARA262465C/institut-de-formation-linguistique-26/auvergne-rhone-alpes/drome/region-valence;ARA262465C;;INSTITUT DE FORMATION LINGUISTIQUE 26;Autres / non classé;;Auvergne-Rhône-Alpes;1125000;;10 à 20;990000;;;;"CA annoncé: de 750 k€ à 1,5 M€; secteur TE: Enseignement"
Transentreprise;https://www.transentreprise.com/offres/fiche/BRT262528H/restauration-rapide-qualitative-en-franchise/bretagne/ille-et-vilaine/arrond-fougeres-vitre;BRT262528H;;RESTAURATION RAPIDE QUALITATIVE EN FRANCHISE;Autres / non classé;;Bretagne;625000;;10 à 20;320000;;;;"CA annoncé: de 500 à 750 k€; secteur TE: "
Transentreprise;https://www.transentreprise.com/offres/fiche/GDE262539A/boulangerie-sur-axe-strategique-a-reprendre/grand-est/vosges/arrond-saint-die-des-vosges;GDE262539A;;BOULANGERIE SUR AXE STRATEGIQUE A REPRENDRE!;HCR / restauration / tourisme / loisirs;;Grand Est;1125000;;10 à 20;700000;;;;"CA annoncé: de 750 k€ à 1,5 M€; secteur TE: Boulangerie, pâtisserie, chocolaterie…"
Transentreprise;https://www.transentreprise.com/offres/fiche/PDL262531A/terrassement/pays-de-la-loire/sarthe;PDL262531A;;TERRASSEMENT;Bâtiment / travaux publics / second œuvre;;Pays de la Loire;1125000;;10 à 20;500000;;;;"CA annoncé: de 750 k€ à 1,5 M€; secteur TE: Travaux publics, terrassement"
Transentreprise;https://www.transentreprise.com/offres/fiche/PDL262537C/3-micro-creches/pays-de-la-loire/maine-et-loire/cu-angers-loire-metropole;PDL262537C;;3 MICRO-CRECHES;Services à la personne / santé à domicile;;Pays de la Loire;625000;;10 à 20;330000;;;;"CA annoncé: de 500 à 750 k€; secteur TE: Activités médico-sociales"
Transentreprise;https://www.transentreprise.com/offres/fiche/ARA262470C/vente-carrosserie-frontiere-suisse/auvergne-rhone-alpes/ain/pays-de-gex-bassin-bellegardie;ARA262470C;;VENTE CARROSSERIE FRONTIÈRE SUISSE;Automobile / 2 roues / nautisme;;Auvergne-Rhône-Alpes;2250000;;10 à 20;1296000;;;;"CA annoncé: de 1,5 à 3 M€; secteur TE: "
Transentreprise;https://www.transentreprise.com/offres/fiche/BRT262477C/parfumeries-selectives-et-instituts-multisites/bretagne;BRT262477C;;PARFUMERIES SÉLECTIVES ET INSTITUTS MULTISITES;Autres / non classé;;Bretagne;3000000.0;;21 à 50;1850000;;;;"CA annoncé: > 3 M€; secteur TE: Parfumerie"
Transentreprise;https://www.transentreprise.com/offres/fiche/ARA255917C/usinage-mecanique-generale/auvergne-rhone-alpes/isere/arrond-de-la-tour-du-pin;ARA255917C;;USINAGE MECANIQUE GENERALE;Industrie / production / fabrication;;Auvergne-Rhône-Alpes;2250000;;10 à 20;1100000;depart a la retraite;;;"CA annoncé: de 1,5 à 3 M€; secteur TE: Travail des métaux"
Transentreprise;https://www.transentreprise.com/offres/fiche/CEN261404P/mecanique-industrielle-bureau-detudes/centre-val-de-loire;CEN261404P;;MECANIQUE INDUSTRIELLE - BUREAU D'ETUDES;Bureau d'études / ingénierie / diagnostics;;Centre-Val de Loire;2250000;;10 à 20;;;;;"CA annoncé: de 1,5 à 3 M€; secteur TE: Bureau d'études, ingénierie, R&D"
Transentreprise;https://www.transentreprise.com/offres/fiche/ARA262373P/entreprise-de-construction-metallique/auvergne-rhone-alpes;ARA262373P;;ENTREPRISE DE CONSTRUCTION METALLIQUE;Autres / non classé;;Auvergne-Rhône-Alpes;3000000.0;;10 à 20;1500000;retraite;;;"CA annoncé: > 3 M€; secteur TE: "
Transentreprise;https://www.transentreprise.com/offres/fiche/IDF262331P/transport-messagerie/ile-de-france;IDF262331P;;TRANSPORT - MESSAGERIE;Transport & logistique (commissionnaire, affrètement);;Île-de-France;3000000.0;;10 à 20;;retraite;;;"CA annoncé: > 3 M€; secteur TE: Transports de marchandises"
Transentreprise;https://www.transentreprise.com/offres/fiche/PAC262305C/centre-daffaires-et-accueil-telephonique/provence-alpescote-dazur/bouches-du-rhone/pays-daix-en-provence;PAC262305C;;CENTRE D’AFFAIRES ET ACCUEIL TÉLÉPHONIQUE;Autres / non classé;;Provence-Alpes-Côte d'Azur;1125000;;10 à 20;650000;;;;"CA annoncé: de 750 k€ à 1,5 M€; secteur TE: Autres services aux entreprises"
Transentreprise;https://www.transentreprise.com/offres/fiche/HDF262273H/restaurant-avec-ou-sans-franchise/hauts-de-france/nord/sect-lille-metropole;HDF262273H;;RESTAURANT AVEC OU SANS FRANCHISE;HCR / restauration / tourisme / loisirs;;Hauts-de-France;;;10 à 20;350000;;;;"CA annoncé: NC; secteur TE: Restaurant avec ou sans bar"
Transentreprise;https://www.transentreprise.com/offres/fiche/OCC262197A/societe-de-plomberie-chauffage-vmc-climatisation/occitanie/haute-garonne/arr-de-toulouse;OCC262197A;;SOCIETE DE PLOMBERIE CHAUFFAGE VMC CLIMATISATION;Bâtiment / travaux publics / second œuvre;;Occitanie;2250000;;10 à 20;850000;;;;"CA annoncé: de 1,5 à 3 M€; secteur TE: Travaux d'installation électrique, plomberie, chauffage..."
Transentreprise;https://www.transentreprise.com/offres/fiche/PDL262148C/transports-routiers-de-marchandises/pays-de-la-loire/vendee/arrond-la-roche-sur-yon;PDL262148C;;TRANSPORTS ROUTIERS DE MARCHANDISES;Transport & logistique (commissionnaire, affrètement);;Pays de la Loire;3000000.0;;21 à 50;2100000;;;;"CA annoncé: > 3 M€; secteur TE: Transports de marchandises"
Transentreprise;https://www.transentreprise.com/offres/fiche/NAQ262169A/boulangerie-patisserie-chocolaterie-reputee/nouvelle-aquitaine/vienne/pays-loudunais;NAQ262169A;;BOULANGERIE-PÂTISSERIE-CHOCOLATERIE RÉPUTÉE;HCR / restauration / tourisme / loisirs;;Nouvelle-Aquitaine;425000;;10 à 20;274000;;;;"CA annoncé: de 350 à 500 k€; secteur TE: Boulangerie, pâtisserie, chocolaterie…"
Transentreprise;https://www.transentreprise.com/offres/fiche/PDL262076A/vente-instal-entretien-de-poeles-domestiques/pays-de-la-loire/vendee;PDL262076A;;VENTE, INSTAL. & ENTRETIEN DE POÊLES DOMESTIQUES;Autres / non classé;;Pays de la Loire;1125000;;10 à 20;463000;;;;"CA annoncé: de 750 k€ à 1,5 M€; secteur TE: "
Transentreprise;https://www.transentreprise.com/offres/fiche/363A0558/peinture-revetements-de-sols-souples/centre-val-de-loire/indre/la-chatre-et-arrondissement;363A0558;;PEINTURE REVETEMENTS DE SOLS SOUPLES;Bâtiment / travaux publics / second œuvre;;Centre-Val de Loire;2250000;;10 à 20;;;;;"CA annoncé: de 1,5 à 3 M€; secteur TE: Travaux de finition (peinture, plâtrerie, menuiserie…)"
Transentreprise;https://www.transentreprise.com/offres/fiche/ARA262028C/reseau-de-4-micro-creches-a-ceder/auvergne-rhone-alpes/rhone;ARA262028C;;RÉSEAU DE 4 MICRO-CRECHES A CEDER;Services à la personne / santé à domicile;;Auvergne-Rhône-Alpes;1125000;;10 à 20;450000;;;;"CA annoncé: de 750 k€ à 1,5 M€; secteur TE: Activités médico-sociales"
Transentreprise;https://www.transentreprise.com/offres/fiche/OCC262045C/societe-de-nettoyage-industriel/occitanie/haute-garonne;OCC262045C;;SOCIETE DE NETTOYAGE INDUSTRIEL;Propreté / nettoyage / multiservices;;Occitanie;;;21 à 50;770000;depart a la retraite;;;"CA annoncé: NC; secteur TE: Autres services aux entreprises"
Transentreprise;https://www.transentreprise.com/offres/fiche/PAC261015C/ferronnerie/provence-alpescote-dazur/bouches-du-rhone/crau-camargue;PAC261015C;;FERRONNERIE;Bâtiment / travaux publics / second œuvre;;Provence-Alpes-Côte d'Azur;;;10 à 20;450000;retraite;;;"CA annoncé: NC; secteur TE: Travaux de finition (peinture, plâtrerie, menuiserie…)"
Transentreprise;https://www.transentreprise.com/offres/fiche/BRT261912P/economie-de-la-construction/bretagne;BRT261912P;;ECONOMIE DE LA CONSTRUCTION;Bureau d'études / ingénierie / diagnostics;;Bretagne;1125000;;10 à 20;900000;;;;"CA annoncé: de 750 k€ à 1,5 M€; secteur TE: Bureau d'études, ingénierie, R&D"
Transentreprise;https://www.transentreprise.com/offres/fiche/BRT261945A/institut-de-beaute-et-salon-de-coiffure/bretagne/finistere/arrond-morlaix;BRT261945A;;INSTITUT DE BEAUTE ET SALON DE COIFFURE;Autres / non classé;;Bretagne;425000;;10 à 20;160000;;;;"CA annoncé: de 350 à 500 k€; secteur TE: "
Transentreprise;https://www.transentreprise.com/offres/fiche/NOR261950A/societe-de-metallerie-serrurerie/normandie/manche/vallee-de-la-vire;NOR261950A;;SOCIETE DE METALLERIE SERRURERIE;Bâtiment / travaux publics / second œuvre;;Normandie;2250000;;10 à 20;;retraite;;;"CA annoncé: de 1,5 à 3 M€; secteur TE: "
Transentreprise;https://www.transentreprise.com/offres/fiche/PDL261961A/plomberie-chauffage-electricite-climatisation/pays-de-la-loire/loire-atlantique/nord-loire-atlantique;PDL261961A;;PLOMBERIE CHAUFFAGE ELECTRICITE CLIMATISATION;Bâtiment / travaux publics / second œuvre;;Pays de la Loire;;;10 à 20;;retraite;;;"CA annoncé: NC; secteur TE: Travaux d'installation électrique, plomberie, chauffage..."
Transentreprise;https://www.transentreprise.com/offres/fiche/ARA261902P/fabrication-bois-charpente-ossature-amenagement-in/rhone-alpes;ARA261902P;;FABRICATION BOIS CHARPENTE-OSSATURE AMENAGEMENT IN;Bâtiment / travaux publics / second œuvre;;Auvergne-Rhône-Alpes;1125000;;10 à 20;575000;retraite;;;"CA annoncé: de 750 k€ à 1,5 M€; secteur TE: Gros œuvre : charpente, étanchéité"
Transentreprise;https://www.transentreprise.com/offres/fiche/OCC261895C/ambulances-taxis-et-vsl/occitanie/gers;OCC261895C;;AMBULANCES TAXIS ET VSL;Transport & logistique (commissionnaire, affrètement);;Occitanie;625000;;10 à 20;500000;;;;"CA annoncé: de 500 à 750 k€; secteur TE: Transports de voyageurs"
Transentreprise;https://www.transentreprise.com/offres/fiche/NAQ261881C/ambulance-taxi-pompes-funebres-garage/nouvelle-aquitaine;NAQ261881C;;AMBULANCE-TAXI-POMPES FUNÈBRES-GARAGE;Transport & logistique (commissionnaire, affrètement);;Nouvelle-Aquitaine;3000000.0;;21 à 50;2100000;retraite;;;"CA annoncé: > 3 M€; secteur TE: Transports de voyageurs"
Transentreprise;https://www.transentreprise.com/offres/fiche/NAQ261865A/3-salons-de-coiffure-cause-depart-a-la-retraite/nouvelle-aquitaine/vienne/poitiers-et-ses-environs;NAQ261865A;;3 SALONS DE COIFFURE CAUSE DÉPART À LA RETRAITE;Autres / non classé;;Nouvelle-Aquitaine;625000;;10 à 20;;;;;"CA annoncé: de 500 à 750 k€; secteur TE: Coiffure, esthétique"
Transentreprise;https://www.transentreprise.com/offres/fiche/ARA239555C/restaurant-glacier-bar-epicerie-fine/auvergne-rhone-alpes/ardeche/arrond-de-largentiere;ARA239555C;;RESTAURANT - GLACIER - BAR - EPICERIE FINE;HCR / restauration / tourisme / loisirs;;Auvergne-Rhône-Alpes;;;10 à 20;590000;;;;"CA annoncé: NC; secteur TE: Restaurant avec ou sans bar"
Transentreprise;https://www.transentreprise.com/offres/fiche/BRT261526C/solution-complete-mobil-homes/bretagne/morbihan;BRT261526C;;SOLUTION COMPLÈTE MOBIL-HOMES;Autres / non classé;;Bretagne;2250000;;10 à 20;596000;;;;"CA annoncé: de 1,5 à 3 M€; secteur TE: "
Transentreprise;https://www.transentreprise.com/offres/fiche/GDE261756A/entreprise-de-ravalement-savoir-faire-rare/grand-est/bas-rhin/arrond-strasbourg;GDE261756A;;ENTREPRISE DE RAVALEMENT SAVOIR FAIRE RARE;Bâtiment / travaux publics / second œuvre;;Grand Est;1125000;;10 à 20;330000;retraite;;;"CA annoncé: de 750 k€ à 1,5 M€; secteur TE: Travaux de finition (peinture, plâtrerie, menuiserie…)"
Transentreprise;https://www.transentreprise.com/offres/fiche/CEN261732A/salon-de-coiffure-et-esthetique/centre-val-de-loire/indre-et-loire/agglomeration-de-tours;CEN261732A;;SALON DE COIFFURE ET ESTHETIQUE;Autres / non classé;;Centre-Val de Loire;425000;;10 à 20;200000;;;;"CA annoncé: de 350 à 500 k€; secteur TE: Coiffure, esthétique"
Transentreprise;https://www.transentreprise.com/offres/fiche/HDF261735H/restaurant-pizzeria-brasserie/hauts-de-france/oise;HDF261735H;;RESTAURANT / PIZZERIA / BRASSERIE;HCR / restauration / tourisme / loisirs;;Hauts-de-France;;;10 à 20;700000;retraite;;;"CA annoncé: NC; secteur TE: Restaurant avec ou sans bar"
Transentreprise;https://www.transentreprise.com/offres/fiche/OCC261701H/hotel-restaurant-bar/occitanie/lozere/gorges-et-causses;OCC261701H;;HOTEL** - RESTAURANT - BAR;HCR / restauration / tourisme / loisirs;;Occitanie;625000;;10 à 20;1150000;retraite;;;"CA annoncé: de 500 à 750 k€; secteur TE: Hôtel-Restaurant avec ou sans bar"
Transentreprise;https://www.transentreprise.com/offres/fiche/ARA249125P/restauration-collective/rhone-alpes;ARA249125P;;RESTAURATION COLLECTIVE;HCR / restauration / tourisme / loisirs;;Auvergne-Rhône-Alpes;3000000.0;;21 à 50;1750000;;;;"CA annoncé: > 3 M€; secteur TE: Autres services associés à l'hôtellerie-restauration"
Transentreprise;https://www.transentreprise.com/offres/fiche/BRT261711P/entreprise-generale-de-batiment/bretagne/cotes-darmor;BRT261711P;;ENTREPRISE GENERALE DE BATIMENT;Bâtiment / travaux publics / second œuvre;;Bretagne;2250000;;10 à 20;857000;;;oui (cf. Transentreprise BRT265911C);"CA annoncé: de 1,5 à 3 M€; secteur TE: Gros œuvre : construction, maçonnerie"
Transentreprise;https://www.transentreprise.com/offres/fiche/ARA261600A/entretien-et-depannage-de-pompes-a-chaleur/auvergne-rhone-alpes/haute-savoie;ARA261600A;;ENTRETIEN ET DÉPANNAGE DE POMPES À CHALEUR;Bâtiment / travaux publics / second œuvre;;Auvergne-Rhône-Alpes;2250000;;10 à 20;700000;;;;"CA annoncé: de 1,5 à 3 M€; secteur TE: Travaux d'installation électrique, plomberie, chauffage..."
Transentreprise;https://www.transentreprise.com/offres/fiche/NAQ261610C/fonds-de-commerce-de-distribution-specialise/nouvelle-aquitaine/charente-maritime/la-rochelle-rochefort-et-leurs-environs;NAQ261610C;;FONDS DE COMMERCE DE DISTRIBUTION SPECIALISE;Négoce / distribution B2B;;Nouvelle-Aquitaine;2250000;;10 à 20;850000;;;;"CA annoncé: de 1,5 à 3 M€; secteur TE: Commerce de gros produits non alimentaires"
Transentreprise;https://www.transentreprise.com/offres/fiche/HDF261582C/boulangerie-patisserie-traiteur/hauts-de-france/somme/littoral-hauts-de-france-abbeville;HDF261582C;;BOULANGERIE PÂTISSERIE TRAITEUR;HCR / restauration / tourisme / loisirs;;Hauts-de-France;1125000;;10 à 20;550000;;;;"CA annoncé: de 750 k€ à 1,5 M€; secteur TE: Boulangerie, pâtisserie, chocolaterie…"
Transentreprise;https://www.transentreprise.com/offres/fiche/BFC261554C/constr-maison-ossature-bois-charpentemenuiserie/bourgogne-franche-comte/yonne/centre-yonne;BFC261554C;;CONSTR. MAISON OSSATURE BOIS, CHARPENTE,MENUISERIE;Bâtiment / travaux publics / second œuvre;;Bourgogne-Franche-Comté;2250000;;10 à 20;2050000;depart a la retraite;;;"CA annoncé: de 1,5 à 3 M€; secteur TE: Gros œuvre : charpente, étanchéité"
Transentreprise;https://www.transentreprise.com/offres/fiche/NAQ239062H/hotel-restaurant/nouvelle-aquitaine/landes;NAQ239062H;;HÔTEL** RESTAURANT;HCR / restauration / tourisme / loisirs;;Nouvelle-Aquitaine;1125000;;10 à 20;650000;;;oui (cf. Transentreprise CEN262905H);"CA annoncé: de 750 k€ à 1,5 M€; secteur TE: Hôtel-Restaurant avec ou sans bar"
Transentreprise;https://www.transentreprise.com/offres/fiche/NAQ261540P/tour-operateur-specialise-en-oenotourisme/nouvelle-aquitaine/gironde/bordeaux-et-arrond;NAQ261540P;;TOUR-OPERATEUR SPECIALISE EN ŒNOTOURISME;HCR / restauration / tourisme / loisirs;;Nouvelle-Aquitaine;1125000;;10 à 20;950000;;;;"CA annoncé: de 750 k€ à 1,5 M€; secteur TE: "
Transentreprise;https://www.transentreprise.com/offres/fiche/ARA261507C/opportunite-restaurant-ca-12m/auvergne-rhone-alpes/haute-savoie/chablais;ARA261507C;;OPPORTUNITE - RESTAURANT - CA 1.2M€;HCR / restauration / tourisme / loisirs;;Auvergne-Rhône-Alpes;1125000;;10 à 20;700000;;;;"CA annoncé: de 750 k€ à 1,5 M€; secteur TE: Restaurant avec ou sans bar"
Transentreprise;https://www.transentreprise.com/offres/fiche/ARA261496C/menuiserie-interieure-agencement/auvergne-rhone-alpes;ARA261496C;;MENUISERIE INTERIEURE & AGENCEMENT;Bâtiment / travaux publics / second œuvre;;Auvergne-Rhône-Alpes;2250000;;10 à 20;1200000;retraite;;;"CA annoncé: de 1,5 à 3 M€; secteur TE: Travaux de finition (peinture, plâtrerie, menuiserie…)"
Transentreprise;https://www.transentreprise.com/offres/fiche/GDE261464A/patisseries/grand-est/haut-rhin/arrond-mulhouse;GDE261464A;;PÂTISSERIES;HCR / restauration / tourisme / loisirs;;Grand Est;1125000;;10 à 20;900000;retraite;;;"CA annoncé: de 750 k€ à 1,5 M€; secteur TE: Boulangerie, pâtisserie, chocolaterie…"
Transentreprise;https://www.transentreprise.com/offres/fiche/NAQ261451C/entreprise-de-menuiseries-exterieures-performante/nouvelle-aquitaine/haute-vienne/pays-douest-limousin;NAQ261451C;;ENTREPRISE DE MENUISERIES EXTERIEURES PERFORMANTE;Bâtiment / travaux publics / second œuvre;;Nouvelle-Aquitaine;2250000;;10 à 20;560000;;;;"CA annoncé: de 1,5 à 3 M€; secteur TE: "
Transentreprise;https://www.transentreprise.com/offres/fiche/PDL261388C/boulangerie-artisanale-franchisee-region-nantaise/pays-de-la-loire/loire-atlantique/communaute-urbaine-de-nantes;PDL261388C;;BOULANGERIE ARTISANALE FRANCHISEE REGION NANTAISE;HCR / restauration / tourisme / loisirs;;Pays de la Loire;1125000;;10 à 20;;;;;"CA annoncé: de 750 k€ à 1,5 M€; secteur TE: Boulangerie, pâtisserie, chocolaterie…"
Transentreprise;https://www.transentreprise.com/offres/fiche/ARA261397A/entretien-espaces-verts-et-deneigement/auvergne-rhone-alpes/haute-savoie/pays-du-mont-blanc;ARA261397A;;ENTRETIEN ESPACES VERTS ET DÉNEIGEMENT;Bâtiment / travaux publics / second œuvre;;Auvergne-Rhône-Alpes;425000;;10 à 20;250000;retraite;;;"CA annoncé: de 350 à 500 k€; secteur TE: "
Transentreprise;https://www.transentreprise.com/offres/fiche/NOR260984A/societe-de-metallerie/normandie/manche/pays-coutancais;NOR260984A;;SOCIETE DE METALLERIE;Bâtiment / travaux publics / second œuvre;;Normandie;1125000;;10 à 20;520000;;;;"CA annoncé: de 750 k€ à 1,5 M€; secteur TE: Travail des métaux"
Transentreprise;https://www.transentreprise.com/offres/fiche/ARA261321A/boucherie-charcuterie-sur-les-marches/auvergne-rhone-alpes/loire/arrond-de-saint-etienne;ARA261321A;;BOUCHERIE CHARCUTERIE SUR LES MARCHES;HCR / restauration / tourisme / loisirs;;Auvergne-Rhône-Alpes;2250000;;10 à 20;600000;;;;"CA annoncé: de 1,5 à 3 M€; secteur TE: "
Transentreprise;https://www.transentreprise.com/offres/fiche/NAQ261372C/entreprise-artisanale-de-boulangerie-patisserie/nouvelle-aquitaine;NAQ261372C;;ENTREPRISE ARTISANALE DE BOULANGERIE-PÂTISSERIE;HCR / restauration / tourisme / loisirs;;Nouvelle-Aquitaine;1125000;;21 à 50;730000;;;;"CA annoncé: de 750 k€ à 1,5 M€; secteur TE: Boulangerie, pâtisserie, chocolaterie…"
Transentreprise;https://www.transentreprise.com/offres/fiche/BFC261285P/fabrication-negoce-sav-hydraulique/bourgogne;BFC261285P;;FABRICATION/NÉGOCE/SAV HYDRAULIQUE;Négoce / distribution B2B;;Bourgogne-Franche-Comté;2250000;;10 à 20;;;;;"CA annoncé: de 1,5 à 3 M€; secteur TE: Réparation, maintenance machines et équip. industriels"
Transentreprise;https://www.transentreprise.com/offres/fiche/NOR261311A/construction-bois/normandie/eure/arrond-evreux;NOR261311A;;CONSTRUCTION BOIS;Bâtiment / travaux publics / second œuvre;;Normandie;1125000;;10 à 20;600000;;;;"CA annoncé: de 750 k€ à 1,5 M€; secteur TE: Industrie bois, papier, fabric. meubles, agencements"
Transentreprise;https://www.transentreprise.com/offres/fiche/ARA261184P/menuiserie-bois-renovation-tce/rhone-alpes;ARA261184P;;MENUISERIE BOIS - RENOVATION TCE;Bâtiment / travaux publics / second œuvre;;Auvergne-Rhône-Alpes;3000000.0;;10 à 20;3500000;;;;"CA annoncé: > 3 M€; secteur TE: Travaux de finition (peinture, plâtrerie, menuiserie…)"
Transentreprise;https://www.transentreprise.com/offres/fiche/HDF261160C/entreprise-de-charpente-couverture-platrerie/hauts-de-france/nord/sect-cambrai;HDF261160C;;ENTREPRISE DE CHARPENTE COUVERTURE PLATRERIE...;Bâtiment / travaux publics / second œuvre;;Hauts-de-France;1125000;;10 à 20;;retraite;;;"CA annoncé: de 750 k€ à 1,5 M€; secteur TE: Industrie bois, papier, fabric. meubles, agencements"
Transentreprise;https://www.transentreprise.com/offres/fiche/OCC261098C/vente-en-gros-et-detail-materiel-pieces-agricoles/occitanie;OCC261098C;;VENTE EN GROS ET DETAIL MATERIEL/PIECES AGRICOLES;Négoce / distribution B2B;;Occitanie;2250000;;10 à 20;1400000;;;;"CA annoncé: de 1,5 à 3 M€; secteur TE: Commerce de gros produits non alimentaires"
Transentreprise;https://www.transentreprise.com/offres/fiche/HDF261056C/a-cederfranchise-age-dor-services-soissons-laon/hauts-de-france/aisne/soissons;HDF261056C;;À CÉDER–FRANCHISE AGE D’OR SERVICES SOISSONS-LAON;Services à la personne / santé à domicile;;Hauts-de-France;1125000;;21 à 50;650000;;;;"CA annoncé: de 750 k€ à 1,5 M€; secteur TE: Services à la personne (ménage, portage repas, garde enfants…)"
Transentreprise;https://www.transentreprise.com/offres/fiche/ARA260909A/salon-de-coiffure-et-esthetique/auvergne-rhone-alpes/rhone/rhone-ouest;ARA260909A;;SALON DE COIFFURE ET ESTHETIQUE;Autres / non classé;;Auvergne-Rhône-Alpes;625000;;10 à 20;395000;;;;"CA annoncé: de 500 à 750 k€; secteur TE: Coiffure, esthétique"
Transentreprise;https://www.transentreprise.com/offres/fiche/ARA253616C/abattoir-salle-decoupe-et-boucherie/auvergne-rhone-alpes/cantal/aurillac-et-arrondissement;ARA253616C;;ABATTOIR SALLE DÉCOUPE ET BOUCHERIE;HCR / restauration / tourisme / loisirs;;Auvergne-Rhône-Alpes;;;10 à 20;;;;;"CA annoncé: NC; secteur TE: Boucherie, charcuterie, traiteur…"
Transentreprise;https://www.transentreprise.com/offres/fiche/GDE256564C/entreprise-de-transport/grand-est/bas-rhin;GDE256564C;;ENTREPRISE DE TRANSPORT;Transport & logistique (commissionnaire, affrètement);;Grand Est;1125000;;10 à 20;600000;;;;"CA annoncé: de 750 k€ à 1,5 M€; secteur TE: Transports de marchandises"
Transentreprise;https://www.transentreprise.com/offres/fiche/ARA260922C/negoce-de-vins/auvergne-rhone-alpes/haute-savoie/albanais;ARA260922C;;NEGOCE DE VINS;Négoce / distribution B2B;;Auvergne-Rhône-Alpes;2250000;;10 à 20;1400000;;;;"CA annoncé: de 1,5 à 3 M€; secteur TE: Commerce de gros produits alimentaires"
Transentreprise;https://www.transentreprise.com/offres/fiche/NAQ260937C/magasin-electromenager-hifi-chauffage-sdb-photov/nouvelle-aquitaine/deux-sevres;NAQ260937C;;MAGASIN ELECTROMENAGER HIFI, CHAUFFAGE SDB PHOTOV.;Commerce de détail / e-commerce BtoC;;Nouvelle-Aquitaine;2250000;;10 à 20;390000;;;;"CA annoncé: de 1,5 à 3 M€; secteur TE: "
Transentreprise;https://www.transentreprise.com/offres/fiche/PAC260486P/services-a-la-personne-et-societe-de-nettoyage/provence-alpescote-dazur/bouches-du-rhone;PAC260486P;;SERVICES A LA PERSONNE ET SOCIETE DE NETTOYAGE;Propreté / nettoyage / multiservices;;Provence-Alpes-Côte d'Azur;425000;;21 à 50;260000;;;;"CA annoncé: de 350 à 500 k€; secteur TE: Activités de nettoyage"
Transentreprise;https://www.transentreprise.com/offres/fiche/ARA260848H/hotel-restaurant-de-station-de-ski/auvergne-rhone-alpes/savoie;ARA260848H;;HOTEL RESTAURANT DE STATION DE SKI;HCR / restauration / tourisme / loisirs;;Auvergne-Rhône-Alpes;1125000;;10 à 20;600000;depart a la retraite;;;"CA annoncé: de 750 k€ à 1,5 M€; secteur TE: Hôtel-Restaurant avec ou sans bar"
Transentreprise;https://www.transentreprise.com/offres/fiche/CEN260900A/couverture-charpente-zinguerie/centre-val-de-loire/indre/arrond-chateauroux;CEN260900A;;COUVERTURE CHARPENTE ZINGUERIE;Bâtiment / travaux publics / second œuvre;;Centre-Val de Loire;1125000;;10 à 20;;;;;"CA annoncé: de 750 k€ à 1,5 M€; secteur TE: Gros œuvre : charpente, étanchéité"
Transentreprise;https://www.transentreprise.com/offres/fiche/OCC260894A/terminal-de-cuisson-tarbes-centre-ville/occitanie/hautes-pyrenees/arr-de-tarbes;OCC260894A;;TERMINAL DE CUISSON TARBES (CENTRE-VILLE);HCR / restauration / tourisme / loisirs;;Occitanie;1125000;;10 à 20;800000;retraite;;;"CA annoncé: de 750 k€ à 1,5 M€; secteur TE: Boulangerie, pâtisserie, chocolaterie…"
Transentreprise;https://www.transentreprise.com/offres/fiche/NAQ260622A/menuiserie-bois/nouvelle-aquitaine/pyrenees-atlantiques;NAQ260622A;;MENUISERIE BOIS;Bâtiment / travaux publics / second œuvre;;Nouvelle-Aquitaine;2250000;;10 à 20;;;;;"CA annoncé: de 1,5 à 3 M€; secteur TE: Travaux de finition (peinture, plâtrerie, menuiserie…)"
Transentreprise;https://www.transentreprise.com/offres/fiche/OCC260683P/laiterie-fromagerie-de-montagne/occitanie/lozere;OCC260683P;;LAITERIE FROMAGERIE DE MONTAGNE;Industrie / production / fabrication;;Occitanie;3000000.0;;10 à 20;2500000;;;;"CA annoncé: > 3 M€; secteur TE: Industrie agro-alimentaire"
Transentreprise;https://www.transentreprise.com/offres/fiche/NAQ260498P/parts-ent-menuiserie-avec-atelier-de-fabrication/nouvelle-aquitaine/gironde;NAQ260498P;;PARTS ENT MENUISERIE AVEC ATELIER DE FABRICATION;Bâtiment / travaux publics / second œuvre;;Nouvelle-Aquitaine;1125000;;10 à 20;;;;;"CA annoncé: de 750 k€ à 1,5 M€; secteur TE: Travaux de finition (peinture, plâtrerie, menuiserie…)"
Transentreprise;https://www.transentreprise.com/offres/fiche/GDE260468A/boulangerie-patisserie-artisanale/grand-est/haut-rhin/arrond-colmar-ribeauville;GDE260468A;;BOULANGERIE-PÂTISSERIE ARTISANALE;HCR / restauration / tourisme / loisirs;;Grand Est;625000;;10 à 20;409500;retraite;;;"CA annoncé: de 500 à 750 k€; secteur TE: Boulangerie, pâtisserie, chocolaterie…"
Transentreprise;https://www.transentreprise.com/offres/fiche/CEN259607C/librairie-papeterie-presse/centre-val-de-loire;CEN259607C;;LIBRAIRIE PAPETERIE PRESSE;HCR / restauration / tourisme / loisirs;;Centre-Val de Loire;2250000;;10 à 20;;retraite;;;"CA annoncé: de 1,5 à 3 M€; secteur TE: Librairie, culture, loisirs créatifs, jeux, jouets…"
Transentreprise;https://www.transentreprise.com/offres/fiche/NAQ260423P/automatisme-robotique-cablage-machines-speciales/nouvelle-aquitaine;NAQ260423P;;AUTOMATISME ROBOTIQUE CÂBLAGE MACHINES SPÉCIALES;Industrie / production / fabrication;;Nouvelle-Aquitaine;3000000.0;;10 à 20;2000000;retraite;;;"CA annoncé: > 3 M€; secteur TE: "
Transentreprise;https://www.transentreprise.com/offres/fiche/BRT258975C/service-daide-accompt-a-dom-2-agences-franchise/bretagne;BRT258975C;;SERVICE D'AIDE-ACCOMPT A DOM. 2 AGENCES FRANCHISE;Services à la personne / santé à domicile;;Bretagne;625000;;21 à 50;;retraite;;;"CA annoncé: de 500 à 750 k€; secteur TE: Services à la personne (ménage, portage repas, garde enfants…)"
Transentreprise;https://www.transentreprise.com/offres/fiche/GDE260146C/aide-a-domicile-et-auxilliaires-de-vie/grand-est/bas-rhin/arrond-strasbourg;GDE260146C;;AIDE A DOMICILE ET AUXILLIAIRES DE VIE;Services à la personne / santé à domicile;;Grand Est;625000;;10 à 20;350000;;;;"CA annoncé: de 500 à 750 k€; secteur TE: Services à la personne (ménage, portage repas, garde enfants…)"
Transentreprise;https://www.transentreprise.com/offres/fiche/OCC260341P/terrassement-location-engins-avec-chauffeur/occitanie/herault;OCC260341P;;TERRASSEMENT LOCATION ENGINS AVEC CHAUFFEUR;Bâtiment / travaux publics / second œuvre;;Occitanie;1125000;;10 à 20;950000;retraite;;;"CA annoncé: de 750 k€ à 1,5 M€; secteur TE: Travaux publics, terrassement"
Transentreprise;https://www.transentreprise.com/offres/fiche/ARA249291A/pompe-a-chaleur-solaire-climatisation-maintenance/auvergne;ARA249291A;;POMPE A CHALEUR SOLAIRE CLIMATISATION MAINTENANCE;Bâtiment / travaux publics / second œuvre;;Auvergne-Rhône-Alpes;2250000;;10 à 20;;;;;"CA annoncé: de 1,5 à 3 M€; secteur TE: "
Transentreprise;https://www.transentreprise.com/offres/fiche/ARA260191C/fonds-de-commerce-bar-restaurant-offre-atypique/auvergne-rhone-alpes/allier/vichy-et-arrondissement;ARA260191C;;FONDS DE COMMERCE BAR-RESTAURANT - OFFRE ATYPIQUE;HCR / restauration / tourisme / loisirs;;Auvergne-Rhône-Alpes;625000;;10 à 20;450000;;;;"CA annoncé: de 500 à 750 k€; secteur TE: Restaurant avec ou sans bar"
Transentreprise;https://www.transentreprise.com/offres/fiche/NAQ260138P/entreprise-artisanale-de-porcelaine/nouvelle-aquitaine/haute-vienne;NAQ260138P;;ENTREPRISE ARTISANALE DE PORCELAINE;Autres / non classé;;Nouvelle-Aquitaine;1125000;;10 à 20;;retraite;;;"CA annoncé: de 750 k€ à 1,5 M€; secteur TE: "
Transentreprise;https://www.transentreprise.com/offres/fiche/ARA249714A/boulangerie-patisserie-snacking/auvergne-rhone-alpes/isere;ARA249714A;;BOULANGERIE PATISSERIE SNACKING;HCR / restauration / tourisme / loisirs;;Auvergne-Rhône-Alpes;1125000;;10 à 20;560000;retraite;;oui (cf. Transentreprise BRT265434C);"CA annoncé: de 750 k€ à 1,5 M€; secteur TE: Boulangerie, pâtisserie, chocolaterie…"
Transentreprise;https://www.transentreprise.com/offres/fiche/OCC260037C/entreprise-de-services-a-la-personne/occitanie/gard;OCC260037C;;ENTREPRISE DE SERVICES A LA PERSONNE;Services à la personne / santé à domicile;;Occitanie;425000;;21 à 50;169000;;;;"CA annoncé: de 350 à 500 k€; secteur TE: Services à la personne (ménage, portage repas, garde enfants…)"
Transentreprise;https://www.transentreprise.com/offres/fiche/PAC259735C/genie-civil-travaux-de-terrassement/provence-alpescote-dazur;PAC259735C;;GÉNIE CIVIL - TRAVAUX DE TERRASSEMENT;Bâtiment / travaux publics / second œuvre;;Provence-Alpes-Côte d'Azur;3000000.0;;21 à 50;1750000;;;;"CA annoncé: > 3 M€; secteur TE: Travaux publics, terrassement"
Transentreprise;https://www.transentreprise.com/offres/fiche/BFC259911P/fabrication-vente-et-pose-de-stores/bourgogne-franche-comte/saone-et-loire;BFC259911P;;FABRICATION, VENTE ET POSE DE STORES;Bâtiment / travaux publics / second œuvre;;Bourgogne-Franche-Comté;2250000;;10 à 20;1900000;;;;"CA annoncé: de 1,5 à 3 M€; secteur TE: "
Transentreprise;https://www.transentreprise.com/offres/fiche/BRT259860P/maconnerie-generales/bretagne/morbihan;BRT259860P;;MACONNERIE GENERALES;Bâtiment / travaux publics / second œuvre;;Bretagne;2250000;;10 à 20;857000;;;;"CA annoncé: de 1,5 à 3 M€; secteur TE: Gros œuvre : construction, maçonnerie"
Transentreprise;https://www.transentreprise.com/offres/fiche/IDF259836P/distribution-produits-alimentaires-aux-entreprises/ile-de-france;IDF259836P;;DISTRIBUTION PRODUITS ALIMENTAIRES AUX ENTREPRISES;Négoce / distribution B2B;;Île-de-France;3000000.0;;21 à 50;;;;;"CA annoncé: > 3 M€; secteur TE: E-commerce, VPC"
Transentreprise;https://www.transentreprise.com/offres/fiche/HDF259780A/boulangerie-patisserie/hauts-de-france/somme/centre-somme;HDF259780A;;BOULANGERIE PATISSERIE;HCR / restauration / tourisme / loisirs;;Hauts-de-France;625000;;10 à 20;480000;;;;"CA annoncé: de 500 à 750 k€; secteur TE: Boulangerie, pâtisserie, chocolaterie…"
Transentreprise;https://www.transentreprise.com/offres/fiche/OCC259758C/boulangerie-patisserie-snacking/occitanie/haute-garonne;OCC259758C;;BOULANGERIE - PATISSERIE - SNACKING;HCR / restauration / tourisme / loisirs;;Occitanie;1125000;;10 à 20;530000;;;oui (cf. Transentreprise BRT265434C);"CA annoncé: de 750 k€ à 1,5 M€; secteur TE: Boulangerie, pâtisserie, chocolaterie…"
Transentreprise;https://www.transentreprise.com/offres/fiche/BFC259702P/mecanique-industrielle/bourgogne-franche-comte/territoire-de-belfort/territoire-de-belfort;BFC259702P;;MECANIQUE INDUSTRIELLE;Industrie / production / fabrication;;Bourgogne-Franche-Comté;2250000;;21 à 50;150000;;;;"CA annoncé: de 1,5 à 3 M€; secteur TE: Travail des métaux"
Transentreprise;https://www.transentreprise.com/offres/fiche/CEN259707C/pme-specialisee-en-agencement-interieur/centre-val-de-loire;CEN259707C;;PME SPECIALISEE EN AGENCEMENT INTERIEUR;Bâtiment / travaux publics / second œuvre;;Centre-Val de Loire;2250000;;10 à 20;900000;retraite;;;"CA annoncé: de 1,5 à 3 M€; secteur TE: "
Transentreprise;https://www.transentreprise.com/offres/fiche/ARA259693C/concessionnaire-et-accessoiriste/auvergne-rhone-alpes/drome/region-valence;ARA259693C;;CONCESSIONNAIRE ET ACCESSOIRISTE;Automobile / 2 roues / nautisme;;Auvergne-Rhône-Alpes;3000000.0;;10 à 20;1100000;;;;"CA annoncé: > 3 M€; secteur TE: Vente/réparation cycles, motos, quads"
Transentreprise;https://www.transentreprise.com/offres/fiche/OCC259628C/garage-toutes-marques-vente-vo-location-vehicules/occitanie;OCC259628C;;GARAGE TOUTES MARQUES/VENTE VO/LOCATION VEHICULES;Automobile / 2 roues / nautisme;;Occitanie;1125000;;10 à 20;390000;retraite;;;"CA annoncé: de 750 k€ à 1,5 M€; secteur TE: Vente/réparation autos"
Transentreprise;https://www.transentreprise.com/offres/fiche/IDF259592P/distribution-maintenance-dequipement-bien-etre/ile-de-france/essonne;IDF259592P;;DISTRIBUTION MAINTENANCE D'EQUIPEMENT BIEN ETRE;Négoce / distribution B2B;;Île-de-France;2250000;;10 à 20;;depart a la retraite;;;"CA annoncé: de 1,5 à 3 M€; secteur TE: Commerce de gros produits non alimentaires"
Transentreprise;https://www.transentreprise.com/offres/fiche/ARA259441P/reparation-et-maintenance-poids-lourd/auvergne-rhone-alpes/rhone;ARA259441P;;REPARATION ET MAINTENANCE POIDS LOURD;Automobile / 2 roues / nautisme;;Auvergne-Rhône-Alpes;3000000.0;;10 à 20;2600000;depart a la retraite;;;"CA annoncé: > 3 M€; secteur TE: Vente/réparation autos"
Transentreprise;https://www.transentreprise.com/offres/fiche/3871P1023/menuiserie-agencement/normandie/manche/cotentin;3871P1023;;MENUISERIE AGENCEMENT;Bâtiment / travaux publics / second œuvre;;Normandie;1125000;;10 à 20;;depart a la retraite;;oui (cf. Transentreprise NAQ262549A);"CA annoncé: de 750 k€ à 1,5 M€; secteur TE: "
Transentreprise;https://www.transentreprise.com/offres/fiche/HDF252980C/boulangerie-patisserie-traiteur/hauts-de-france/pas-de-calais/sect-lens;HDF252980C;;BOULANGERIE-PATISSERIE-TRAITEUR;HCR / restauration / tourisme / loisirs;;Hauts-de-France;1125000;;21 à 50;600000;retraite;;oui (cf. Transentreprise HDF261582C);"CA annoncé: de 750 k€ à 1,5 M€; secteur TE: Boulangerie, pâtisserie, chocolaterie…"
Transentreprise;https://www.transentreprise.com/offres/fiche/ARA259391C/boulangerie-patisserie-restauration/auvergne-rhone-alpes/puy-de-dome/issoire-et-arrondissement;ARA259391C;;BOULANGERIE, PÂTISSERIE, RESTAURATION;HCR / restauration / tourisme / loisirs;;Auvergne-Rhône-Alpes;1125000;;10 à 20;;;;;"CA annoncé: de 750 k€ à 1,5 M€; secteur TE: Boulangerie, pâtisserie, chocolaterie…"
Transentreprise;https://www.transentreprise.com/offres/fiche/PDL258969P/mecanique-de-precision/pays-de-la-loire/mayenne;PDL258969P;;MÉCANIQUE DE PRÉCISION;Industrie / production / fabrication;;Pays de la Loire;3000000.0;;21 à 50;4600000;;;;"CA annoncé: > 3 M€; secteur TE: Travail des métaux"
Transentreprise;https://www.transentreprise.com/offres/fiche/NAQ259326H/brasserie-creperie-licence-iv-la-rochelle/nouvelle-aquitaine/charente-maritime/la-rochelle-rochefort-et-leurs-environs;NAQ259326H;;BRASSERIE CREPERIE LICENCE IV - LA ROCHELLE;HCR / restauration / tourisme / loisirs;;Nouvelle-Aquitaine;625000;;10 à 20;600000;;;;"CA annoncé: de 500 à 750 k€; secteur TE: Restaurant avec ou sans bar"
Transentreprise;https://www.transentreprise.com/offres/fiche/NAQ259330P/travail-des-metaux-aspiration-filtration/nouvelle-aquitaine;NAQ259330P;;TRAVAIL DES METAUX / ASPIRATION - FILTRATION;Autres / non classé;;Nouvelle-Aquitaine;3000000.0;;21 à 50;1500000;retraite;;;"CA annoncé: > 3 M€; secteur TE: Travail des métaux"
Transentreprise;https://www.transentreprise.com/offres/fiche/HDF259241P/tuyauterie-industrielle-charpente-metallique/hauts-de-france/oise/arrondissement-compiegne;HDF259241P;;TUYAUTERIE INDUSTRIELLE, CHARPENTE METALLIQUE...;Bâtiment / travaux publics / second œuvre;;Hauts-de-France;2250000;;10 à 20;;retraite;;;"CA annoncé: de 1,5 à 3 M€; secteur TE: Travail des métaux"
Transentreprise;https://www.transentreprise.com/offres/fiche/BRT259212C/complexe-aquatique/bretagne/finistere/arrond-quimper;BRT259212C;;COMPLEXE AQUATIQUE;Autres / non classé;;Bretagne;625000;;10 à 20;;;;;"CA annoncé: de 500 à 750 k€; secteur TE: "
Transentreprise;https://www.transentreprise.com/offres/fiche/OCC259185H/hotel-restaurant/occitanie/lozere;OCC259185H;;HOTEL*** - RESTAURANT;HCR / restauration / tourisme / loisirs;;Occitanie;625000;;10 à 20;1800000;depart a la retraite;;oui (cf. Transentreprise 2B1C0030);"CA annoncé: de 500 à 750 k€; secteur TE: Hôtel-Restaurant avec ou sans bar"
Transentreprise;https://www.transentreprise.com/offres/fiche/NAQ259140H/restaurant-emplacement-numero-1-centre-ville/poitou-charentes;NAQ259140H;;RESTAURANT EMPLACEMENT NUMERO 1 - CENTRE VILLE;HCR / restauration / tourisme / loisirs;;Nouvelle-Aquitaine;2250000;;21 à 50;1000000;retraite;;;"CA annoncé: de 1,5 à 3 M€; secteur TE: "
Transentreprise;https://www.transentreprise.com/offres/fiche/ARA259046A/boulangerie-patisserie/auvergne-rhone-alpes/cantal;ARA259046A;;BOULANGERIE PATISSERIE;HCR / restauration / tourisme / loisirs;;Auvergne-Rhône-Alpes;1125000;;10 à 20;970000;;;oui (cf. Transentreprise ARA265877A);"CA annoncé: de 750 k€ à 1,5 M€; secteur TE: Boulangerie, pâtisserie, chocolaterie…"
Transentreprise;https://www.transentreprise.com/offres/fiche/OCC259031A/entreprise-generale-du-batiment/occitanie/haute-garonne/arr-de-toulouse;OCC259031A;;ENTREPRISE GENERALE DU BATIMENT;Bâtiment / travaux publics / second œuvre;;Occitanie;1125000;;10 à 20;220000;;;;"CA annoncé: de 750 k€ à 1,5 M€; secteur TE: Gros œuvre : construction, maçonnerie"
Transentreprise;https://www.transentreprise.com/offres/fiche/ARA259027A/maconnerie-gros-oeuvre/auvergne-rhone-alpes/savoie/chambery-metropole-savoie;ARA259027A;;MACONNERIE GROS OEUVRE;Bâtiment / travaux publics / second œuvre;;Auvergne-Rhône-Alpes;3000000.0;;21 à 50;1900000;;;;"CA annoncé: > 3 M€; secteur TE: Gros œuvre : construction, maçonnerie"
Transentreprise;https://www.transentreprise.com/offres/fiche/GDE259014C/conditionnement-presse-et-catalogues/grand-est/bas-rhin;GDE259014C;;CONDITIONNEMENT PRESSE ET CATALOGUES;Autres / non classé;;Grand Est;1125000;;10 à 20;350000;;;;"CA annoncé: de 750 k€ à 1,5 M€; secteur TE: Autres services aux entreprises"
Transentreprise;https://www.transentreprise.com/offres/fiche/CEN258803P/installation-equipements-thermiques-clim/centre-val-de-loire/indre;CEN258803P;;INSTALLATION EQUIPEMENTS THERMIQUES / CLIM;Bureau d'études / ingénierie / diagnostics;;Centre-Val de Loire;2250000;;10 à 20;980000;;;;"CA annoncé: de 1,5 à 3 M€; secteur TE: Travaux d'installation électrique, plomberie, chauffage..."
Transentreprise;https://www.transentreprise.com/offres/fiche/GDE258879P/serrurerie-menuiserie-ferronnerie/grand-est/meurthe-et-moselle;GDE258879P;;SERRURERIE – MENUISERIE - FERRONNERIE;Bâtiment / travaux publics / second œuvre;;Grand Est;1125000;;10 à 20;;;;;"CA annoncé: de 750 k€ à 1,5 M€; secteur TE: Travaux de finition (peinture, plâtrerie, menuiserie…)"
Transentreprise;https://www.transentreprise.com/offres/fiche/HDF242247P/chauffage-plomberie-climatisation/hauts-de-france/nord/sect-dunkerque;HDF242247P;;CHAUFFAGE PLOMBERIE CLIMATISATION;Bâtiment / travaux publics / second œuvre;;Hauts-de-France;2250000;;10 à 20;2500000;;;;"CA annoncé: de 1,5 à 3 M€; secteur TE: Travaux d'installation électrique, plomberie, chauffage..."
Transentreprise;https://www.transentreprise.com/offres/fiche/GDE252624A/boulangerie-patisserie-et-salon-de-the/grand-est/haut-rhin/arrond-colmar-ribeauville;GDE252624A;;BOULANGERIE PÂTISSERIE ET SALON DE THÉ;HCR / restauration / tourisme / loisirs;;Grand Est;1125000;;10 à 20;420000;retraite;;;"CA annoncé: de 750 k€ à 1,5 M€; secteur TE: Boulangerie, pâtisserie, chocolaterie…"
Transentreprise;https://www.transentreprise.com/offres/fiche/GDE257995H/restauration-gastronomique-traditionnelle/grand-est/haut-rhin;GDE257995H;;RESTAURATION GASTRONOMIQUE & TRADITIONNELLE;HCR / restauration / tourisme / loisirs;;Grand Est;1125000;;10 à 20;500000;retraite;;;"CA annoncé: de 750 k€ à 1,5 M€; secteur TE: Restaurant avec ou sans bar"
Transentreprise;https://www.transentreprise.com/offres/fiche/HDF258716A/menuiserie-agencement/hauts-de-france/pas-de-calais/sect-arras;HDF258716A;;MENUISERIE AGENCEMENT;Bâtiment / travaux publics / second œuvre;;Hauts-de-France;2250000;;10 à 20;;depart a la retraite;;;"CA annoncé: de 1,5 à 3 M€; secteur TE: "
Transentreprise;https://www.transentreprise.com/offres/fiche/GDE258700A/boucherie-charcuterie-traiteur/grand-est;GDE258700A;;BOUCHERIE CHARCUTERIE TRAITEUR;HCR / restauration / tourisme / loisirs;;Grand Est;3000000.0;;21 à 50;2200000;;;;"CA annoncé: > 3 M€; secteur TE: Boucherie, charcuterie, traiteur…"
Transentreprise;https://www.transentreprise.com/offres/fiche/PDL258663C/construction-bois/pays-de-la-loire/loire-atlantique/nord-loire-atlantique;PDL258663C;;CONSTRUCTION BOIS;Bâtiment / travaux publics / second œuvre;;Pays de la Loire;2250000;;10 à 20;;retraite;;;"CA annoncé: de 1,5 à 3 M€; secteur TE: Gros œuvre : charpente, étanchéité"
Transentreprise;https://www.transentreprise.com/offres/fiche/ARA258621P/transport-marchandises/rhone-alpes;ARA258621P;;TRANSPORT MARCHANDISES;Transport & logistique (commissionnaire, affrètement);;Auvergne-Rhône-Alpes;2250000;;10 à 20;200000;;;;"CA annoncé: de 1,5 à 3 M€; secteur TE: Transports de marchandises"
Transentreprise;https://www.transentreprise.com/offres/fiche/NOR258505A/societe-de-fabrication-dagencement-sur-mesure/normandie/manche/vallee-de-la-vire;NOR258505A;;SOCIETE DE FABRICATION D'AGENCEMENT SUR MESURE;Bâtiment / travaux publics / second œuvre;;Normandie;2250000;;10 à 20;;;;;"CA annoncé: de 1,5 à 3 M€; secteur TE: "
Transentreprise;https://www.transentreprise.com/offres/fiche/BRT258108P/realisations-de-charpentes-metalliques/bretagne;BRT258108P;;REALISATIONS DE CHARPENTES METALLIQUES;Bâtiment / travaux publics / second œuvre;;Bretagne;3000000.0;;10 à 20;4000000;;;;"CA annoncé: > 3 M€; secteur TE: Travail des métaux"
Transentreprise;https://www.transentreprise.com/offres/fiche/ARA242364H/restaurant-pizzeria-bar-traiteur-chambre-dhotes/auvergne-rhone-alpes/ardeche/arrond-de-privas;ARA242364H;;RESTAURANT PIZZERIA BAR TRAITEUR CHAMBRE D'HOTES;HCR / restauration / tourisme / loisirs;;Auvergne-Rhône-Alpes;;;10 à 20;520000;;;;"CA annoncé: NC; secteur TE: "
Transentreprise;https://www.transentreprise.com/offres/fiche/IDF258474P/agence-de-communication-presse-marketing-digital/ile-de-france;IDF258474P;;AGENCE DE COMMUNICATION, PRESSE, MARKETING DIGITAL;Services informatiques / ESN / éditeur de logiciel;;Île-de-France;3000000.0;;10 à 20;;;;;"CA annoncé: > 3 M€; secteur TE: Communication"
Transentreprise;https://www.transentreprise.com/offres/fiche/OCC258407A/boulangerie-patisserie-epicerie/occitanie/lozere/gorges-et-causses;OCC258407A;;BOULANGERIE - PÂTISSERIE - ÉPICERIE;HCR / restauration / tourisme / loisirs;;Occitanie;275000;;10 à 20;216000;depart a la retraite;;;"CA annoncé: de 200 à 350 k€; secteur TE: "
Transentreprise;https://www.transentreprise.com/offres/fiche/NAQ258076A/boulangerie-patisserie-salon-de-the/nouvelle-aquitaine/dordogne/sarlat-la-caneda-et-arrond;NAQ258076A;;BOULANGERIE-PÂTISSERIE-SALON DE THÉ;HCR / restauration / tourisme / loisirs;;Nouvelle-Aquitaine;425000;;10 à 20;250000;retraite;;;"CA annoncé: de 350 à 500 k€; secteur TE: Boulangerie, pâtisserie, chocolaterie…"
Transentreprise;https://www.transentreprise.com/offres/fiche/504A0023/maconnerie-generale/normandie/manche/vallee-de-la-vire;504A0023;;MACONNERIE GENERALE;Bâtiment / travaux publics / second œuvre;;Normandie;2250000;;10 à 20;;retraite;;;"CA annoncé: de 1,5 à 3 M€; secteur TE: Gros œuvre : construction, maçonnerie"
Transentreprise;https://www.transentreprise.com/offres/fiche/GDE257974C/titres-murs_entreprise-specialisee-en-menuiserie/grand-est/aube/arrond-troyes;GDE257974C;;TITRES + MURS_ENTREPRISE SPÉCIALISÉE EN MENUISERIE;Bâtiment / travaux publics / second œuvre;;Grand Est;2250000;;10 à 20;1100000;;;;"CA annoncé: de 1,5 à 3 M€; secteur TE: Travaux de finition (peinture, plâtrerie, menuiserie…)"
Transentreprise;https://www.transentreprise.com/offres/fiche/HDF242077P/opportunite-unique-entreprise-evenementielle-/hauts-de-france;HDF242077P;;OPPORTUNITÉ UNIQUE – ENTREPRISE ÉVÉNEMENTIELLE ...;Communication / marketing / édition / imprimerie / PLV;;Hauts-de-France;1125000;;10 à 20;1100000;;;;"CA annoncé: de 750 k€ à 1,5 M€; secteur TE: Evènementiel"
Transentreprise;https://www.transentreprise.com/offres/fiche/GDE256610P/entreprise-spec-conception-emballage-bois/grand-est/vosges;GDE256610P;;ENTREPRISE SPÉC. CONCEPTION EMBALLAGE BOIS;Négoce / distribution B2B;;Grand Est;1125000;;10 à 20;;;;;"CA annoncé: de 750 k€ à 1,5 M€; secteur TE: Industrie bois, papier, fabric. meubles, agencements"
Transentreprise;https://www.transentreprise.com/offres/fiche/OCC257582H/restaurant-traditionnel-site-touristique-exception/occitanie/lot/arr-de-cahors;OCC257582H;;RESTAURANT TRADITIONNEL SITE TOURISTIQUE EXCEPTION;HCR / restauration / tourisme / loisirs;;Occitanie;625000;;10 à 20;550000;;;;"CA annoncé: de 500 à 750 k€; secteur TE: Restaurant avec ou sans bar"
Transentreprise;https://www.transentreprise.com/offres/fiche/ARA257475P/entretien-creation-travaux-forestiers/rhone-alpes;ARA257475P;;ENTRETIEN & CRÉATION TRAVAUX FORESTIERS;Industrie / production / fabrication;;Auvergne-Rhône-Alpes;625000;;10 à 20;750000;;;;"CA annoncé: de 500 à 750 k€; secteur TE: Cultures, production animale, exploitation forestière"
Transentreprise;https://www.transentreprise.com/offres/fiche/NAQ257419A/boucherie-charcuterie-a-ceder-a-amou/nouvelle-aquitaine/landes/mont-de-marsan-et-arrond;NAQ257419A;;BOUCHERIE CHARCUTERIE À CÉDER A AMOU;HCR / restauration / tourisme / loisirs;;Nouvelle-Aquitaine;;;21 à 50;75000;;;;"CA annoncé: NC; secteur TE: Boucherie, charcuterie, traiteur…"
Transentreprise;https://www.transentreprise.com/offres/fiche/BFC257198C/supermache-bio-independant/bourgogne-franche-comte/jura;BFC257198C;;SUPERMACHÉ BIO - INDEPENDANT;Autres / non classé;;Bourgogne-Franche-Comté;2250000;;10 à 20;;;;;"CA annoncé: de 1,5 à 3 M€; secteur TE: "
Transentreprise;https://www.transentreprise.com/offres/fiche/CEN257190C/societe-de-transport-de-personnes/centre-val-de-loire/cher;CEN257190C;;SOCIETE DE TRANSPORT DE PERSONNES;Transport & logistique (commissionnaire, affrètement);;Centre-Val de Loire;1125000;;21 à 50;450000;;;;"CA annoncé: de 750 k€ à 1,5 M€; secteur TE: Transports de voyageurs"
Transentreprise;https://www.transentreprise.com/offres/fiche/GDE257153C/boulangerie-patisserie-chocolaterie-snacking/grand-est/meurthe-et-moselle/arrond-nancy;GDE257153C;;BOULANGERIE-PÂTISSERIE-CHOCOLATERIE-SNACKING;HCR / restauration / tourisme / loisirs;;Grand Est;625000;;10 à 20;500000;;;;"CA annoncé: de 500 à 750 k€; secteur TE: Boulangerie, pâtisserie, chocolaterie…"
Transentreprise;https://www.transentreprise.com/offres/fiche/OCC257167P/a-ceder-entreprise-de-btp-performantes-occitanie/occitanie;OCC257167P;;À CÉDER ENTREPRISE DE BTP PERFORMANTES OCCITANIE;Bâtiment / travaux publics / second œuvre;;Occitanie;;;10 à 20;1150000;;;;"CA annoncé: NC; secteur TE: Travaux de finition (peinture, plâtrerie, menuiserie…)"
Transentreprise;https://www.transentreprise.com/offres/fiche/ARA256879A/boulangerie-patisserie/auvergne-rhone-alpes/isere/grenoble-et-agglomeration;ARA256879A;;BOULANGERIE PATISSERIE;HCR / restauration / tourisme / loisirs;;Auvergne-Rhône-Alpes;1125000;;10 à 20;650000;;;oui (cf. Transentreprise ARA265877A);"CA annoncé: de 750 k€ à 1,5 M€; secteur TE: Boulangerie, pâtisserie, chocolaterie…"
Transentreprise;https://www.transentreprise.com/offres/fiche/GDE256566H/restaurant/grand-est/bas-rhin;GDE256566H;;RESTAURANT;HCR / restauration / tourisme / loisirs;;Grand Est;625000;;10 à 20;445000;;;oui (cf. Transentreprise ARA264517H);"CA annoncé: de 500 à 750 k€; secteur TE: Restaurant avec ou sans bar"
Transentreprise;https://www.transentreprise.com/offres/fiche/OCC256944A/fonds-de-commerce-boulangerie/occitanie/hautes-pyrenees/arr-dargeles-gazost;OCC256944A;;FONDS DE COMMERCE BOULANGERIE;HCR / restauration / tourisme / loisirs;;Occitanie;1125000;;10 à 20;500000;raison de sante;;;"CA annoncé: de 750 k€ à 1,5 M€; secteur TE: Boulangerie, pâtisserie, chocolaterie…"
Transentreprise;https://www.transentreprise.com/offres/fiche/GDE256327C/entretien-repar-vehicules-autos-concession/grand-est/ardennes;GDE256327C;;ENTRETIEN-RÉPAR. VÉHICULES AUTOS, CONCESSION;Automobile / 2 roues / nautisme;;Grand Est;2250000;;10 à 20;500000;;;;"CA annoncé: de 1,5 à 3 M€; secteur TE: Vente/réparation autos"
Transentreprise;https://www.transentreprise.com/offres/fiche/GDE256584P/fabrication-de-complements-alimentaires/grand-est/bas-rhin;GDE256584P;;FABRICATION DE COMPLÉMENTS ALIMENTAIRES;Industrie / production / fabrication;;Grand Est;1125000;;10 à 20;750000;;;;"CA annoncé: de 750 k€ à 1,5 M€; secteur TE: Industrie agro-alimentaire"
Transentreprise;https://www.transentreprise.com/offres/fiche/GDE256592P/surveillance-humaine-et-securite-des-personnes/grand-est/bas-rhin;GDE256592P;;SURVEILLANCE HUMAINE ET SÉCURITÉ DES PERSONNES;Sécurité / surveillance / télésurveillance;;Grand Est;625000;;10 à 20;400000;;;;"CA annoncé: de 500 à 750 k€; secteur TE: Autres services aux entreprises"
Transentreprise;https://www.transentreprise.com/offres/fiche/PAC256745C/menuiserie-aluminium-pvc-bois/provence-alpescote-dazur/vaucluse;PAC256745C;;MENUISERIE ALUMINIUM PVC BOIS;Bâtiment / travaux publics / second œuvre;;Provence-Alpes-Côte d'Azur;2250000;;10 à 20;250000;;;;"CA annoncé: de 1,5 à 3 M€; secteur TE: Travaux de finition (peinture, plâtrerie, menuiserie…)"
Transentreprise;https://www.transentreprise.com/offres/fiche/GDE256408C/transports-routiers-de-voyageurs/grand-est/meurthe-et-moselle;GDE256408C;;TRANSPORTS ROUTIERS DE VOYAGEURS;Transport & logistique (commissionnaire, affrètement);;Grand Est;1125000;;10 à 20;850000;;;;"CA annoncé: de 750 k€ à 1,5 M€; secteur TE: Transports de voyageurs"
Transentreprise;https://www.transentreprise.com/offres/fiche/ARA256787A/boucherie-charcuterie-plats-cuisines-traiteur/auvergne-rhone-alpes/haute-savoie;ARA256787A;;BOUCHERIE CHARCUTERIE PLATS CUISINÉS TRAITEUR;HCR / restauration / tourisme / loisirs;;Auvergne-Rhône-Alpes;2250000;;10 à 20;650000;retraite;;;"CA annoncé: de 1,5 à 3 M€; secteur TE: Boucherie, charcuterie, traiteur…"
Transentreprise;https://www.transentreprise.com/offres/fiche/GDE256554C/amenagement-exterieur-en-bois/grand-est/haut-rhin;GDE256554C;;AMÉNAGEMENT EXTÉRIEUR EN BOIS;Bâtiment / travaux publics / second œuvre;;Grand Est;1125000;;10 à 20;650000;retraite;;;"CA annoncé: de 750 k€ à 1,5 M€; secteur TE: Industrie bois, papier, fabric. meubles, agencements"
Transentreprise;https://www.transentreprise.com/offres/fiche/HDF256776A/a-reprendre/hauts-de-france/somme/littoral-hauts-de-france-abbeville;HDF256776A;;A REPRENDRE;HCR / restauration / tourisme / loisirs;;Hauts-de-France;1125000;;10 à 20;360000;;;;"CA annoncé: de 750 k€ à 1,5 M€; secteur TE: Bar, bar-snack, pub…"
Transentreprise;https://www.transentreprise.com/offres/fiche/NAQ256720A/nettoyage-et-traitement-de-sols-et-parquets/nouvelle-aquitaine/pyrenees-atlantiques/bayonne-et-arrond;NAQ256720A;;NETTOYAGE ET TRAITEMENT DE SOLS ET PARQUETS;Propreté / nettoyage / multiservices;;Nouvelle-Aquitaine;275000;;10 à 20;380000;;;;"CA annoncé: de 200 à 350 k€; secteur TE: Activités de nettoyage"
Transentreprise;https://www.transentreprise.com/offres/fiche/ARA256663H/100-des-parts-sociales-brasserie/auvergne-rhone-alpes/savoie/chambery-metropole-savoie;ARA256663H;;100% DES PARTS SOCIALES - BRASSERIE;HCR / restauration / tourisme / loisirs;;Auvergne-Rhône-Alpes;1125000;;10 à 20;490000;;;;"CA annoncé: de 750 k€ à 1,5 M€; secteur TE: Restaurant avec ou sans bar"
Transentreprise;https://www.transentreprise.com/offres/fiche/ARA239654P/btp-second-oeuvre/rhone-alpes;ARA239654P;;BTP SECOND ŒUVRE;Bâtiment / travaux publics / second œuvre;;Auvergne-Rhône-Alpes;2250000;;10 à 20;450000;;;;"CA annoncé: de 1,5 à 3 M€; secteur TE: Travaux de finition (peinture, plâtrerie, menuiserie…)"
Transentreprise;https://www.transentreprise.com/offres/fiche/PDL255835C/commerce-specialise-au-body-art/pays-de-la-loire/loire-atlantique/communaute-urbaine-de-nantes;PDL255835C;;COMMERCE SPECIALISE AU BODY ART;Autres / non classé;;Pays de la Loire;1125000;;10 à 20;1450000;;;;"CA annoncé: de 750 k€ à 1,5 M€; secteur TE: Autres commerces de détail non alimentaires"
Transentreprise;https://www.transentreprise.com/offres/fiche/401A0107/charcuterie-boucherie-traiteur/nouvelle-aquitaine/landes/dax-et-arrond;401A0107;;CHARCUTERIE BOUCHERIE TRAITEUR;HCR / restauration / tourisme / loisirs;;Nouvelle-Aquitaine;1125000;;10 à 20;;;;;"CA annoncé: de 750 k€ à 1,5 M€; secteur TE: Boucherie, charcuterie, traiteur…"
Transentreprise;https://www.transentreprise.com/offres/fiche/ARA256301P/fab-pieces-en-materiaux-composites/rhone-alpes;ARA256301P;;FAB. PIECES EN MATERIAUX COMPOSITES;Industrie / production / fabrication;;Auvergne-Rhône-Alpes;1125000;;10 à 20;320000;retraite;;;"CA annoncé: de 750 k€ à 1,5 M€; secteur TE: Chimie, plastique, parachimie"
Transentreprise;https://www.transentreprise.com/offres/fiche/GDE255524A/menuiserie-dagencement/grand-est/vosges/arrond-saint-die-des-vosges;GDE255524A;;MENUISERIE D'AGENCEMENT;Bâtiment / travaux publics / second œuvre;;Grand Est;1125000;;10 à 20;190000;;;;"CA annoncé: de 750 k€ à 1,5 M€; secteur TE: "
Transentreprise;https://www.transentreprise.com/offres/fiche/ARA242738P/societe-damenagements-paysagers/auvergne-rhone-alpes;ARA242738P;;SOCIETE D'AMENAGEMENTS PAYSAGERS;Bâtiment / travaux publics / second œuvre;;Auvergne-Rhône-Alpes;1125000;;10 à 20;400000;;;;"CA annoncé: de 750 k€ à 1,5 M€; secteur TE: Création, entretien espaces verts…"
Transentreprise;https://www.transentreprise.com/offres/fiche/IDF255840P/depannage-convoyage-evenementiel-motos/ile-de-france/paris;IDF255840P;;DEPANNAGE, CONVOYAGE, EVENEMENTIEL MOTOS;Transport & logistique (commissionnaire, affrètement);;Île-de-France;;;10 à 20;490000;depart a la retraite;;;"CA annoncé: ; secteur TE: Transports de marchandises"
Transentreprise;https://www.transentreprise.com/offres/fiche/NAQ255845H/restaurant-la-boucherie/nouvelle-aquitaine/charente-maritime/la-rochelle-rochefort-et-leurs-environs;NAQ255845H;;RESTAURANT LA BOUCHERIE;HCR / restauration / tourisme / loisirs;;Nouvelle-Aquitaine;625000;;10 à 20;;;;;"CA annoncé: de 500 à 750 k€; secteur TE: Restaurant avec ou sans bar"
Transentreprise;https://www.transentreprise.com/offres/fiche/ARA255811A/fdc-negoce-menuiserie/auvergne;ARA255811A;;FDC NEGOCE MENUISERIE;Négoce / distribution B2B;;Auvergne-Rhône-Alpes;3000000.0;;10 à 20;350000;;;;"CA annoncé: > 3 M€; secteur TE: Industrie bois, papier, fabric. meubles, agencements"
Transentreprise;https://www.transentreprise.com/offres/fiche/IDF255779P/entreprise-generale-de-batiment/ile-de-france/seine-et-marne;IDF255779P;;ENTREPRISE GÉNÉRALE DE BATIMENT;Bâtiment / travaux publics / second œuvre;;Île-de-France;2250000;;10 à 20;;;;oui (cf. Transentreprise BRT265911C);"CA annoncé: de 1,5 à 3 M€; secteur TE: Gros œuvre : construction, maçonnerie"
Transentreprise;https://www.transentreprise.com/offres/fiche/ARA255619A/fdc-patisserie-chocolaterie/auvergne-rhone-alpes/allier/vichy-et-arrondissement;ARA255619A;;FDC PÂTISSERIE - CHOCOLATERIE;HCR / restauration / tourisme / loisirs;;Auvergne-Rhône-Alpes;625000;;10 à 20;400000;;;;"CA annoncé: de 500 à 750 k€; secteur TE: Boulangerie, pâtisserie, chocolaterie…"
Transentreprise;https://www.transentreprise.com/offres/fiche/OCC255612C/conserverie-artisanale-boutiques-restaurant/occitanie/lot/arr-de-gourdon;OCC255612C;;CONSERVERIE ARTISANALE BOUTIQUES RESTAURANT;HCR / restauration / tourisme / loisirs;;Occitanie;625000;;10 à 20;780000;;;;"CA annoncé: de 500 à 750 k€; secteur TE: Autres activités alimentaires spécialisées"
Transentreprise;https://www.transentreprise.com/offres/fiche/ARA255452H/restaurant/auvergne-rhone-alpes/isere/grenoble-et-agglomeration;ARA255452H;;RESTAURANT;HCR / restauration / tourisme / loisirs;;Auvergne-Rhône-Alpes;625000;;10 à 20;756000;;;oui (cf. Transentreprise ARA264517H);"CA annoncé: de 500 à 750 k€; secteur TE: Restaurant avec ou sans bar"
Transentreprise;https://www.transentreprise.com/offres/fiche/NAQ255535H/restaurant-brasserie/nouvelle-aquitaine/pyrenees-atlantiques/pau-et-arrond;NAQ255535H;;RESTAURANT/BRASSERIE;HCR / restauration / tourisme / loisirs;;Nouvelle-Aquitaine;;;10 à 20;550000;;;;"CA annoncé: NC; secteur TE: Restaurant avec ou sans bar"
Transentreprise;https://www.transentreprise.com/offres/fiche/NAQ255304P/chaudronnerie-metallurgie/nouvelle-aquitaine/pyrenees-atlantiques;NAQ255304P;;CHAUDRONNERIE/METALLURGIE;Industrie / production / fabrication;;Nouvelle-Aquitaine;;;10 à 20;;;;;"CA annoncé: NC; secteur TE: Travail des métaux"
Transentreprise;https://www.transentreprise.com/offres/fiche/NAQ255235A/integration-audio-et-commerce-multimedia/nouvelle-aquitaine;NAQ255235A;;INTEGRATION AUDIO ET COMMERCE MULTIMEDIA;Services informatiques / ESN / éditeur de logiciel;;Nouvelle-Aquitaine;;;10 à 20;1600000;;;;"CA annoncé: NC; secteur TE: Multimédia, informatique, téléphonie"
Transentreprise;https://www.transentreprise.com/offres/fiche/GDE255061A/ensemble-de-boulangeries-a-ceder/grand-est/vosges/arrond-epinal;GDE255061A;;ENSEMBLE DE BOULANGERIES A CÉDER;HCR / restauration / tourisme / loisirs;;Grand Est;;;10 à 20;175000;;;;"CA annoncé: NC; secteur TE: Boulangerie, pâtisserie, chocolaterie…"
Transentreprise;https://www.transentreprise.com/offres/fiche/BFC254916P/chaudronnerietuyauterie-industrielle/bourgogne-franche-comte/saone-et-loire;BFC254916P;;CHAUDRONNERIE—TUYAUTERIE INDUSTRIELLE;Industrie / production / fabrication;;Bourgogne-Franche-Comté;1125000;;10 à 20;;;;;"CA annoncé: de 750 k€ à 1,5 M€; secteur TE: "
Transentreprise;https://www.transentreprise.com/offres/fiche/NAQ254629A/entreprise-de-tp/nouvelle-aquitaine/pyrenees-atlantiques/pau-et-arrond;NAQ254629A;;ENTREPRISE DE TP;Bâtiment / travaux publics / second œuvre;;Nouvelle-Aquitaine;;;10 à 20;;retraite;;;"CA annoncé: NC; secteur TE: Travaux publics, terrassement"
Transentreprise;https://www.transentreprise.com/offres/fiche/GDE254384A/entreprises-de-peinture-et-revetement-de-sol/grand-est/bas-rhin/arrond-strasbourg;GDE254384A;;ENTREPRISES DE PEINTURE ET REVÊTEMENT DE SOL;Bâtiment / travaux publics / second œuvre;;Grand Est;2250000;;10 à 20;550000;retraite;;;"CA annoncé: de 1,5 à 3 M€; secteur TE: Travaux de finition (peinture, plâtrerie, menuiserie…)"
Transentreprise;https://www.transentreprise.com/offres/fiche/NAQ254375P/usinage-aeronautique/nouvelle-aquitaine/pyrenees-atlantiques;NAQ254375P;;USINAGE AÉRONAUTIQUE;Industrie / production / fabrication;;Nouvelle-Aquitaine;;;10 à 20;;;;;"CA annoncé: NC; secteur TE: Travail des métaux"
Transentreprise;https://www.transentreprise.com/offres/fiche/OCC253836H/hotel-restaurant-repute/occitanie/hautes-pyrenees/arr-de-tarbes;OCC253836H;;HÔTEL RESTAURANT REPUTÉ;HCR / restauration / tourisme / loisirs;;Occitanie;625000;;10 à 20;600000;;;;"CA annoncé: de 500 à 750 k€; secteur TE: Hôtel-Restaurant avec ou sans bar"
Transentreprise;https://www.transentreprise.com/offres/fiche/ARA253767A/menuiserie-agencement/auvergne-rhone-alpes/savoie/tarentaise;ARA253767A;;MENUISERIE AGENCEMENT;Bâtiment / travaux publics / second œuvre;;Auvergne-Rhône-Alpes;1125000;;10 à 20;650000;retraite;;oui (cf. Transentreprise NAQ262549A);"CA annoncé: de 750 k€ à 1,5 M€; secteur TE: Travaux de finition (peinture, plâtrerie, menuiserie…)"
Transentreprise;https://www.transentreprise.com/offres/fiche/NAQ253730P/production-textile/nouvelle-aquitaine/pyrenees-atlantiques;NAQ253730P;;PRODUCTION TEXTILE;Industrie / production / fabrication;;Nouvelle-Aquitaine;;;21 à 50;1000000;;;;"CA annoncé: NC; secteur TE: Industrie textile, habillement, cuir, chaussures"
Transentreprise;https://www.transentreprise.com/offres/fiche/IDF253674P/equipements-industriels/ile-de-france;IDF253674P;;EQUIPEMENTS INDUSTRIELS;Négoce / distribution B2B;;Île-de-France;3000000.0;;10 à 20;;depart a la retraite;;;"CA annoncé: > 3 M€; secteur TE: Commerce de gros produits non alimentaires"
Transentreprise;https://www.transentreprise.com/offres/fiche/ARA253649C/services-a-la-personnes/auvergne;ARA253649C;;SERVICES A LA PERSONNES;Services à la personne / santé à domicile;;Auvergne-Rhône-Alpes;;;10 à 20;195000;;;;"CA annoncé: NC; secteur TE: Services à la personne (ménage, portage repas, garde enfants…)"
Transentreprise;https://www.transentreprise.com/offres/fiche/GDE253599A/boulangerie-patisserie-salon-de-the/grand-est/bas-rhin/arrond-saverne;GDE253599A;;BOULANGERIE, PÂTISSERIE SALON DE THÉ;HCR / restauration / tourisme / loisirs;;Grand Est;625000;;10 à 20;290000;;;;"CA annoncé: de 500 à 750 k€; secteur TE: Boulangerie, pâtisserie, chocolaterie…"
Transentreprise;https://www.transentreprise.com/offres/fiche/ARA253396C/restauration-rapide-:-pizzas/auvergne-rhone-alpes/puy-de-dome/clermont-ferrand;ARA253396C;;RESTAURATION RAPIDE : PIZZAS;Autres / non classé;;Auvergne-Rhône-Alpes;625000;;10 à 20;750000;retraite;;;"CA annoncé: de 500 à 750 k€; secteur TE: Restauration rapide"
Transentreprise;https://www.transentreprise.com/offres/fiche/NOR253252A/serv-a-la-p-fichier-jardin-buchy-plat-ne-rouen/normandie/seine-maritime/sect-de-rouen;NOR253252A;;SERV. A LA P. FICHIER JARDIN BUCHY PLAT. N.E ROUEN;Services à la personne / santé à domicile;;Normandie;275000;;10 à 20;80000;nouveau projet;;;"CA annoncé: de 200 à 350 k€; secteur TE: Services à la personne (ménage, portage repas, garde enfants…)"
Transentreprise;https://www.transentreprise.com/offres/fiche/BFC237843P/travaux-publics-terrassement-location-materiel/bourgogne-franche-comte/saone-et-loire;BFC237843P;;TRAVAUX PUBLICS, TERRASSEMENT, LOCATION MATÉRIEL;Négoce / distribution B2B;;Bourgogne-Franche-Comté;2250000;;10 à 20;1100000;retraite;;;"CA annoncé: de 1,5 à 3 M€; secteur TE: Travaux publics, terrassement"
Transentreprise;https://www.transentreprise.com/offres/fiche/ARA253055C/bar-restaurant-de-station/auvergne-rhone-alpes/savoie/maurienne;ARA253055C;;BAR RESTAURANT DE STATION;HCR / restauration / tourisme / loisirs;;Auvergne-Rhône-Alpes;425000;;10 à 20;310000;;;;"CA annoncé: de 350 à 500 k€; secteur TE: Restaurant avec ou sans bar"
Transentreprise;https://www.transentreprise.com/offres/fiche/GDE237782A/fonds-de-couverture-zinguerie-etancheite/grand-est/meuse/arrond-commercy;GDE237782A;;FONDS DE COUVERTURE/ZINGUERIE/ETANCHEITE;Bâtiment / travaux publics / second œuvre;;Grand Est;1125000;;10 à 20;750000;;;;"CA annoncé: de 750 k€ à 1,5 M€; secteur TE: Gros œuvre : charpente, étanchéité"
Transentreprise;https://www.transentreprise.com/offres/fiche/IDF252569P/agence-evenementielle-communication-voyage/ile-de-france;IDF252569P;;AGENCE EVENEMENTIELLE, COMMUNICATION, VOYAGE;Communication / marketing / édition / imprimerie / PLV;;Île-de-France;3000000.0;;21 à 50;;;;;"CA annoncé: > 3 M€; secteur TE: Autres services aux entreprises"
Transentreprise;https://www.transentreprise.com/offres/fiche/CEN252557A/peinture-revetements-ravalement/centre-val-de-loire/eure-et-loir/arrond-de-dreux;CEN252557A;;PEINTURE REVETEMENTS RAVALEMENT;Bâtiment / travaux publics / second œuvre;;Centre-Val de Loire;1125000;;10 à 20;280000;;;;"CA annoncé: de 750 k€ à 1,5 M€; secteur TE: Travaux de finition (peinture, plâtrerie, menuiserie…)"
Transentreprise;https://www.transentreprise.com/offres/fiche/NAQ252444P/recyclage-et-plasturgie/nouvelle-aquitaine/pyrenees-atlantiques;NAQ252444P;;RECYCLAGE ET PLASTURGIE;Industrie / production / fabrication;;Nouvelle-Aquitaine;;;21 à 50;1500000;;;;"CA annoncé: NC; secteur TE: Chimie, plastique, parachimie"
Transentreprise;https://www.transentreprise.com/offres/fiche/ARA252272A/brasserie-pub-glacier/auvergne-rhone-alpes/drome;ARA252272A;;BRASSERIE PUB GLACIER;HCR / restauration / tourisme / loisirs;;Auvergne-Rhône-Alpes;1125000;;21 à 50;800000;;;;"CA annoncé: de 750 k€ à 1,5 M€; secteur TE: Restaurant avec ou sans bar"
Transentreprise;https://www.transentreprise.com/offres/fiche/OCC252191P/fdc-entreprise-de-fabrication-et-pose-menuiserie/occitanie/aveyron;OCC252191P;;FDC ENTREPRISE DE FABRICATION ET POSE MENUISERIE;Bâtiment / travaux publics / second œuvre;;Occitanie;2250000;;10 à 20;;retraite;;;"CA annoncé: de 1,5 à 3 M€; secteur TE: Travaux de finition (peinture, plâtrerie, menuiserie…)"
Transentreprise;https://www.transentreprise.com/offres/fiche/171H4218/restaurant-bar-brasserie-200-cvts/nouvelle-aquitaine/charente-maritime/la-rochelle-rochefort-et-leurs-environs;171H4218;;RESTAURANT BAR BRASSERIE 200 CVTS;HCR / restauration / tourisme / loisirs;;Nouvelle-Aquitaine;425000;;10 à 20;514560;;;;"CA annoncé: de 350 à 500 k€; secteur TE: Restaurant avec ou sans bar"
Transentreprise;https://www.transentreprise.com/offres/fiche/CEN251818A/metallerie-serrurerie-menuiserie-aluminium/centre-val-de-loire/cher/environs-de-bourges;CEN251818A;;MÉTALLERIE-SERRURERIE-MENUISERIE ALUMINIUM;Bâtiment / travaux publics / second œuvre;;Centre-Val de Loire;;;10 à 20;;depart a la retraite;;;"CA annoncé: NC; secteur TE: Travaux de finition (peinture, plâtrerie, menuiserie…)"
Transentreprise;https://www.transentreprise.com/offres/fiche/522A0093/boucherie-charcuterie-traiteur/grand-est/haute-marne/arrond-langres;522A0093;;BOUCHERIE CHARCUTERIE TRAITEUR;HCR / restauration / tourisme / loisirs;;Grand Est;1125000;;10 à 20;240000;;;;"CA annoncé: de 750 k€ à 1,5 M€; secteur TE: Boucherie, charcuterie, traiteur…"
Transentreprise;https://www.transentreprise.com/offres/fiche/ARA250686H/restaurant-a-theme/auvergne-rhone-alpes/drome/region-valence;ARA250686H;;RESTAURANT A THEME;HCR / restauration / tourisme / loisirs;;Auvergne-Rhône-Alpes;1125000;;21 à 50;1113000;;;;"CA annoncé: de 750 k€ à 1,5 M€; secteur TE: Restaurant avec ou sans bar"
Transentreprise;https://www.transentreprise.com/offres/fiche/ARA251147C/entreprise-construction-chalets-bois/auvergne-rhone-alpes/savoie/chambery-metropole-savoie;ARA251147C;;ENTREPRISE CONSTRUCTION CHALETS BOIS;Bâtiment / travaux publics / second œuvre;;Auvergne-Rhône-Alpes;;;10 à 20;1150000;;;;"CA annoncé: NC; secteur TE: Gros œuvre : charpente, étanchéité"
Transentreprise;https://www.transentreprise.com/offres/fiche/715H0738/hotel-restaurant/bourgogne-franche-comte/saone-et-loire/arrond-macon;715H0738;;HOTEL RESTAURANT;HCR / restauration / tourisme / loisirs;;Bourgogne-Franche-Comté;625000;;10 à 20;350000;;;oui (cf. Transentreprise 2B1C0030);"CA annoncé: de 500 à 750 k€; secteur TE: Hôtel-Restaurant avec ou sans bar"
Transentreprise;https://www.transentreprise.com/offres/fiche/ARA250605H/restaurant-traditionnel/auvergne-rhone-alpes/savoie;ARA250605H;;RESTAURANT TRADITIONNEL;HCR / restauration / tourisme / loisirs;;Auvergne-Rhône-Alpes;1125000;;10 à 20;750000;;;;"CA annoncé: de 750 k€ à 1,5 M€; secteur TE: Restaurant avec ou sans bar"
Transentreprise;https://www.transentreprise.com/offres/fiche/GDE250177A/maintenance-industrielle-chaudronnerie/grand-est/ardennes/arrond-charleville-mezieres;GDE250177A;;MAINTENANCE INDUSTRIELLE - CHAUDRONNERIE;Industrie / production / fabrication;;Grand Est;1125000;;10 à 20;700000;;;;"CA annoncé: de 750 k€ à 1,5 M€; secteur TE: Travail des métaux"
Transentreprise;https://www.transentreprise.com/offres/fiche/NOR250005A/societe-de-vente-vo-mecanique-carrosserie/normandie/manche/vallee-de-la-vire;NOR250005A;;SOCIETE DE VENTE VO MECANIQUE CARROSSERIE;Automobile / 2 roues / nautisme;;Normandie;2250000;;10 à 20;500000;;;;"CA annoncé: de 1,5 à 3 M€; secteur TE: Vente/réparation autos"
Transentreprise;https://www.transentreprise.com/offres/fiche/NAQ249916A/act-vente-reparation-automobile-saint-sever/nouvelle-aquitaine/landes/mont-de-marsan-et-arrond;NAQ249916A;;ACT. VENTE RÉPARATION AUTOMOBILE SAINT SEVER;Automobile / 2 roues / nautisme;;Nouvelle-Aquitaine;2250000;;10 à 20;;retraite;;;"CA annoncé: de 1,5 à 3 M€; secteur TE: Vente/réparation autos"
Transentreprise;https://www.transentreprise.com/offres/fiche/IDF249854P/organisme-de-formation-en-langues/ile-de-france;IDF249854P;;ORGANISME DE FORMATION EN LANGUES;Formation professionnelle / organisme de formation;;Île-de-France;1125000;;10 à 20;;depart a la retraite;;;"CA annoncé: de 750 k€ à 1,5 M€; secteur TE: Enseignement"
Transentreprise;https://www.transentreprise.com/offres/fiche/IDF249859P/impression-numerique/ile-de-france;IDF249859P;;IMPRESSION NUMERIQUE;Services informatiques / ESN / éditeur de logiciel;;Île-de-France;;;10 à 20;;depart a la retraite;;;"CA annoncé: NC; secteur TE: Imprimerie, industrie graphique"
Transentreprise;https://www.transentreprise.com/offres/fiche/GDE249823A/boulangerie-patisserie-thaon-les-vosges/grand-est/vosges/arrond-epinal;GDE249823A;;BOULANGERIE PÂTISSERIE - THAON LES VOSGES;HCR / restauration / tourisme / loisirs;;Grand Est;1125000;;10 à 20;700000;;;;"CA annoncé: de 750 k€ à 1,5 M€; secteur TE: Boulangerie, pâtisserie, chocolaterie…"
Transentreprise;https://www.transentreprise.com/offres/fiche/GDE249425A/boulangerie-patisserie/grand-est/vosges/arrond-saint-die-des-vosges;GDE249425A;;BOULANGERIE PATISSERIE;HCR / restauration / tourisme / loisirs;;Grand Est;625000;;10 à 20;350000;;;oui (cf. Transentreprise HDF259780A);"CA annoncé: de 500 à 750 k€; secteur TE: Boulangerie, pâtisserie, chocolaterie…"
Transentreprise;https://www.transentreprise.com/offres/fiche/NAQ248990H/bar-brasserie-restaurant/nouvelle-aquitaine/charente-maritime/royan-et-ses-environs;NAQ248990H;;BAR BRASSERIE RESTAURANT;HCR / restauration / tourisme / loisirs;;Nouvelle-Aquitaine;625000;;10 à 20;599990;;;;"CA annoncé: de 500 à 750 k€; secteur TE: Restaurant avec ou sans bar"
Transentreprise;https://www.transentreprise.com/offres/fiche/3942P0150/transports-routiers-marchandises/hauts-de-france/oise;3942P0150;;TRANSPORTS ROUTIERS MARCHANDISES;Transport & logistique (commissionnaire, affrètement);;Hauts-de-France;3000000.0;;21 à 50;;retraite;;;"CA annoncé: > 3 M€; secteur TE: Transports de marchandises"
Transentreprise;https://www.transentreprise.com/offres/fiche/GDE242785A/protection-incendie/grand-est/moselle/arrond-thionville;GDE242785A;;PROTECTION INCENDIE;Bâtiment / travaux publics / second œuvre;;Grand Est;2250000;;10 à 20;;retraite;;;"CA annoncé: de 1,5 à 3 M€; secteur TE: Travaux d'installation électrique, plomberie, chauffage..."
Transentreprise;https://www.transentreprise.com/offres/fiche/IDF242370P/installation-maintenance-genie-climatique/ile-de-france;IDF242370P;;INSTALLATION MAINTENANCE GÉNIE CLIMATIQUE;Bâtiment / travaux publics / second œuvre;;Île-de-France;2250000;;10 à 20;;;;;"CA annoncé: de 1,5 à 3 M€; secteur TE: Travaux d'installation électrique, plomberie, chauffage..."
Transentreprise;https://www.transentreprise.com/offres/fiche/IDF242114P/cession-agence-digitale-web-markerting/ile-de-france/paris;IDF242114P;;CESSION AGENCE DIGITALE / WEB MARKERTING;Services informatiques / ESN / éditeur de logiciel;;Île-de-France;1125000;;10 à 20;;depart a la retraite;;;"CA annoncé: de 750 k€ à 1,5 M€; secteur TE: Conseil, conception, édition, héberg., traitement données"
Transentreprise;https://www.transentreprise.com/offres/fiche/ARA241335A/boulangerie-patisserie/auvergne-rhone-alpes/ardeche/arrond-de-tournon;ARA241335A;;BOULANGERIE PÂTISSERIE;HCR / restauration / tourisme / loisirs;;Auvergne-Rhône-Alpes;625000;;10 à 20;;;;oui (cf. Transentreprise HDF259780A);"CA annoncé: de 500 à 750 k€; secteur TE: Boulangerie, pâtisserie, chocolaterie…"
Transentreprise;https://www.transentreprise.com/offres/fiche/ARA241297A/patisserie-chocolaterie-salon-de-the/auvergne-rhone-alpes/puy-de-dome/agglo-de-clermont-ferrand;ARA241297A;;PATISSERIE CHOCOLATERIE SALON DE THE;HCR / restauration / tourisme / loisirs;;Auvergne-Rhône-Alpes;1125000;;10 à 20;340000;;;;"CA annoncé: de 750 k€ à 1,5 M€; secteur TE: Boulangerie, pâtisserie, chocolaterie…"
Transentreprise;https://www.transentreprise.com/offres/fiche/GDE240985A/boulangerie-patisserie/grand-est/moselle/arrond-forbach-boulay-moselle;GDE240985A;;BOULANGERIE - PATISSERIE;HCR / restauration / tourisme / loisirs;;Grand Est;625000;;10 à 20;340000;depart a la retraite;;oui (cf. Transentreprise HDF259780A);"CA annoncé: de 500 à 750 k€; secteur TE: Boulangerie, pâtisserie, chocolaterie…"
