source;url;ref;date;activite;secteur;naf;region;ca;ebe;effectif;prix;raison;dependance;doublon_probable;notes
CRA;https://www.cra.asso.fr/opportunite-reprise.aspx?num=18824;N°18824;;"Distribution Produits ""Bien-Etre""";Négoce / distribution B2B;47 - Commerce de détail, à l'exception des automobiles et des motocycles;Provence-Alpes-Côte d'Azur;400000;;;145000;Changement de vie;;;"Distribution produits ""bien-être"" par l'intermédiaire de ""market place"" (80%), le reste par le site Web (www.encens.fr) Gamme de produits : minéraux, Encens, bougies, bijoux, articles ésotériques Clientèle essentiellement B to C CA récurrent sur les dernières années (400 K€) Atout important: ancienneté (12 ans) et notoriété Amazon (95 % satisfaction) Entreprise délocalisable sans difficulté EBITDA"
CRA;https://www.cra.asso.fr/opportunite-reprise.aspx?num=18821;N°18821;;Entreprise de distribution d’électroménager et de multimédia;Services informatiques / ESN / éditeur de logiciel;4651Z - Commerce de gros (commerce interentreprises) d'ordinateurs, d'équipements informatiques périphériques et de logiciels;Auvergne-Rhône-Alpes;4700000;;;2200000;;;;Cette société exploite plusieurs magasins spécialisés dans la vente et la réparation de produits multimédia et électroménager. Son expertise couvre l’image, le son, les articles culinaires, le petit et gros électroménager ainsi que la pose d’antennes. L’activité repose majoritairement sur une clientèle de particuliers (95 % du chiffre d’affaires) et compte environ 90.000 clients au total, dont 25.
CRA;https://www.cra.asso.fr/opportunite-reprise.aspx?num=18815;N°18815;;Emballages pour professionnels Grand Ouest France.;Communication / marketing / édition / imprimerie / PLV;4619B - Autres intermédiaires du commerce en produits divers;Bretagne;2800000;;;3000000;Retraite;;;PME familiale créée par la Co- Dirigeante en 2004 avec pour activité initiale le papier cadeau auprès de commerçants, qui a ensuite évolué vers la commercialisation de packaging et d'emballages publicitaires qualitatifs et personnalisés auprès d'une clientèle sensible à l'emballage cadeau luxueux.
CRA;https://www.cra.asso.fr/opportunite-reprise.aspx?num=18813;N°18813;;Bureau d'études ingénierie et machines spéciales;Bureau d'études / ingénierie / diagnostics;7490B - Autres activités spécialisées, scientifiques et techniques;Grand Est;2800000;;;1900000;Retraite;;;Cette entreprise qui sert un marché de niche mondial, est appréciée de ses clients industriels pour la compréhension de leur métier, la qualité de ses réalisations et son service après-vente. Elle conviendrait à un repreneur de formation technique. Bénéficiant d’une solide expérience à l’international et à l’aise en langue anglaise, il s’occupera de la vente, de la prospection et de la relation cl
CRA;https://www.cra.asso.fr/opportunite-reprise.aspx?num=18806;N°18806;;Bureau d'ingénierie et études techniques charpentes, diagnostics solidités structures.;Bureau d'études / ingénierie / diagnostics;"7112B - Activités d'architecture et d'ingénierie ; activités de contrôle et analyses techniques";Bretagne;744307;;;990000;Retraite;;;il s'agit d'un bureau d'Ingénierie – Etudes techniques pour les charpentes bois, acier, aluminium, béton – études de fondations – dimensionnement d’ouvrages d’art, silos – diagnostic de solidité structures – structures de panneaux solaires, trackers…
CRA;https://www.cra.asso.fr/opportunite-reprise.aspx?num=18802;N°18802;;Agence de trade marketing et supports de communication;Communication / marketing / édition / imprimerie / PLV;7311Z - Publicité et études de marché;Nouvelle-Aquitaine;4000000;;;2100000;Réorientation professionnelle;;;Depuis plus de 30 ans, la société est spécialisée dans la conception et la fabrication de supports de communication pour des marques nationales et internationales. Son savoir-faire lui permet d’être un acteur reconnu pour son expertise en design d'espaces et d'objets de communication, au service d'une clientèle de premier plan, notamment dans les secteurs du luxe, de l'optique et de l'Action Sport
CRA;https://www.cra.asso.fr/opportunite-reprise.aspx?num=18800;N°18800;;Opportunité de reprise – distribution B2B de produits alimentaires;Négoce / distribution B2B;4639A - Commerce de gros (commerce interentreprises) de produits surgelés;Provence-Alpes-Côte d'Azur;1673568;;;1100000;Retraite;;;TPE indépendante spécialisée dans la distribution de produits alimentaires auprès d'une clientèle professionnelle fidèle en restauration et traiteurs. Créée il y a plusieurs décennies, l'entreprise bénéficie d'une excellente réputation locale, d'une clientèle récurrente et d'un savoir-faire reconnu. Son organisation légère et sa structure financière saine lui permettent de générer des résultats po
CRA;https://www.cra.asso.fr/opportunite-reprise.aspx?num=18799;N°18799;;Cabinet conseil en relations humaines;Recrutement / intérim / RH / paie;"7022Z - Activités des sièges sociaux ; conseil de gestion";Île-de-France;1038000;;;1100000;Retraite;;;Ce cabinet de conseil, de 8 salariés et 3 indépendants, est aujourd’hui reconnu comme un acteur historique du recrutement au service du secteur associatif. Ses activités principales sont le recrutement (77% du CA), les bilans de compétence (10%), le conseil (7%). Il s'appuie sur une très forte notoriété et des collaborateurs engagés. Sa situation financière est très saine et ses perspectives de dé
CRA;https://www.cra.asso.fr/opportunite-reprise.aspx?num=18798;N°18798;;Distribution et fabrication de vêtements personnalisés;Négoce / distribution B2B;1419Z - Industrie de l'habillement;Pays de la Loire;1104000;;;750000;Réorientation professionnelle;;;Société créée en 2018, spécialisée dans la distribution B2B d'équipements de protection individuelle (EPI) et de vêtements de travail et d'images personnalisées, avec un atelier intégré de broderie et de transfert. 190 clients actifs, 95 % de chiffre d'affaire récurrent, aucun endettement. Force de vente terrain en place, ADV, site marchand et e-shops dédiés par client. Entreprise saine et structu
CRA;https://www.cra.asso.fr/opportunite-reprise.aspx?num=18796;N°18796;;Beau réseau de distribution d'articles de chasse et de pêche;Communication / marketing / édition / imprimerie / PLV;4618Z - Intermédiaires spécialisés dans le commerce d'autres produits spécifiques;Bourgogne-Franche-Comté;1110000;;;225000;Changement de vie;;;Vente fonds de commerce à 225 000 euros plus stock à 700 000€: Très belle affaire de négoce de produits/accessoires et matériel pour la chasse et la pêche , en Bourgogne sud , 5 magasins , très bien implantée géographiquement dans une région de pêche et de chasse ( dept leader pour les cartes de péches et importantes pour les permis de chasse) , personnels autonomes et compétents, très beau positi
CRA;https://www.cra.asso.fr/opportunite-reprise.aspx?num=18795;N°18795;;Expertise en optimisation des charges sociales;Recrutement / intérim / RH / paie;"7022Z - Activités des sièges sociaux ; conseil de gestion";Normandie;2000000;;;3500000;Retraite;;;Nous accompagnons des entreprises de toutes tailles et de tous secteurs d'activité dans l'analyse de leurs pratiques sur les charges sociales, la sécurisation de leurs dispositifs et la recherche d'optimisations souvent méconnues. Nos interventions concernent principalement les cotisations prélevées par les l'URSSAF, mais également avec d'autres organismes tels que CGSS ou la MSA Notre mission est
CRA;https://www.cra.asso.fr/opportunite-reprise.aspx?num=18792;N°18792;;societe de nettoyage industriel;Propreté / nettoyage / multiservices;8122Z - Autres activités de nettoyage des bâtiments et nettoyage industriel;Auvergne-Rhône-Alpes;2200000;;;;Retraite;;;dossier présenté par intermédiaire. teaser en pièce jointe
CRA;https://www.cra.asso.fr/opportunite-reprise.aspx?num=18789;N°18789;;Vente d'une pépite informatique;Services informatiques / ESN / éditeur de logiciel;6209Z - Programmation, conseil et autres activités informatiques;Auvergne-Rhône-Alpes;1900000;;;10000000;Autres activités en parallèle;;;Croissance 2026 : +25% vs 2025 , EBE = 44 % du CA sur le dernier exercice , 8 ans d'existence , 16 collaborateurs, la meilleure offre produit du marché à date . Une percée en Belgique et de nombreuses possibilités de déploiement en Europe pourraient intéresser un entrepreneur expérimenté en développement commercial à grande échelle.
CRA;https://www.cra.asso.fr/opportunite-reprise.aspx?num=18788;N°18788;;Distribution alimentaire haut de gamme dans un secteur spécialisé;Négoce / distribution B2B;1089Z - Industries alimentaires;Nouvelle-Aquitaine;1200000;;;550000;Changement de vie;;;Socitée de Distribution Alimentaire de Haute Qualitée dans le secteur animalier, chiens, chats, animaux de compagnie divers, chevaux, etc etc Vente de compléments alimentaires, vente d'articles spécifiques, vente de friandises ( gros secteur) Emplacement à faible concurrence, clientèle de particuliers fidèles. ( plus de 1500)
CRA;https://www.cra.asso.fr/opportunite-reprise.aspx?num=18785;N°18785;;PME d’ingénierie et distribution de produits techniques – Rhône-Alpes;Bureau d'études / ingénierie / diagnostics;"7112B - Activités d'architecture et d'ingénierie ; activités de contrôle et analyses techniques";Auvergne-Rhône-Alpes;1660331;;;1350000;Retraite;;;L'entreprise est une structure reconnue pour son expertise technique dans l’étude, la prescription, la conception, la fourniture et la mise en place de solutions de contrôle clefs en main et de distribution de produits à haute technicité. Rayonne au niveau national complété par des flux d'affaires à l'international. Grâce à une forte culture technique et un rôle clé de prescription en amont, la so
CRA;https://www.cra.asso.fr/opportunite-reprise.aspx?num=18779;N°18779;;Distributeur indépendant de véhicules d'occasion;Négoce / distribution B2B;4520B - Commerce et réparation d'automobiles et de motocycles;Bourgogne-Franche-Comté;5600000;;;500000;Retraite;;;Entreprise familiale de référence, spécialisée dans la commercialisation de véhicules d'occasion toutes marques. Depuis plus de 60 ans, elle accompagne une clientèle de particuliers et de professionnels en proposant des véhicules rigoureusement sélectionnés, préparés et garantis. L'entreprise complète son offre par de nombreux services à valeur ajoutée : reprise de véhicules, financement, garantie
CRA;https://www.cra.asso.fr/opportunite-reprise.aspx?num=18777;N°18777;;Ste propriétaire exploitante - blanchisserie industrielle Bretagne Sud;Propreté / nettoyage / multiservices;9601B - blanchisserie et teinture;Bretagne;878000;;;1300000;Autres activités en parallèle;;;Cession 100% titres d'une société située en Bretagne Sud (insulaire) ayant une activité de blanchisserie industrielle B to B. Bel outil de production respectueux de l'environnement. Perspectives immédiates tres importantes de développement.
CRA;https://www.cra.asso.fr/opportunite-reprise.aspx?num=18774;N°18774;;Ingénierie informatique;Services informatiques / ESN / éditeur de logiciel;6209Z - Programmation, conseil et autres activités informatiques;Île-de-France;862000;;;350000;Retraite;;;"ESN (assistance technique chez les clients, domaine développements en Informatique de gestion). Domaines de compétences: 1 - Data (ETL, dashboards): 4 personnes; 2 - Internet et IA (dot.net, PHP): 2 personnes ; 3 - CRM Salesforce: 2 personnes; 4 - AMOA/AMOE: 1 personne. Pas d'endettement, pas de charges type locaux ou voitures, dirigeant actuel salarié. Effectif stable, profils jeunes, diplômés et"
CRA;https://www.cra.asso.fr/opportunite-reprise.aspx?num=18771;N°18771;;Agence de Recouvrement de Créances en Bretagne;Conseil / expertise / services administratifs aux entreprises (BPO);8291Z - Activités des agences de recouvrement de factures et des sociétés d'information financière sur la clientèle;Bretagne;1400000;;;550000;Changement de vie;;;Cette agence est chargée de recouvrer des créances pour 50% de son chiffre d'affaire pour des créances commerciales B to B représentant environ 5 % en volume et pour 50 % du chiffre d'affaires et 95% du volume pour des créances de particuliers pour des laboratoires médicaux et des hôpitaux.
CRA;https://www.cra.asso.fr/opportunite-reprise.aspx?num=18770;N°18770;;Entreprise structurée de Services à la Personne;Services à la personne / santé à domicile;9609Z - Autres services personnels;Île-de-France;1453000;;;810000;Retraite;;;Entreprise structurée de services à la personne, à activité récurrente de ménage et de maintien à domicile. Portefeuille clients diversifié, équipe en place et rentabilité normative attractive.
CRA;https://www.cra.asso.fr/opportunite-reprise.aspx?num=18754;N°18754;;Négoce de produits second oeuvre du bâtiment;Communication / marketing / édition / imprimerie / PLV;4676Z - Commerce de gros (commerce interentreprises) d'autres produits intermédiaires;Normandie;1457865;;;810000;Changement de vie;;;Négoce de produits du second œuvre en développement depuis 12 ans dans un grand centre urbain, où il fait bon vivre. L'entreprise bénéficie d’une clientèle diversifiée et récurrente de professionnels du bâtiment, elle accueille aussi des particuliers. Sa notoriété lui a permis de devenir un des principaux acteurs de son secteur, notamment grâce à plusieurs partenariats avec des marques premium, de
CRA;https://www.cra.asso.fr/opportunite-reprise.aspx?num=18749;N°18749;;Organisme de formation et centre de bilans de compétences;Formation professionnelle / organisme de formation;"7022Z - Activités des sièges sociaux ; conseil de gestion";Île-de-France;840000;;;290000;Autres activités en parallèle;;;Organisme de formation et centre de bilans de compétences, avec une expertise sur le handicap qui intervient auprès des acteurs de l’insertion, des associations et des entreprises. Son catalogue est riche de 47 formations dans 6 domaines, dont le management, l'accompagnement insertion et l'inclusion/santé/handicap. Il accompagne depuis 2003 le développement des compétences et la mobilité professio
CRA;https://www.cra.asso.fr/opportunite-reprise.aspx?num=18747;N°18747;;Portefeuille d'assurances;Courtage assurance / intermédiation financière;6622Z - Activités auxiliaires de services financiers et d'assurance;Île-de-France;503569;;;700000;Changement de vie;;;Portefeuille d'assurances réparti équitablement sur trois marchés principaux, le particulier, le syndic de copropriété et les professionnels / entreprises. Taux de renouvellement annuel des contrats de 89%. Progression du CA de 5 à 7% par an. Equipe expérimentée et stable. Charges maitrisées. Profil recherché commercial expérimenté dans le service.
CRA;https://www.cra.asso.fr/opportunite-reprise.aspx?num=18742;N°18742;;Fabrication et vente d'emballages en bois;Négoce / distribution B2B;1624Z - Fabrication d'emballages en bois;Provence-Alpes-Côte d'Azur;8200000;;;2900000;Retraite;;;Entreprise reconnue dans la fabrication et la commercialisation d’emballages en bois, cette société bénéficie d’une forte notoriété sur son marché et s’appuie sur une clientèle variée et fidèle. Son positionnement s’inscrit pleinement dans les enjeux actuels, grâce à des produits à forte valeur écologique et respectueux de l’environnement. Elle dispose d’un important potentiel de développement, po
CRA;https://www.cra.asso.fr/opportunite-reprise.aspx?num=18736;N°18736;;Conseil et vente de prothèses capillaires en institut et en ligne;Conseil / expertise / services administratifs aux entreprises (BPO);9609Z - Autres services personnels;Île-de-France;1050000;;;700000;Retraite;;;Entreprise de vente par internet et dans un institut à Paris de produits de coiffures, perruques naturelles et produits capillaires. Affaire profitable, saine et très peu endettée, évoluant dans un secteur relativement indépendant de la conjoncture et présentant des perspectives de développement.
CRA;https://www.cra.asso.fr/opportunite-reprise.aspx?num=18735;N°18735;;Distributeur materiels agricoles : vente / entretien Bourgogne du sud;Communication / marketing / édition / imprimerie / PLV;4614Z - Intermédiaires du commerce en machines, équipements industriels, navires et avions;Bourgogne-Franche-Comté;8300000;;;2700000;Autres activités en parallèle;;;Distributeur de matériels agricoles, très forte réputation locale du fait de son ancienneté et de son SAV de grande qualité. Agent pour les tracteurs et concessionnaire pour les outils tractés . Belle implantation sur deux sites de vente : un au nord, l'autre au sud du 71.
CRA;https://www.cra.asso.fr/opportunite-reprise.aspx?num=18729;N°18729;;Production et négoce - produits de la mer;Négoce / distribution B2B;0150Z - Culture et production animale, chasse et services annexes;Bretagne;4000000;;;3500000;Autres activités en parallèle;;;Deux activités : - Production de coquillages : toute la chaîne allant des parcs en mer , du matériel de récolte , de purification, de tri , de conditionnement , jusqu'aux expéditions - Négoce de produits de la mer : approvisionnement , purification , tri , conditionnement , expédition sur la France et l'étranger La valorisation comprend les terrains et les bâtiments
CRA;https://www.cra.asso.fr/opportunite-reprise.aspx?num=18726;N°18726;;Location vaisselle, mobilier et matériel de cuisine;Négoce / distribution B2B;7739Z - Activités de location et location-bail;Occitanie;1380000;;;18726;Retraite;;;Société créé en 2001, l’entreprise loue de la vaisselle pour les traiteurs, les administrations, les sociétés événementielles et les particuliers puis s’est diversifiée sur la location de mobilier et de matériel de cuisine. Les deux fils de la dirigeante travaillent dans l’entreprise. L'un des 2 souhaite quitter l'entreprise La dirigeante a 71 ans et vend pour partir à la retraite
CRA;https://www.cra.asso.fr/opportunite-reprise.aspx?num=18723;N°18723;;Négoce mobilier et décoration;Négoce / distribution B2B;4753Z - Commerce de détail de tapis, moquettes et revêtements de murs et de sols en magasin spécialisé;Pays de la Loire;450000;;;190000;Réorientation professionnelle;;;Entreprise spécialisée dans le commerce du mobilier et de la décoration de la maison recherche un repreneur pour renforcer sa présence dans la ville moyenne ou elle bénéficie d'une bonne visibilité géographique. Dotée d'une surface de vente de 500 M2 et de 450M2 de stockage , d'un parking de 40 places avec 2 entrées -sorties , l'entreprise dispose d'un environnement idéal pour l'accueil des client
CRA;https://www.cra.asso.fr/opportunite-reprise.aspx?num=18720;N°18720;;Négoce d'aliments et friandises pour chiens et chats;Négoce / distribution B2B;4621Z - Commerce de gros (commerce interentreprises) de céréales, de tabac non manufacturé, de semences et d'aliments pour le bétail;Île-de-France;1800000;;;1800000;Retraite;;;Cette société de négoce pur, distribue des aliments et friandises pour chiens et chats dans des circuits tels que la grande distribution, les animaleries, vétérinaires, salons de toilettage. Une opportunité rare sur un secteur porteur. Forte rentabilité . Implantée depuis plus de 30 ans sur son marché, sans aucune dette financière, elle dispose d'une trésorerie structurellement excédentaire. CA en
CRA;https://www.cra.asso.fr/opportunite-reprise.aspx?num=18714;N°18714;;TOTEM, agence digitale et médias depuis 1989;Services informatiques / ESN / éditeur de logiciel;"7022Z - Activités des sièges sociaux ; conseil de gestion";Auvergne-Rhône-Alpes;750;;;850;Autres activités en parallèle;;;Agence de communication digital Créé en 1989 Hervé Bigal a créé cette agence et l'a développée. Deux axes solides Les relations média/influence et le digital. 1 relation presse & influence: conception et déploiement de stratégies de notoriété. 2 digital & SEO accompagnement dans la transformation numérique des marques communication de crise: anticipation, gestion et résolution des situations de se
CRA;https://www.cra.asso.fr/opportunite-reprise.aspx?num=18711;N°18711;;Réseau d’instituts de beauté et centre de formation en épilation;Formation professionnelle / organisme de formation;4775Z - Commerce de détail de parfumerie et de produits de beauté en magasin spécialisé;Île-de-France;2329000;;;1400000;Retraite;;;Les salons de beauté Pyrene, réseau de 8 instituts de beauté (3 en propre et 5 en affiliation), commercialisent l’ensemble des soins des salons de beauté avec une forte spécialisation pour l’épilation définitive selon 2 méthodes : l’électro-épilation et la photo-épilation dont Pyrene a été le pionnier en France. Le centre de formation, créé en 2020, est dédié à l’apprentissage des 2 méthodes d’épi
CRA;https://www.cra.asso.fr/opportunite-reprise.aspx?num=18710;N°18710;;Franchise rentable de services à la personne d’une enseigne leader;Services informatiques / ESN / éditeur de logiciel;8810A - Action sociale sans hébergement;Île-de-France;1500000;;;1300000;Retraite;;;Il s'agit de l'une des plus anciennes, plus importantes et plus rentables franchises d'une marque leader en France d'aide à domicile aux personnes dépendantes (partenaire du CRA) avec une exclusivité sur 3 zones très peuplées de Paris avec un fort pouvoir d'achat. Elle est d'autant moins concurrencée qu'elle bénéficie d'une barrière à l'entrée provenant de l'absence de nouvelles accréditations dir
CRA;https://www.cra.asso.fr/opportunite-reprise.aspx?num=18704;N°18704;;Société de services à la personne;Services informatiques / ESN / éditeur de logiciel;8810A - Action sociale sans hébergement;;1340000;;;1300000;Retraite;;;Société de services à la personne implantée depuis 20 ans sur son territoire, bénéficiant d’une solide réputation locale et évoluant sur un marché structurellement porteur lié au vieillissement de la population. L’entreprise dispose d’un agrément couvrant la Loire (42) et d’une organisation pleinement conforme aux exigences réglementaires du secteur.
CRA;https://www.cra.asso.fr/opportunite-reprise.aspx?num=18702;N°18702;;Agence de communication;Communication / marketing / édition / imprimerie / PLV;1812Z - Imprimerie et reproduction d'enregistrements;Bretagne;935000;;;18702;Retraite;;;Agence de communication - Bretagne Agence de communication multi-activités : elle conçoit un concept visuel pour chaque Client et fabrique les Produits qu’elle leur propose. Print Petit Format, Print Grand Format, Fabricant d’Enseignes et de Supports d’affichage extérieur, Décoration intérieure ou extérieure. L’Agence est autonome sur ses créations et ses fabrications, ceci permettant une réactivi
CRA;https://www.cra.asso.fr/opportunite-reprise.aspx?num=18698;N°18698;;Vente et installation ouvrants et vérandas;Négoce / distribution B2B;4752A - Commerce de détail de quincaillerie, peintures et verres en petites surfaces (moins de 400 m2);Centre-Val de Loire;1500000;;;300000;Retraite;;;Située en région centre, SARL indépendante concessionnaire de l’un des 3 plus grands réseaux leaders Français de la menuiserie et vérandas. Implanté depuis plus de 30 ans dans le marché de la rénovation destinée aux particuliers. Elle se compose de deux points de ventes avec show-room à jour des dernières innovations produits. Cette entreprise est animée par des équipes stables et performantes. Sa
CRA;https://www.cra.asso.fr/opportunite-reprise.aspx?num=18697;N°18697;;Nettoyage intervenant en support des chantiers de rénovation en IdF;Propreté / nettoyage / multiservices;8121Z - Nettoyage courant des bâtiments;Île-de-France;1078000;;;550000;Raison Familiale/Personnelle;;;Cession de 100 % des titres d'une société de nettoyage de bureaux en forte croissance, qui intervient également en tant que prestataire sur des chantiers « à taille humaine » de rénovation de bureaux en Région Parisienne. Affaire transmise par un intermédiaire
CRA;https://www.cra.asso.fr/opportunite-reprise.aspx?num=18695;N°18695;;Vente de logiciels BtoB gestion d’infrastructures IT / cybersécurité;Services informatiques / ESN / éditeur de logiciel;6209Z - Programmation, conseil et autres activités informatiques;Île-de-France;699443;;;500000;Retraite;;;Distribution de Logiciels informatiques spécialisés de Gestion et de renforcement de la sécurité de l’infrastructure IT, des données et des réseaux d’entreprises. Vente des services associés : maintenance/support technique et prestations de services
CRA;https://www.cra.asso.fr/opportunite-reprise.aspx?num=18691;N°18691;;Groupe de magasins spécialisés création et distribution textile;Négoce / distribution B2B;1399Z - Fabrication de textiles;Bretagne;3000000;;;3500000;Changement de vie;;;Groupe structuré opérant sur un marché de niche à forte identité, bénéficiant d’une clientèle fidèle et d’un important flux touristique. L’entreprise développe et commercialise ses propres collections à travers un réseau de points de vente idéalement implantés dans des zones à forte fréquentation. Son modèle repose sur une combinaison performante entre création, approvisionnement maîtrisé et distr
CRA;https://www.cra.asso.fr/opportunite-reprise.aspx?num=18689;N°18689;;Distribution de matériel médical;Négoce / distribution B2B;4774Z - Commerce de détail d'articles médicaux et orthopédiques en magasin spécialisé;Île-de-France;1500000;;;1400000;Autres activités en parallèle;;;Société de distribution de dispositifs médicaux (lits médicalisés, fauteuils roulants, consommables) auprès d'une clientèle de particuliers et professionnels de santé - à la location et à la vente - agrément sécurité sociale.
CRA;https://www.cra.asso.fr/opportunite-reprise.aspx?num=18686;N°18686;;Vente de produits sur le web;Services informatiques / ESN / éditeur de logiciel;4791B - Vente à distance sur catalogue spécialisé;Bretagne;300000;;;180000;Changement de vie;;;Projet de vente du fonds de commerce. le prix indiqué comprend l'évaluation du Stock estimé à 70 000€ Entreprise de vente en ligne de produits textiles en lien avec le monde maritime. Activité en B to C à 95%. L'activité du site internet est actuellement est actuellement en référencement naturel seul. ce qui permet d'envisager un développement important par l'achat de mots clés et de mise en place
CRA;https://www.cra.asso.fr/opportunite-reprise.aspx?num=18684;N°18684;;Entreprise à vendre - Transporteur routier de marchandises;Transport & logistique (commissionnaire, affrètement);4941A - Transports terrestres et transport par conduites;Normandie;5000000;;;18684;Retraite;;;AFFAIRE TRANSMISE PAR UN INTERMEDIAIRE. La société est un acteur du transport routier de marchandises générales, implanté en Normandie. Elle bénéficie de plus de 25 ans d’expérience et d’une expertise reconnue dans l’organisation des flux. Elle se positionne sur des prestations fiables, réactives et adaptées aux besoins de ses clients. L’organisation des flux en aller-retour (backhaul) permet de l
CRA;https://www.cra.asso.fr/opportunite-reprise.aspx?num=18683;N°18683;;Plateforme d’intermédiation admin. des artistes du spectacle vivant;Communication / marketing / édition / imprimerie / PLV;9004Z - Activités créatives, artistiques et de spectacle;Île-de-France;2916000;;;1200000;Raison Familiale/Personnelle;;;AFFAIRE TRANSMISE PAR UN INTERMEDIAIRE Cession de 100 % des titres d'une société qui gère pour le compte d’artistes l'intégralité des fonctions administratives, contractuelles et sociales nécessaires à l'exercice de leur activité dans un cadre juridique sécurisé
CRA;https://www.cra.asso.fr/opportunite-reprise.aspx?num=18680;N°18680;;Entreprise de prestations de services et de fournitures industrielles;Négoce / distribution B2B;4669B - Commerce de gros (commerce interentreprises) de fournitures et équipements industriels divers;Pays de la Loire;1400000;;;2000000;Retraite;;;Au cœur des enjeux industriels modernes, notre philosophie repose sur l'alchimie entre réactivité humaine et rigueur opérationnelle, permettant de transformer chaque défi logistique en un succès durable. La confiance que nous accordent nos clients repose sur notre capacité à sécuriser leurs flux et à pérenniser leurs outils de production les plus précieux. Notre engagement est total : faire de cha
CRA;https://www.cra.asso.fr/opportunite-reprise.aspx?num=18668;N°18668;;Bureau d’Études Environnementales;Bureau d'études / ingénierie / diagnostics;7490B - Autres activités spécialisées, scientifiques et techniques;;470000;;;220000;Retraite;;;AFFAIRE TRANSMISE PAR UN INTERMÉDIAIRE Audit et diagnostic écologiques • Études d’impacts • Évaluation des incidences Natura 2000 • Méthodes prospectivistes • Délimitation et caractérisation des zones humides • Suivi de chantiers • Demande de dérogation espèces protégées • Contrats d’abonnement par bloc d’heures
CRA;https://www.cra.asso.fr/opportunite-reprise.aspx?num=18666;N°18666;;Cession d'entreprise de nettoyage industriel et de fin de chantier;Propreté / nettoyage / multiservices;8121Z - Nettoyage courant des bâtiments;Auvergne-Rhône-Alpes;1070542;;;1050000;Retraite;;;La société, située en région Auvergne Rhône-Alpes, est un prestataire de services de nettoyage spécialisé dans le nettoyage industriel et logistique, intervenant notamment pour l’entretien de parkings et de plateformes logistiques. La société est une référence en termes de nettoyage des sols en bitume et propose également une activité complémentaire de nettoyage de fin de chantiers, intégralement 
CRA;https://www.cra.asso.fr/opportunite-reprise.aspx?num=18662;N°18662;;Production et négoce en BtoB d'emballages de toutes tailles;Communication / marketing / édition / imprimerie / PLV;4676Z - Commerce de gros (commerce interentreprises) d'autres produits intermédiaires;Normandie;733000;;;105000;Autres activités en parallèle;;;Cette PME fournit en B to B des produits d'emballage (cartons et plastiques) à une clientèle industrielle ou commerciale pour la distribution de leurs marchandises. Elle assure en sus un service d'étude et de conseil afin de permettre à celle-ci d'avoir des expéditions sécurisées et à moindre coût de transport. Elle a sur le dernier exercice affiché perdu une clientèle qu'elle retrouve ou acquiere
CRA;https://www.cra.asso.fr/opportunite-reprise.aspx?num=18652;N°18652;;Entreprise adaptée, leader en reprographie et impression numérique;Services informatiques / ESN / éditeur de logiciel;1812Z - Imprimerie et reproduction d'enregistrements;Île-de-France;;;;750000;Autres activités en parallèle;;;Reprographie, Impression numérique (sur presses et traceurs Grand format & Routage : 60 % du CA Prestations multi-services sur sites clients (services généraux) 40 % du CA
CRA;https://www.cra.asso.fr/opportunite-reprise.aspx?num=18651;N°18651;;BRICKS, travaux de façade et restauration du patrimoine;Courtage assurance / intermédiation financière;43 - Travaux de construction spécialisés;Occitanie;2727228;;;;Autres activités en parallèle;;;La société est implantée dans le département de la Haute-Garonne (31). C’est une entreprise familiale et artisanale spécialisée dans les travaux de façade dans toute la région Occitanie depuis plus de 30 ans. Acteur local, l’entreprise est spécialisée dans les travaux de ravalement, de restauration et autres traitements de la façade. La philosophie de l’entreprise vise à la préservation et la réno
CRA;https://www.cra.asso.fr/opportunite-reprise.aspx?num=18639;N°18639;;Création visuelle, impression et marquage publicitaire;Communication / marketing / édition / imprimerie / PLV;7311Z - Publicité et études de marché;Grand Est;281571;;;80000;Retraite;;;Entreprise implantée en Alsace, est spécialisée dans la communication visuelle, le marquage véhicule, toutes signalétiques et textiles à destination d’une clientèle professionnelle. Elle accompagne ses clients de la conception à la fabrication jusqu’à la pose de supports sur mesure (enseignes, covering, signalétique, supports imprimés). La société dispose des équipements et du savoir-faire techniq
CRA;https://www.cra.asso.fr/opportunite-reprise.aspx?num=18637;N°18637;;Stockage de produits, Gestion de stocks et logistique;Transport & logistique (commissionnaire, affrètement);5221Z - Entreposage et services auxiliaires des transports;Auvergne-Rhône-Alpes;1877302;;;450000;Raison Familiale/Personnelle;;;Entreprise spécialisée dans le stockage et la logistique à travers des solutions de stockage sur-mesure pour les professionnels. Cette structure, créée il y a près de 30 ans, s'est imposée comme un acteur fiable et reconnu sur son marché. Implantée sur 3 sites idéalement situés en Auvergne et Centre France, elle propose une large gamme de services adaptés aux besoins variés de sa clientèle, allant
CRA;https://www.cra.asso.fr/opportunite-reprise.aspx?num=18635;N°18635;;Entreprise du bâtiment spécialisée en isolation thermique – MEL;Bureau d'études / ingénierie / diagnostics;4329A - Travaux d'isolation;Hauts-de-France;630000;;;420000;Problème de santé;;;L’entreprise est spécialisée dans les travaux d’isolation thermique (Extérieurs / combles / planchers) et de rénovation de l’habitat, dont les ravalements de façade. Clientèle de particuliers, principalement CSP+, sur le secteur de la Métropole Européenne de Lille. Son savoir-faire reconnu et sa forte expertise technique lui permettent de proposer des prestations de qualité. Ils favorisent le déve
CRA;https://www.cra.asso.fr/opportunite-reprise.aspx?num=18632;N°18632;;Cabinet d'ingénierie fluides et environnement;Bureau d'études / ingénierie / diagnostics;"7112B - Activités d'architecture et d'ingénierie ; activités de contrôle et analyses techniques";Pays de la Loire;607000;;;490000;Création Nouvelle Implantation;;;"Cabinet d’ingénierie spécialisé en performance énergétique au service des collectivités et des bailleurs ; Récurrence clientèle ; Un an de carnet de commande"
CRA;https://www.cra.asso.fr/opportunite-reprise.aspx?num=18625;N°18625;;Imprimerie du vignoble;Communication / marketing / édition / imprimerie / PLV;1812Z - Imprimerie et reproduction d'enregistrements;Pays de la Loire;559357;;;350000;Retraite;;;Imprimerie présente depuis plus de 70 ans au cœur du vignoble nantais. Situation financière très saine. Entreprise bénéficiant d’une grande régularité en termes d’activité, de chiffre d’affaires et de résultats. A vendre cause préparation retraite. Fort potentiel de développement.
CRA;https://www.cra.asso.fr/opportunite-reprise.aspx?num=18622;N°18622;;Opportunité de reprise – Société de nettoyage B2B en PACA;Propreté / nettoyage / multiservices;8121Z - Nettoyage courant des bâtiments;Provence-Alpes-Côte d'Azur;494868;;;220000;Autres activités en parallèle;;;Implantée en région PACA, cette entreprise de nettoyage bénéficie d’un positionnement solide sur un axe stratégique couvrant Marseille, Aix-en-Provence, Aubagne, Vitrolles. Elle développe une activité exclusivement B2B, avec une récurrence de 85%, assurant une excellente visibilité sur l’activité. Chiffre d’affaires : ~500 K€ // EBE : ~12% > Équipe : structurée, autonome et peu de turnover Atouts 
CRA;https://www.cra.asso.fr/opportunite-reprise.aspx?num=18619;N°18619;;Nettoyage de bureaux et de copropriétés;Propreté / nettoyage / multiservices;8121Z - Nettoyage courant des bâtiments;Île-de-France;1000000;;;480000;Retraite;;;Entreprise de nettoyage à destination des immeubles en copropriété ainsi que sur le secteur de l'immobilier de bureaux. Elle propose des services classiques d'entretien général, nettoyage de sols et remise en état, auprès d' immeubles en copropriété et sur le secteur immobilier de bureaux. Son activité est essentiellement concentrée dans le département IDF . Les contrats sont généralement annuels 
CRA;https://www.cra.asso.fr/opportunite-reprise.aspx?num=18618;N°18618;;Régie publicitaire spécialisée en espaces print, digital et TV;Services informatiques / ESN / éditeur de logiciel;7311Z - Publicité et études de marché;Auvergne-Rhône-Alpes;1430826;;;680000;Retraite;;;2 options sont possibles pour ce dossier : - Vente du Fonds de commerce, au prix de 680 000 K€. - Vente des titres de la Société, au prix de 1 600 K€. Régie publicitaire spécialisée dans la commercialisation d'espaces Print, Digital, TV et opérations spéciales, représentant des marques médias premium parmi lesquelles figurent les plus grands noms de la Presse et couvrant tous les univers. La Socié
CRA;https://www.cra.asso.fr/opportunite-reprise.aspx?num=18612;N°18612;;Construction et rénovation de piscines avec vente produits et matériel;Négoce / distribution B2B;4312A - Travaux de terrassement courants et travaux préparatoires;Auvergne-Rhône-Alpes;805117;;;810000;Retraite;;;Cession de 100 % des titres de l'entreprise avec possibilité de cession du Fonds de commerce seulement. Depuis 40 ans, la Société construit, aménage et entretient piscines, bassins, pool-houses, tennis et leurs abords. Elle assure également la création de terrassements et maçonnerie : fabrication, négoce et location de produits et matériel liés à son activité...
CRA;https://www.cra.asso.fr/opportunite-reprise.aspx?num=18611;N°18611;;Location matériel travaux publics professionnels et particuliers;Négoce / distribution B2B;4663Z - Commerce de gros (commerce interentreprises) de machines pour l'extraction, la construction et le génie civil;Nouvelle-Aquitaine;759000;;;1800000;Autres activités en parallèle;;;Entreprise Location Matériels Travaux Publics, de Bâtiments et de Manutention, de matériels de motoculture de Plaisance, de Jardins et Espaces Verts. Professionnels et Particuliers
CRA;https://www.cra.asso.fr/opportunite-reprise.aspx?num=18604;N°18604;;fabrication et distribution de cabines photo numériques;Services informatiques / ESN / éditeur de logiciel;6209Z - Programmation, conseil et autres activités informatiques;Occitanie;1200000;;;590000;Retraite;;;Entreprise de conception, fabrication, distribution et vente de photobooth et de bornes photo en général (photo identité et de reportage). Forte d'une expérience de plus de quarante ans sur le marché de la photographie (laboratoires photo, bornes de comptoir, cabines photomaton,...) et actuellement de la photo selfie, avec un savoir faire reconnu dans le développement de logiciels dédiés à l'image
CRA;https://www.cra.asso.fr/opportunite-reprise.aspx?num=18602;N°18602;;Distributeur de produits pour la circulation de fluides dans le BTP;Communication / marketing / édition / imprimerie / PLV;4618Z - Intermédiaires spécialisés dans le commerce d'autres produits spécifiques;Île-de-France;713000;;;460000;Retraite;;;Société de distribution qui développe depuis 1990, des solutions pour la distribution des fluides du bâtiment (sanitaire, chauffage et climatisation). Véritable référence sur les marchés du plancher chauffant rafraîchissant, de l’hydro distribution, du multicouche et des canalisations souples enterrées, elle a su s’assurer les services de partenaires industriels européens de premier rang pour offr
CRA;https://www.cra.asso.fr/opportunite-reprise.aspx?num=18600;N°18600;;Bureau d’études mécaniques en Bourgogne du Sud;Bureau d'études / ingénierie / diagnostics;2829A - Fabrication d'équipements d'emballage, de conditionnement et de pesage;Bourgogne-Franche-Comté;750000;;;775000;Autres activités en parallèle;;;Bureau d'études en génie mécanique au service de l'industrie, 6 dessinateurs projeteurs, clientèle récurrente, située en Bourgogne du sud. Vente du fonds de commerce ou cession des titres avec valeur du fond à 800 000€ + 150 000 € trésorerie soit 950 000 € à convenir.
CRA;https://www.cra.asso.fr/opportunite-reprise.aspx?num=18599;N°18599;;Vente de matériels agricoles et d’entretien des espaces verts B2B;Négoce / distribution B2B;4661Z - Commerce de gros (commerce interentreprises) de matériel agricole;Bretagne;2152570;;;950000;Raison Familiale/Personnelle;;;Créer en 1989, SAS, l'entreprise est adhérente d'une coopérative, Ventes de matériels a des exploitations agricoles et des professionnels de l’entretien des espaces verts, à des particuliers. Les méthodes de vente de l’entreprise sont les suivantes : vente sur site et en déplacement en exploitations chez les clients, vente en libre service, vente par internet. Particuliers 15% / professionnels 85%
CRA;https://www.cra.asso.fr/opportunite-reprise.aspx?num=18595;N°18595;;Entreprise de signalétique intérieure et extérieure;Communication / marketing / édition / imprimerie / PLV;1812Z - Imprimerie et reproduction d'enregistrements;Nouvelle-Aquitaine;597686;;;840000;Changement de vie;;;Entreprise de signalétique intérieure et extérieure, créée par son dirigeant actuel et en activité depuis plus de 20 ans. Déclinaison identités visuelles des clients sur tout type de support, avec une prestation de service complète: de l'étude technique à la pose, en passant par les maquettes et la production. Spécialisée dans le domaine de la promotion immobilière ( résidences, bureaux, parkings,
CRA;https://www.cra.asso.fr/opportunite-reprise.aspx?num=18587;N°18587;;Fabrication de matériels d’aspiration, filtration et dépoussiérage;Négoce / distribution B2B;2511Z - Fabrication de structures métalliques et de parties de structures;Nouvelle-Aquitaine;3511145;;;1500000;Retraite;;;Entreprise métallurgique de fabrication de matériels et d'équipements de traitement de l'air industriel, aspiration, ventilation, filtration et dépoussiérage. destinés à une clientèle d'industriels. Le marché est celui des acteurs majeurs de l'aéronautique, de la défense, de l'automobile et des secteurs énergétiques. L'entreprise maitrise des équipements complexes et dispose d'une offre diversifié
CRA;https://www.cra.asso.fr/opportunite-reprise.aspx?num=18580;N°18580;;Imprimerie offset, numérique;Services informatiques / ESN / éditeur de logiciel;1812Z - Imprimerie et reproduction d'enregistrements;Île-de-France;1800000;;;440000;Retraite;;;Cette entreprise spécialisée dans la création et dans l’impressions (offset, numérique, grand format) a su, depuis bientôt 30 ans, acquérir une notoriété régionale incontournable auprès des professionnels (Entreprises, Collectivités, Associations) comme des particuliers grace au savoir-faire et à l’expérience de ses personnels et à la technicité sans cesse renouvelée de ses équipements.
CRA;https://www.cra.asso.fr/opportunite-reprise.aspx?num=18577;N°18577;;Agence de communication 360°;Communication / marketing / édition / imprimerie / PLV;7311Z - Publicité et études de marché;Île-de-France;830000;;;200000;Retraite;;;Agence de communication globale créée il y a plus de 30 ans et qui propose une palette de prestations, du conseil à l'impression numérique en passant par les supports web et l'évènementiel. L'entreprise réalise la plupart de son activité auprès de 2 réseaux de carrossiers automobiles présents sur tout le territoire national. Elle connait une forte croissance due à sa notoriété et sa technicité. Ma
CRA;https://www.cra.asso.fr/opportunite-reprise.aspx?num=18570;N°18570;;Editions Philateliques;Communication / marketing / édition / imprimerie / PLV;5819Z - Édition;Île-de-France;656329;;;380000;Retraite;;;Activité principale: edition philatelique au service des collectionneurs de timbre depuis 1942 Achat, vente promotion, négoce de tous produits et matériels philatéliques, timbres-poste, objets de collection, fournitures et accessoires, enveloppe premier jour édition philatélique au service des collectionneurs de timbre depuis 1942
CRA;https://www.cra.asso.fr/opportunite-reprise.aspx?num=18557;N°18557;;Société du BTP et de Transport Morbihan;Transport & logistique (commissionnaire, affrètement);4399D - Autres travaux spécialisés de construction;Bretagne;2200976;;;2500000;Changement de vie;;;Cession de l'intégralité du capital d'une société insulaire du Morbihan. Cette société implantée depuis plus de 45 ans exerce plusieurs activités dans les secteurs du batiment,des travaux publics,du transport et de la location d'engins. Elle jouit d'une trés bonne réputation auprés de sa clientèle de particuliers ,d'entreprises et de communes . Sa rentabilité et sa structure financière sont trés i
CRA;https://www.cra.asso.fr/opportunite-reprise.aspx?num=18543;N°18543;;Vente de consommables et périphériques informatiques BtB;Services informatiques / ESN / éditeur de logiciel;6209Z - Programmation, conseil et autres activités informatiques;Hauts-de-France;300000;;;200000;Problème de santé;;;"Vends société spécialisée dans les solutions WMS et traçabilité pour les entreprises : Vente de matériel avec agrément de distribution des plus gros fabricants (40% du CA). Progiciel ""maison"" installé chez une dizaine de clients avec contrats de maintenance (10% du CA) Vente récurrente des consommables (40% du CA), audit et conseil en optimisation logistique (10% du CA). Clientèle variée et fidèle"
CRA;https://www.cra.asso.fr/opportunite-reprise.aspx?num=18534;N°18534;;Négoce de matériels médicaux;Négoce / distribution B2B;4645Z - Commerce de gros (commerce interentreprises) de parfumerie et de produits de beauté;Auvergne-Rhône-Alpes;1000000;;;600000;Retraite;;;La société commercialise des instruments médicaux aux cliniques et hôpitaux privés. Le chiffre d'affaires se décompose en 65% de vente d'instruments médicaux et 35% en maintenance d'instruments médicaux. La société est saine financièrement avec un CA stable mais un EBE proche de zéro. La société est positionnée sur une niche avec un chiffre d'affaires stable et sans aucun risque financier majeur.
CRA;https://www.cra.asso.fr/opportunite-reprise.aspx?num=18510;N°18510;;Société de Négoce de Matériaux et Transports;Transport & logistique (commissionnaire, affrètement);4752A - Commerce de détail de quincaillerie, peintures et verres en petites surfaces (moins de 400 m2);Centre-Val de Loire;3907217;;;2000000;Réorientation professionnelle;;;Entreprise exploitée depuis de nombreuses années, bénéficiant d’une clientèle historique, fidèle et diversifiée. Deux activités complémentaires mais autonomes: un négoce de matériaux reconnu localement et une activité de transport routier disposant de sa propre clientèle. Organisation opérationnelle efficace, rentabilité établie et base d’exploitation saine. Cession envisagée en priorité sur la to
CRA;https://www.cra.asso.fr/opportunite-reprise.aspx?num=18509;N°18509;;Distribution en papèterie, fournitures scolaires et matériel de bureau;Négoce / distribution B2B;4665Z - Commerce de gros (commerce interentreprises) de mobilier de bureau;Centre-Val de Loire;1074000;;;400000;Retraite;;;Vente d'un fond de commerce d'une unité faisant partie d'une Chaine de magasins discount proposant , papeterie, fourniture et mobilier de bureau et matériel informatique
CRA;https://www.cra.asso.fr/opportunite-reprise.aspx?num=18505;N°18505;;Distribution exclusive équipements recyclage B to B.;Négoce / distribution B2B;3319Z - Réparation et installation de machines et d'équipements;Normandie;1700000;;;500000;Recherche de partenariat;;;Entreprise familiale danoise depuis 1992, Mil-tek livre des machines via un réseau de distributeurs exclusifs. Ces équipements procurent des avantages financiers, environnementaux et ergonomiques sur la gestion des flux de déchets. Mil-tek cherche des distributeurs exclusifs régionaux. Dans le cadre du développement de la concession Mil-Tek Ouest, basée sur l'Ouest de la France depuis 20 ans, Nous
CRA;https://www.cra.asso.fr/opportunite-reprise.aspx?num=18502;N°18502;;Blanchisserie industrielle;Propreté / nettoyage / multiservices;9601B - blanchisserie et teinture;Île-de-France;3700000;;;1700000;Retraite;;;Belle affaire de blanchisserie industrielle, clientèle diversifiée récurrente, important potentiel de croissance supporté par un parc machines suffisant, équipe stable. Cession des murs possible également. Accompagnement par le cédant.
CRA;https://www.cra.asso.fr/opportunite-reprise.aspx?num=18481;N°18481;;Négoce de machines de type broyeurs;Communication / marketing / édition / imprimerie / PLV;4614Z - Intermédiaires du commerce en machines, équipements industriels, navires et avions;Île-de-France;510000;;;360000;Raison Familiale/Personnelle;;;Cession d'une branche d'activité d'une société créée en 2002 spécialisée dans la céramique (gardée par le cédant) et le négoce et la maintenance de broyeurs/laminoirs pour industries de process. Le cédant, représentant exclusif de fait en France d’un fabricant allemand reconnu (partenariat solide) réalise un chiffre d'affaires de l'ordre de 500 k€ dont la branche cédée représente 90 à 95% et se ré
CRA;https://www.cra.asso.fr/opportunite-reprise.aspx?num=18477;N°18477;;Cabinet de Recrutement et de Travail Temporaire;Recrutement / intérim / RH / paie;7810Z - Activités liées à l'emploi;Centre-Val de Loire;2000000;;;500000;Autres activités en parallèle;;;Société indépendante avec 3 agences, adossée à un réseau de Franchise national (enseigne TEMPORIS) offrant un concept ayant fait ses preuves, du soutien opérationnel au quotidien, des outils performants et une notoriété nationale. Agence saine avec une forte implantation locale depuis 2008 sur le département du Cher (18) ET un fort potentiel de développement (Potentiel de + de 5 M€ de CA déjà réal
CRA;https://www.cra.asso.fr/opportunite-reprise.aspx?num=18439;N°18439;;Société semencière : production et distribution de semences à l’export;Négoce / distribution B2B;4621Z - Commerce de gros (commerce interentreprises) de céréales, de tabac non manufacturé, de semences et d'aliments pour le bétail;;1120808;;;1345000;Retraite;;;Société semencière, production, conditionnement et distribution de semences potagères à l'export en zone tropicale.
CRA;https://www.cra.asso.fr/opportunite-reprise.aspx?num=18433;N°18433;;Société spécialisée dans le négoce de fournitures industrielles;Communication / marketing / édition / imprimerie / PLV;4676Z - Commerce de gros (commerce interentreprises) d'autres produits intermédiaires;Auvergne-Rhône-Alpes;1273000;;;425000;Retraite;;;Cession de 100% des titres d'une société de négoce industriel. L'entreprise a été créée en 1991 par l'actuel dirigeant . La société commercialise des élctrovannes et des pompes sur le marché français auprès d'une clientèle industrielle. Les composants sont fabriqués en Italie auprès de 3 fournisseurs. Une seconde actvité complète le chiffre d'affaires et porte sur diverses fournitures pour le sect
CRA;https://www.cra.asso.fr/opportunite-reprise.aspx?num=18427;N°18427;;Cabinet de recrutement et d'assessment;Recrutement / intérim / RH / paie;"7022Z - Activités des sièges sociaux ; conseil de gestion";Bretagne;1471608;;;900000;Retraite;;;Créé dans les années 2000, ce cabinet de recrutement et d’assessment a trouvé rapidement sa place sur le marché. Il bénéficie d’une belle fidélité de clients industriels dans l’environnement des Produits de grande consommation et du « b to b », d’une notoriété forte sur son créneau et dispose d’une base de données conséquente. Il accompagne certains clients depuis plus de 15 ans et a prouvé sa cap
CRA;https://www.cra.asso.fr/opportunite-reprise.aspx?num=18421;N°18421;;vente matériel de ventilation;Négoce / distribution B2B;4669C - Commerce de gros (commerce interentreprises) de fournitures et équipements divers pour le commerce et les services;Provence-Alpes-Côte d'Azur;550000;;;280000;Retraite;;;Entreprise de distribution spécialisée dans la vente et l'installation de matériel de ventilation industrielle pour les activitées de Restauration Agro-Alimentaire et petites industries . Produits professionnels. Distributeur agréé
CRA;https://www.cra.asso.fr/opportunite-reprise.aspx?num=18418;N°18418;;Société de Média & Journalisme;Communication / marketing / édition / imprimerie / PLV;5819Z - Édition;Pays de la Loire;248473;;;330000;Retraite;;;Ste de Média & Journalisme, créatrice d'un concept médiatique de territoire basé sur le journalisme de solutions. La société est organisée autour de prestataires indépendants offrant une grande flexibilité, selon un modèle éprouvé depuis 2017 La marque dispose d'une notoriété unanime, avec une diffusion d'un produit print local en BAL, des abonnés sur les réseaux sociaux, ainsi qu'une communauté d
CRA;https://www.cra.asso.fr/opportunite-reprise.aspx?num=18412;N°18412;;Fonds de commerce - vente et installation d’équipements de cuisine pro;Négoce / distribution B2B;3319Z - Réparation et installation de machines et d'équipements;Occitanie;2065000;;;950000;Autres activités en parallèle;;;- un point de vente de produits et consommables à destination des métiers de bouche et du CHR. Ce point de vente représente 10% de l’activité avec un flux quotidien de clients. - vente et installation d’équipements de cuisine professionnelle et d’équipements frigorifiques associés, représente 65% - Maintenance et dépannage des équipements de cuisine professionnelle et de froid commercial, cette ac
CRA;https://www.cra.asso.fr/opportunite-reprise.aspx?num=18408;N°18408;;Distributeur et installateur de poêles à bois et poêles à granulés;Négoce / distribution B2B;7490B - Autres activités spécialisées, scientifiques et techniques;Île-de-France;1500000;;;560000;Réalisation patrimoniale;;;Société créée par le cédant il y a une vingtaine d'années, rentable historiquement avec une forte notoriété sur les Yvelines. Travaille avec les marques les plus prestigieuses : - en matière de poêles à granulés : MCZ, JOLLYMEC - en matière de poêles à bois : CHARMWOOD et BARBAS Les 2 showrooms de Jouars et Mantes permettent d'accueillir une clientèle de particuliers (B2C) et de professionnels. Po
CRA;https://www.cra.asso.fr/opportunite-reprise.aspx?num=18406;N°18406;;Distributeur et installateur de poêles à bois, cheminées et inserts;Négoce / distribution B2B;7490B - Autres activités spécialisées, scientifiques et techniques;Île-de-France;1151000;;;485000;Réalisation patrimoniale;;;Société rentable avec une forte notoriété sur les Yvelines. Travaille avec les marques les plus prestigieuses en matière d'équipements de cheminées et poêles : Kal-Fire, STUV, Becafire... Le showroom permet d'accueillir une clientèle de particuliers (B2C) et de professionnels. Possède le label RGE Qualibois N° QB62573 Le cédant souhaite que la société soit vendue conjointement avec société sœur ,c
CRA;https://www.cra.asso.fr/opportunite-reprise.aspx?num=18399;N°18399;;Société de conseil sur les politiques publiques environnementales;Bureau d'études / ingénierie / diagnostics;"7112B - Activités d'architecture et d'ingénierie ; activités de contrôle et analyses techniques";Île-de-France;331753;;;150000;Retraite;;;Société de conseil spécialiste de l’environnement et du développement durable, Ecodécision réalise des études socio-économiques d’aide à la décision pour l’aménagement des territoires. Intervenant depuis plus de 25 ans dans le domaine de l’eau, nous avons progressivement développé des compétences dans d’autres domaines comme l’agriculture, le tourisme et les activités de pleine nature
CRA;https://www.cra.asso.fr/opportunite-reprise.aspx?num=18375;N°18375;;Distribution et pose de revêtement de sol depuis 1959;Négoce / distribution B2B;4333Z - Travaux de revêtement des sols et des murs;Auvergne-Rhône-Alpes;1450000;;;850000;Raison Familiale/Personnelle;;;Affaire présentée par un intermédiaire Dossier complet en pièce jointe *création de le société 1959 Distribution et pose de revêtement de sol Parquet Moquette PVC Etanchéité 100% sst
CRA;https://www.cra.asso.fr/opportunite-reprise.aspx?num=18372;N°18372;;Organisme de formation et de coaching;Formation professionnelle / organisme de formation;7810Z - Activités liées à l'emploi;Provence-Alpes-Côte d'Azur;560000;;;220000;Retraite;;;Organisme de formation et de coaching diffusant une offre de formation multidisciplinaire et personnalisée à destination de salariés de grands comptes et de PME et bénéficiant du support d’une enseigne nationale. Le centre fait appel à une équipe de formateurs indépendants et professionnels dans leurs domaines respectifs. Clientèle diversifiée. Certifications (Qualiopi) et habilitations reconnues.
CRA;https://www.cra.asso.fr/opportunite-reprise.aspx?num=18368;N°18368;;Transport - déménagement et autres prestations;Transport & logistique (commissionnaire, affrètement);4941A - Transports terrestres et transport par conduites;Bretagne;578000;;;260000;Problème de santé;;;Entreprise historiquement orientée vers le déménagement et le transport de mobiliers, qui a diversifié son offre pour répondre à des demandes de clients majeurs en BtoB . La clientèle est ainsi aujourd'hui pour les deux tiers de l'activité exclusivement en BtoB . Trois activités distinctes caractérisent l'affaire, le déménagement-transport, la livraison de cuisines, la livraison et pose de mobilie
CRA;https://www.cra.asso.fr/opportunite-reprise.aspx?num=18353;N°18353;;Nouvel associé Cabinet M&A Agro alimentaire;Conseil / expertise / services administratifs aux entreprises (BPO);"7022Z - Activités des sièges sociaux ; conseil de gestion";Île-de-France;1000000;;;;Création Nouvelle Implantation;;;Cabinet de conseils en cessions et acquisitions d’entreprises (PME) spécialisé sur le secteur agro-alimentaire recherche un nouvel associé pour développer l’activité. Notre cabinet exerce son activité depuis une vingtaine d'années, et travaille un portefeuille diversifié de clients de l'industrie, du négoce et de la distribution spécialisée. Bonne connaissance du milieu agro-alimentaire souhaitée.
CRA;https://www.cra.asso.fr/opportunite-reprise.aspx?num=18350;N°18350;;Garde d’enfants à domicile – Gard / Vaucluse;Services informatiques / ESN / éditeur de logiciel;8810A - Action sociale sans hébergement;Occitanie;328475;;;170000;Retraite;;;Entreprise de services à la personne spécialisée exclusivement dans la garde d’enfants à domicile, implantée depuis plusieurs années dans le Gard. Membre d’une franchise nationale à taille humaine, elle bénéficie d’un accompagnement de proximité, d’une notoriété solide et d’une clientèle fidèle. L’entreprise dispose d’une équipe encadrée et stable, d’outils de gestion performants, et présente un f
CRA;https://www.cra.asso.fr/opportunite-reprise.aspx?num=18339;N°18339;;Alarmes - Vidéosurveillance : vente, installation et maintenance;Sécurité / surveillance / télésurveillance;43 - Travaux de construction spécialisés;Grand Est;250000;;;100000;Changement de vie;;;Vend le fond de commerce de l’Entreprise (code APE 4321 A) qui a 30 ans d’activité dans alarme et vidéo surveillance Elle intervient pour 40% chez les particuliers et pour 60% chez les professionnels: mairie, garage auto, agriculteur, commerces à risque... un fichier d'environ 1500 clients actifs. Une activité de vente, installation, maintenance et renouvellement d’un matériel qui évolue rapidemen
CRA;https://www.cra.asso.fr/opportunite-reprise.aspx?num=18337;N°18337;;Bureau d'étude technique et ingénierie;Bureau d'études / ingénierie / diagnostics;"7112B - Activités d'architecture et d'ingénierie ; activités de contrôle et analyses techniques";Auvergne-Rhône-Alpes;546279;;;350000;Retraite;;;Bureau d'études techniques et d'Ingénierie qui intervient dans 4 secteurs d'activités : 1) Topographie / Métré 2) BET / Maîtrise d'Ouvre VRD et Assainissement 3) Assistance à Maîtrise d'Ouvrage suivi de travaux 4) Ordonnancement, Pilotage et Coordination Le marché est régional, les donneurs d'ordres sont majoritairement des collectivités locales (60% de l'activité) ou des entreprises en sous trait
CRA;https://www.cra.asso.fr/opportunite-reprise.aspx?num=18329;N°18329;;Entreprise de Déménagement et de garde Meubles situé en France Comté;Transport & logistique (commissionnaire, affrètement);4941A - Transports terrestres et transport par conduites;Bourgogne-Franche-Comté;1360000;;;500000;Retraite;;;Clientèle majoritairement locale de particulier et quelques professionnels
CRA;https://www.cra.asso.fr/opportunite-reprise.aspx?num=18326;N°18326;;Distribution / installation d’agencements intérieurs dans le Finistère;Négoce / distribution B2B;4759A - Commerce de détail de meubles;Bretagne;804213;;;350000;Retraite;;;Entreprise artisanale dans le Finistère, adhérente de la Fédération Française du Bâtiment, spécialisée dans l'amélioration de l'habitât en Bretagne grâce à la distribution et l'installation d'agencements d'intérieur.
CRA;https://www.cra.asso.fr/opportunite-reprise.aspx?num=18308;N°18308;;Fabrication d'emballages fruits et légumes;Négoce / distribution B2B;1624Z - Fabrication d'emballages en bois;Occitanie;1800000;;;1500000;Retraite;;;Fabrication et vente d'emballages en bois et en carton pour fruits et légumes. Clientèle régionale de professionnels producteurs et grossistes
CRA;https://www.cra.asso.fr/opportunite-reprise.aspx?num=18264;N°18264;;Agence évenementielle;Communication / marketing / édition / imprimerie / PLV;7911Z - Activités des agences de voyage, voyagistes, services de réservation et activités connexes;Occitanie;4117188;;;680000;Recherche de partenariat;;;Agence spécialisée dans la conception, la création et la réalisation de tout événements qui forge la vie des entreprises : réunions digitales, convention, logistique congrès, voyages d'affaires… la société appartient à une autre société qui elle est à céder (N° Affaire : 18263) Les 2 structures réalisent un CA de 4 117 188 € Le prix de cession de l'ensemble des 2 structures est de 680 k€ l
CRA;https://www.cra.asso.fr/opportunite-reprise.aspx?num=18263;N°18263;;Agence de tourisme d'affaires et Evénementiel;Communication / marketing / édition / imprimerie / PLV;7911Z - Activités des agences de voyage, voyagistes, services de réservation et activités connexes;Occitanie;4117188;;;680000;Recherche de partenariat;;;Agence de Tourisme d'affaires et événementiel spécialisée dans la conception et la production de voyage et de tourisme d'affaires ( transport , hébergement , restauration ....) 30 années d'expérience cette société vient en appui d'une société événementielle qui lui appartient (18264) Les 2 structures réalisent un CA de 4 117 188 € Le prix de cession de l'ensemble des 2 structures est de 680 k€
CRA;https://www.cra.asso.fr/opportunite-reprise.aspx?num=18258;N°18258;;Service à la personne - Gardiennage d'enfants à domicile;Sécurité / surveillance / télésurveillance;9609Z - Autres services personnels;Bourgogne-Franche-Comté;360000;;;110000;Changement de vie;;;Entreprise franchisé de service à la personne spécialisée dans la garde d'enfants à domicile bien implantée dans son département en Bourgogne à potentiel de développement.
CRA;https://www.cra.asso.fr/opportunite-reprise.aspx?num=18216;N°18216;;PME dans le Nautisme : activité négoce moteurs et pièces;Négoce / distribution B2B;4663Z - Commerce de gros (commerce interentreprises) de machines pour l'extraction, la construction et le génie civil;Provence-Alpes-Côte d'Azur;538170;;;720000;Autres activités en parallèle;;;"Créé en 2011, ""le groupe"" est spécialisé dans la plaisance, avec deux sociétés (Cf. affaire 18214 : le montant de cession indiqué concerne ces 2 sociétés) : - l'une pour la distribution de moteurs & de pièces détachées, - la seconde orientée sur la prestation de services (Cf. dossier lié). Ce positionnement est un véritable atout avec : - une offre globale de moteurs marins et de services adaptés "
CRA;https://www.cra.asso.fr/opportunite-reprise.aspx?num=18209;N°18209;;Entreprise de transport de personnes handicapés;Transport & logistique (commissionnaire, affrètement);4941A - Transports terrestres et transport par conduites;Nouvelle-Aquitaine;1454000;;;780000;Autres activités en parallèle;;;Entreprise de transport de personnes handicapés, leader sur les établissements spécialisés pour enfants dans 4 départements du sud-ouest – prestations qualitatives - clientèle fidélisée - marchés reconductibles. Bonne rentabilité et notoriété, parc de véhicules récents, fort potentiel de développement. Accompagnement par le cédant, transmission cause retraite.
CRA;https://www.cra.asso.fr/opportunite-reprise.aspx?num=18176;N°18176;;Entreprise de cartographie et de numérisation 3D;Propreté / nettoyage / multiservices;"7112B - Activités d'architecture et d'ingénierie ; activités de contrôle et analyses techniques";Bourgogne-Franche-Comté;440000;;;600000;Autres activités en parallèle;;;Entreprise de cartographie par drone de création récente qui évolue au plan national.
CRA;https://www.cra.asso.fr/opportunite-reprise.aspx?num=18152;N°18152;;Services de maintenance et installations thermiques BtoB;Bureau d'études / ingénierie / diagnostics;4322B - Travaux d'installation d'équipements thermiques et de climatisation;Auvergne-Rhône-Alpes;365000;;;268000;Retraite;;;L'entreprise propose des services thermiques aux entreprises tertiaires et aux industriels de la région Rhône Alpes. Elle intervient dans les domaines suivants pour les équipements de chauffage et climatisation : - Maintenance Préventive et curative via des contrats de maintenance annuels. - Interventions de dépannage sur demande. - Remplacement de matériels quand le dépannage ou la maintenance ne
CRA;https://www.cra.asso.fr/opportunite-reprise.aspx?num=18144;N°18144;;Négoce matériel agricole neuf et occasion : vente et entretien;Communication / marketing / édition / imprimerie / PLV;4614Z - Intermédiaires du commerce en machines, équipements industriels, navires et avions;Bourgogne-Franche-Comté;2500000;;;800000;Retraite;;;Négoce matériels agricoles neufs et occasions situé en Bourgogne sud, agent de marques reconnues : tracteurs et accessoires tractés. Très bel implantation (locaux et zones de stockage) et SAV reconnu.
CRA;https://www.cra.asso.fr/opportunite-reprise.aspx?num=18119;N°18119;;Entreprise de matériels vinicoles;Négoce / distribution B2B;3319Z - Réparation et installation de machines et d'équipements;Grand Est;2850000;;;1980000;Raison Familiale/Personnelle;;;Belle entreprise du secteur matériel et consommable vinicoles. Au fil des années, elle a su se forger une excellente notoriété auprès d'une clientèle très large et fidèle, assurant une part de C.A. récurrente d'environ 30 %. Elle est fort appréciée pour la qualité de ses produits mais également pour son service très performant et sa réactivité. Excellent emplacement géographique de son bâtiment d'
CRA;https://www.cra.asso.fr/opportunite-reprise.aspx?num=18100;N°18100;;Evénement presse et digital;Services informatiques / ESN / éditeur de logiciel;6399Z - Services d'information;Hauts-de-France;860000;;;650000;Retraite;;;La SAS Éditions SORTIR, acteur historique dans l'édition culturelle régionale depuis plus de 20 ans, cherche un repreneur stratégique pour accélérer sa transition digitale. Présente dans 11 régions (dont la Wallonie), elle combine audience fidèle, modèle économique stable et potentiel numérique inexploité. Forte d'un nouveau site intelligent lancé en 2024, elle est prête à ouvrir un nouveau cycle 
CRA;https://www.cra.asso.fr/opportunite-reprise.aspx?num=18089;N°18089;;Cabinet d'intérim et recrutement spécialisé;Recrutement / intérim / RH / paie;7810Z - Activités liées à l'emploi;Île-de-France;688000;;;600000;Changement de vie;;;Agence d’intérim et de placement CDD / CDI en franchise , Saine avec un fort potentiel de développement, implantée localement dans une zone vaste et dynamique. Base clients fidèles et équipes stables et autonomes. Franchise offrant un concept ayant fait ses preuves, du soutien opérationnel au quotidien, des outils performants et une notoriété nationale. Possibilité d’acheter les murs en plus.
CRA;https://www.cra.asso.fr/opportunite-reprise.aspx?num=18029;N°18029;;Vente et installation de vérandas et pergolas en Gironde;Négoce / distribution B2B;4329A - Travaux d'isolation;Nouvelle-Aquitaine;1459265;;;430000;Retraite;;;La société a été créée en 2014. Aujourd'hui à l'âge de la retraite, les créateurs veulent vendre. En 11 ans d'existence l'entreprise a acquis une excellente réputation. Forte d'une équipe de 5 personnes, installée dans des locaux adaptés , visible depuis un axe passant, la qualité de son travail est reconnue par sa clientèle de particuliers. Le développement de la société a toujours été harmonieux
CRA;https://www.cra.asso.fr/opportunite-reprise.aspx?num=17995;N°17995;;Entreprise 2 vente et location matériel de forage + réparation;Négoce / distribution B2B;4663Z - Commerce de gros (commerce interentreprises) de machines pour l'extraction, la construction et le génie civil;Occitanie;1984590;;;;Autres activités en parallèle;;;La société assure la vente de matériels, d’outillages et de pièces détachées, la location de matériels de forage et d’injection destinés aux entreprises du BTP et des fondations spéciale Cession du Fonds de commerce + stock Le cédant possède 2 entreprises qui font le même métier sur 2 départements différents ( l'autre affaire est la N° 17994) Idéalement il faudrait reprendre les 2 entités même si 
CRA;https://www.cra.asso.fr/opportunite-reprise.aspx?num=17994;N°17994;;Entreprise 1 vente location matériel de forage + réparation;Négoce / distribution B2B;4663Z - Commerce de gros (commerce interentreprises) de machines pour l'extraction, la construction et le génie civil;Provence-Alpes-Côte d'Azur;1398912;;;;Retraite;;;L'entreprise assure la vente de matériels, d’outillages et de pièces détachées, la location de matériels de forage et d’injection destinés aux entreprises du BTP et des fondations spéciale Cession du Fonds de commerce + stock Le cédant est aussi propriétaire d'une 2eme entreprise ( même métier) sur un autre site Idéalement, il faudrait reprendre les 2 entreprises ( l'autre entreprise est l'affaire
CRA;https://www.cra.asso.fr/opportunite-reprise.aspx?num=17986;N°17986;;Reprise d'une société - Maintenance thermique et frigorifique;Bureau d'études / ingénierie / diagnostics;4322B - Travaux d'installation d'équipements thermiques et de climatisation;Occitanie;1500000;;;750000;Autres activités en parallèle;;;Nous vous proposons une belle opportunité de reprise d’une société implantée en région Occitanie, spécialisée dans la maintenance thermique et frigorifique, ainsi que la rénovation de chaufferies. Forte de plus de 20 ans d’expérience, cette entreprise de taille intermédiaire génère un chiffre d’affaires de 1,5 million d'euros et affiche une rentabilité solide L’entreprise opère principalement sur 
CRA;https://www.cra.asso.fr/opportunite-reprise.aspx?num=17968;N°17968;;Entreprise de signalétique à potentiel de développement;Communication / marketing / édition / imprimerie / PLV;1812Z - Imprimerie et reproduction d'enregistrements;Auvergne-Rhône-Alpes;460000;;;350000;Retraite;;;Spécialisée dans l'enseigne et la signalétique, cette entreprise coconçoit, fabrique et pose les ouvrages de communication extérieure. Ses clients sont des entreprise et des acteurs sociaux économiques du territoire. Son CA est volontairement limité par décision du cédant. Cette entreprise offre des perspectives de développement fortes de par sa notoriété et le potentiel du marché local. Un techni
CRA;https://www.cra.asso.fr/opportunite-reprise.aspx?num=17955;N°17955;;Société de Commerce de gros, fournitures bureau, scolaires.;Négoce / distribution B2B;4690Z - Commerce de gros (commerce interentreprises) non spécialisé;Hauts-de-France;3700000;;;900000;Retraite;;;Cette entreprise, possédant une forte notoriété, est adhérente au réseau de distributeurs ALKOR. Développant un CA (3,7 M€) en activité exclusivement B to B, elle rayonne sur les régions Hauts de France et Normandie. Leader sur son secteur géographique de la distribution en fournitures scolaires, elle est également fortement implantée dans la distribution de fournitures et mobiliers aux entreprise
CRA;https://www.cra.asso.fr/opportunite-reprise.aspx?num=17939;N°17939;;Menuiserie spécialisée bois & restauration du patrimoine;Courtage assurance / intermédiation financière;1623Z - Fabrication de charpentes et d'autres menuiseries;Pays de la Loire;725000;;;325000;Retraite;;;Cède 100% des titres d'une société de menuiserie spécialisée 100% bois et restauration du patrimoine. L'activité a progressé de 20% entre 2021 et 2023 et reste stable sur 2024. Le résultat net ( 3 à 5% du CA) reste stable sur les 4 dernières années. Situation financière saine. Les points forts résident: - dans la capacité de l'entreprise à reconstituer en 2023/2024 son niveau de marge brute sur ma
CRA;https://www.cra.asso.fr/opportunite-reprise.aspx?num=17930;N°17930;;Confection textile et négoce de vêtements techniques;Négoce / distribution B2B;1419Z - Industrie de l'habillement;Auvergne-Rhône-Alpes;1220000;;;300000;Retraite;;;Entreprise familiale de confection et de négoce de vêtements techniques, installée sur un marché de niche et possédant un savoir-faire différenciant. L'activité commerciale s'appuie sur un processus d'appels d'offres publics diversifiés et sur la récurrence de la clientèle privée. Soutenu par des fournisseurs de matières premières technique et labélisées, elle s'appuie sur des partenaires sous-tra
CRA;https://www.cra.asso.fr/opportunite-reprise.aspx?num=17729;N°17729;;Entreprise de Négoce de pièces détachées pour matériel agricole;Négoce / distribution B2B;4661Z - Commerce de gros (commerce interentreprises) de matériel agricole;Occitanie;2727753;;;1400000;Retraite;;;
CRA;https://www.cra.asso.fr/opportunite-reprise.aspx?num=17453;N°17453;;Distribution matériel de bureau / bureautique;Services informatiques / ESN / éditeur de logiciel;4741Z - Commerce de détail d'ordinateurs, d'unités périphériques et de logiciels en magasin spécialisé;Occitanie;820000;;;150000;Autres activités en parallèle;;;Une enseigne à reprendre à proximité de Montpellier en stagnation qui ne demande qu'à se développer... : une franchise nationale réputée, un aménagement intérieur type identifiable, une collection de produits bien définie, des process informatiques, techniques, communication et de management de gestion rodés. Le magasin est connu pour satisfaire des besoins usuel des professionnels et particuliers
CRA;https://www.cra.asso.fr/opportunite-reprise.aspx?num=17450;N°17450;;Bureau d'étude spécialisé dans les calculs de structure et les calculs parasismiques;Bureau d'études / ingénierie / diagnostics;"7112B - Activités d'architecture et d'ingénierie ; activités de contrôle et analyses techniques";Occitanie;533567;;;600000;Retraite;;;Bureau d'études spécialisé dans les structures. Clientèle de maîtres d'ouvrage publics et privés, d'architectes et entreprises à l'échellle régionale. Clientèle de commerces, entreprises, agriculteurs pour les diagnostics structure préalables à l'installation de panneaux photovoltaïques à l'échelle régionale. Clientèle de pavillonneurs et promoteurs pour les calculs parasismiques à l'échelle natio
Fusacq;https://www.fusacq.com/vente-entreprise-fabricant-et-distributeur-de-complements-alimentaires-naturels-loire,92570_fr_;V92570;;Fabricant et distributeur de compléments alimentaires naturels;Négoce / distribution B2B;;Auvergne-Rhône-Alpes;5000000;;10-50 (filtre);;;;;filtre CA 1-5 M€ & effectif 10-50
Fusacq;https://www.fusacq.com/vente-entreprise-distribution-adaptation-et-maintenance-de-machines-speciales-rhone-alpes,91358_fr_;V91358;;Distribution, adaptation et maintenance de machines spéciales;Négoce / distribution B2B;;Auvergne-Rhône-Alpes;5000000;;10-50 (filtre);;;;;filtre CA 1-5 M€ & effectif 10-50
Fusacq;https://www.fusacq.com/vente-entreprise-cabinets-d-ophtalmologie-france,90624_fr_;V90624;31/08/2026;Cabinets d'ophtalmologie;Conseil / expertise / services administratifs aux entreprises (BPO);;;5000000;;10-50 (filtre);;;;;filtre CA 1-5 M€ & effectif 10-50
Fusacq;https://www.fusacq.com/vente-entreprise-groupe-data-marketing-digital-provence-alpes-cote-d-azur,90248_fr_;V90248;07/09/2026;Groupe data & marketing digital;Services informatiques / ESN / éditeur de logiciel;;Provence-Alpes-Côte d'Azur;5000000;;10-50 (filtre);;;;;filtre CA 1-5 M€ & effectif 10-50
Fusacq;https://www.fusacq.com/vente-entreprise-conception-et-vente-d-outils-coupants-industriels-et-de-materiels-de-controles-associes-rhone,83109_fr_;V83109;10/08/2026;Conception et vente d'outils coupants industriels et de matériels de contrôles associés;Négoce / distribution B2B;;Auvergne-Rhône-Alpes;5000000;;10-50 (filtre);;;;;filtre CA 1-5 M€ & effectif 10-50
Fusacq;https://www.fusacq.com/vente-entreprise-fournitures-et-equipements-pour-le-chr-bourgogne,87653_fr_;V87653;07/09/2026;Fournitures et équipements pour le CHR;Négoce / distribution B2B;;Bourgogne-Franche-Comté;4900000;;10-50 (filtre);;;;;filtre CA 1-5 M€ & effectif 10-50
Fusacq;https://www.fusacq.com/vente-entreprise-distributeur-d-articles-pour-l-art-de-la-table-et-d-instruments-de-cuisines-nord-est,82490_fr_;V82490;19/08/2026;Distributeur d'articles pour l'art de la table et d'instruments de cuisines;Négoce / distribution B2B;;;4900000;;10-50 (filtre);;;;;filtre CA 1-5 M€ & effectif 10-50
Fusacq;https://www.fusacq.com/vente-entreprise-carrieres-d-extraction-de-pierre-taille-de-pierre-negoce-et-pose-midi-pyrenees,72946_fr_;V72946;12/08/2026;Carrières d'extraction de pierre, taille de pierre : négoce et pose;Négoce / distribution B2B;;Occitanie;4900000;;10-50 (filtre);;;;;filtre CA 1-5 M€ & effectif 10-50
Fusacq;https://www.fusacq.com/vente-entreprise-vente-et-installation-de-materiel-de-boulangerie-rhone-alpes,92548_fr_;V92548;;Vente et installation de matériel de boulangerie;Négoce / distribution B2B;;Auvergne-Rhône-Alpes;4800000;;10-50 (filtre);;;;;filtre CA 1-5 M€ & effectif 10-50
Fusacq;https://www.fusacq.com/vente-entreprise-distribution-d-electromenager-et-de-multimedia-haute-savoie,92395_fr_;V92395;;Distribution d'électroménager et de multimédia;Communication / marketing / édition / imprimerie / PLV;;Auvergne-Rhône-Alpes;4800000;;10-50 (filtre);;;;;filtre CA 1-5 M€ & effectif 10-50
Fusacq;https://www.fusacq.com/vente-entreprise-agence-media-locale-pour-annonceurs-professionnels-ile-de-france,91084_fr_;V91084;15/09/2026;Agence média locale pour annonceurs professionnels;Communication / marketing / édition / imprimerie / PLV;;Île-de-France;4600000;;10-50 (filtre);;;;;filtre CA 1-5 M€ & effectif 10-50
Fusacq;https://www.fusacq.com/vente-entreprise-marketing-du-digital-local-nord,91007_fr_;V91007;15/09/2026;Marketing du digital local;Services informatiques / ESN / éditeur de logiciel;;;4600000;;10-50 (filtre);;;;;filtre CA 1-5 M€ & effectif 10-50
Fusacq;https://www.fusacq.com/vente-entreprise-formation-professionnelle-aux-metiers-de-l-accompagnement-france,92519_fr_;V92519;;Formation professionnelle aux métiers de l'accompagnement;Formation professionnelle / organisme de formation;;;4500000;;10-50 (filtre);;;;;filtre CA 1-5 M€ & effectif 10-50
Fusacq;https://www.fusacq.com/vente-entreprise-integrateur-de-solutions-de-communication-pour-les-pme-et-collectivites-correze,92414_fr_;V92414;;Intégrateur de solutions de communication pour les PME et collectivités;Communication / marketing / édition / imprimerie / PLV;;Nouvelle-Aquitaine;4500000;;10-50 (filtre);;;;;filtre CA 1-5 M€ & effectif 10-50
Fusacq;https://www.fusacq.com/vente-entreprise-transport-routier-en-vrac-par-citerne-wallonie,91112_fr_;V91112;;Transport routier en vrac par citerne;Transport & logistique (commissionnaire, affrètement);;;4500000;;10-50 (filtre);;;;;filtre CA 1-5 M€ & effectif 10-50
Fusacq;https://www.fusacq.com/vente-entreprise-organisme-de-formation-specialise-multisites-nord-ouest,89045_fr_;V89045;22/07/2026;Organisme de formation spécialisé multisites;Formation professionnelle / organisme de formation;;;4500000;;10-50 (filtre);;;;;filtre CA 1-5 M€ & effectif 10-50
Fusacq;https://www.fusacq.com/vente-entreprise-fabricant-et-distributeur-de-materiel-electrique-industriel-nord-est,84512_fr_;V84512;08/09/2026;Fabricant et distributeur de matériel électrique industriel;Négoce / distribution B2B;;;4500000;;10-50 (filtre);;;;;filtre CA 1-5 M€ & effectif 10-50
Fusacq;https://www.fusacq.com/vente-entreprise-transport-citernes-pulverisantes-messagerie-lots-complets-affretement-et-logistique-picardie,84468_fr_;V84468;21/08/2026;Transport - citernes pulvérisantes, messagerie, lots complets, affrètement et logistique;Transport & logistique (commissionnaire, affrètement);;Hauts-de-France;4500000;;10-50 (filtre);;;;;filtre CA 1-5 M€ & effectif 10-50
Fusacq;https://www.fusacq.com/vente-entreprise-services-techniques-sur-les-domaines-des-reseaux-de-communication-et-de-la-securite-electronique-confidentiel,92436_fr_;V92436;;Services techniques sur les domaines des réseaux de communication et de la sécurité électronique;Communication / marketing / édition / imprimerie / PLV;;;4300000;;10-50 (filtre);;;;;filtre CA 1-5 M€ & effectif 10-50
Fusacq;https://www.fusacq.com/vente-entreprise-logistique-3pl-centre,87648_fr_;V87648;07/09/2026;Logistique 3PL;Transport & logistique (commissionnaire, affrètement);;Centre-Val de Loire;4200000;;10-50 (filtre);;;;;filtre CA 1-5 M€ & effectif 10-50
Fusacq;https://www.fusacq.com/vente-entreprise-peinture-revetements-de-sols-ravalement-et-isolation-thermique-par-l-exterieur-calvados,91922_fr_;V91922;;Peinture, revêtements de sols, ravalement et isolation thermique par l'extérieur;Bureau d'études / ingénierie / diagnostics;;Normandie;4000000;;10-50 (filtre);;;;;filtre CA 1-5 M€ & effectif 10-50
Fusacq;https://www.fusacq.com/vente-entreprise-agence-trade-marketing-et-fabriquant-de-supports-de-communication-aquitaine,91903_fr_;V91903;08/09/2026;Agence Trade Marketing et fabriquant de supports de communication;Communication / marketing / édition / imprimerie / PLV;;Nouvelle-Aquitaine;4000000;;10-50 (filtre);;;;;filtre CA 1-5 M€ & effectif 10-50
Fusacq;https://www.fusacq.com/vente-entreprise-distribution-de-parfumerie-de-niche-france,91166_fr_;V91166;;Distribution de parfumerie de niche;Négoce / distribution B2B;;;4000000;;10-50 (filtre);;;;;filtre CA 1-5 M€ & effectif 10-50
Fusacq;https://www.fusacq.com/vente-entreprise-negoce-de-meubles-sous-enseigne-aquitaine,90670_fr_;V90670;24/08/2026;Négoce de meubles sous enseigne;Négoce / distribution B2B;;Nouvelle-Aquitaine;4000000;;10-50 (filtre);;;;;filtre CA 1-5 M€ & effectif 10-50
Fusacq;https://www.fusacq.com/vente-entreprise-transport-routier-aquitaine,86845_fr_;V86845;27/07/2026;Transport routier;Transport & logistique (commissionnaire, affrètement);;Nouvelle-Aquitaine;4000000;;10-50 (filtre);;;;;filtre CA 1-5 M€ & effectif 10-50
Fusacq;https://www.fusacq.com/vente-entreprise-logistique-3pl-et-conditionnement-picardie,82665_fr_;V82665;21/07/2026;Logistique 3PL et conditionnement;Transport & logistique (commissionnaire, affrètement);;Hauts-de-France;4000000;;10-50 (filtre);;;;;filtre CA 1-5 M€ & effectif 10-50
Fusacq;https://www.fusacq.com/vente-entreprise-transports-poids-lourd-et-logistique-moselle,65281_fr_;V65281;16/09/2026;Transports poids lourd et logistique;Transport & logistique (commissionnaire, affrètement);;Grand Est;3928000;;10-50 (filtre);;;;;filtre CA 1-5 M€ & effectif 10-50
Fusacq;https://www.fusacq.com/vente-entreprise-activite-de-negoce-de-vetements-professionnels-et-epi-nord-est,92650_fr_;V92650;;Activité de négoce de vêtements professionnels et EPI;Négoce / distribution B2B;;;3800000;;10-50 (filtre);;;;;filtre CA 1-5 M€ & effectif 10-50
Fusacq;https://www.fusacq.com/vente-entreprise-groupe-d-ingenierie-multi-expertises-dedie-aux-infrastructures-techniques-paris,91551_fr_;V91551;17/07/2026;Groupe d'ingénierie multi-expertises dédié aux infrastructures techniques;Bureau d'études / ingénierie / diagnostics;;Île-de-France;3800000;;10-50 (filtre);;;;;filtre CA 1-5 M€ & effectif 10-50
Fusacq;https://www.fusacq.com/vente-entreprise-travail-des-metaux-construction-mecanique-vente-et-reparation-de-materiel-agricole-franche-comte,89383_fr_;V89383;01/08/2026;Travail des métaux, construction mécanique, vente et réparation de matériel agricole;Négoce / distribution B2B;;Bourgogne-Franche-Comté;3800000;;10-50 (filtre);;;;;filtre CA 1-5 M€ & effectif 10-50
Fusacq;https://www.fusacq.com/vente-entreprise-plateforme-b2b-de-formations-reglementees-savoir-faire-critiques-conseil-digital-saas-rhone,85269_fr_;V85269;07/09/2026;Plateforme B2B de formations réglementées & savoir-faire critiques – Conseil + Digital + SaaS;Services informatiques / ESN / éditeur de logiciel;;Auvergne-Rhône-Alpes;3800000;;10-50 (filtre);;;;;filtre CA 1-5 M€ & effectif 10-50
Fusacq;https://www.fusacq.com/vente-entreprise-transport-de-marchandises-3-societes-alsace,91892_fr_;V91892;;Transport de marchandises - 3 sociétés;Transport & logistique (commissionnaire, affrètement);;Grand Est;3600000;;10-50 (filtre);;;;;filtre CA 1-5 M€ & effectif 10-50
Fusacq;https://www.fusacq.com/vente-entreprise-transport-routier-nord,90295_fr_;V90295;03/08/2026;Transport routier;Transport & logistique (commissionnaire, affrètement);;Hauts-de-France;3600000;;10-50 (filtre);;;;;filtre CA 1-5 M€ & effectif 10-50
Fusacq;https://www.fusacq.com/vente-entreprise-distribution-regionale-de-messagerie-champagne-ardenne,73239_fr_;V73239;07/09/2026;Distribution régionale de messagerie;Transport & logistique (commissionnaire, affrètement);;Grand Est;3600000;;10-50 (filtre);;;;;filtre CA 1-5 M€ & effectif 10-50
Fusacq;https://www.fusacq.com/vente-entreprise-grossiste-en-fleurs-plantes-fournitures-et-accessoires-vaucluse,91391_fr_;V91391;;Grossiste en fleurs, plantes, fournitures et accessoires;Négoce / distribution B2B;;Provence-Alpes-Côte d'Azur;3500000;;10-50 (filtre);;;;;filtre CA 1-5 M€ & effectif 10-50
Fusacq;https://www.fusacq.com/vente-entreprise-agence-design-digital-paris,88702_fr_;V88702;17/09/2026;Agence design & digital;Services informatiques / ESN / éditeur de logiciel;;Île-de-France;3500000;;10-50 (filtre);;;;;filtre CA 1-5 M€ & effectif 10-50
Fusacq;https://www.fusacq.com/vente-entreprise-transport-et-location-de-camions-avec-chauffeurs-ile-de-france,81674_fr_;V81674;02/09/2026;Transport et location de camions avec chauffeurs;Transport & logistique (commissionnaire, affrètement);;Île-de-France;3500000;;10-50 (filtre);;;;;filtre CA 1-5 M€ & effectif 10-50
Fusacq;https://www.fusacq.com/vente-entreprise-esn-sous-traitance-val-de-marne,77152_fr_;V77152;21/07/2026;ESN sous-traitance;Services informatiques / ESN / éditeur de logiciel;;Île-de-France;3500000;;10-50 (filtre);;;;;filtre CA 1-5 M€ & effectif 10-50
Fusacq;https://www.fusacq.com/vente-entreprise-holding-offrant-des-prestations-juridiques-financieres-et-administratives-france,91747_fr_;V91747;;Holding offrant des prestations juridiques, financières et administratives;Conseil / expertise / services administratifs aux entreprises (BPO);;;3300000;;10-50 (filtre);;;;;filtre CA 1-5 M€ & effectif 10-50
Fusacq;https://www.fusacq.com/vente-entreprise-bureau-d-etudes-techniques-et-equipements-industriels-indre-et-loire,85658_fr_;V85658;21/08/2026;Bureau d'études techniques et équipements industriels;Bureau d'études / ingénierie / diagnostics;;Centre-Val de Loire;3300000;;10-50 (filtre);;;;;filtre CA 1-5 M€ & effectif 10-50
Fusacq;https://www.fusacq.com/vente-entreprise-negoce-et-installation-de-menuiseries-rhone-alpes,85635_fr_;V85635;26/08/2026;Négoce et installation de menuiseries;Négoce / distribution B2B;;Auvergne-Rhône-Alpes;3300000;;10-50 (filtre);;;;;filtre CA 1-5 M€ & effectif 10-50
Fusacq;https://www.fusacq.com/vente-entreprise-fabricant-d-emballages-en-plastique-correze,85630_fr_;V85630;13/07/2026;Fabricant d'emballages en plastique;Négoce / distribution B2B;;Nouvelle-Aquitaine;3300000;;10-50 (filtre);;;;;filtre CA 1-5 M€ & effectif 10-50
Fusacq;https://www.fusacq.com/vente-entreprise-transport-poids-lourds-vosges,76393_fr_;V76393;16/08/2026;Transport poids lourds;Transport & logistique (commissionnaire, affrètement);;Grand Est;3250000;;10-50 (filtre);;;;;filtre CA 1-5 M€ & effectif 10-50
Fusacq;https://www.fusacq.com/vente-entreprise-conception-et-fabrication-de-materiel-medical-rhone,92642_fr_;V92642;;Conception et fabrication de matériel médical;Négoce / distribution B2B;;Auvergne-Rhône-Alpes;3200000;;10-50 (filtre);;;;;filtre CA 1-5 M€ & effectif 10-50
Fusacq;https://www.fusacq.com/vente-entreprise-grossiste-en-hvac-sanitaire-placement-liege,91126_fr_;V91126;16/09/2026;Grossiste en HVAC - Sanitaire & Placement;Négoce / distribution B2B;;;3200000;;10-50 (filtre);;;;;filtre CA 1-5 M€ & effectif 10-50
Fusacq;https://www.fusacq.com/vente-entreprise-golf-restaurant-et-evenementiel-provence-alpes-cote-d-azur,84445_fr_;V84445;25/08/2026;Golf, restaurant et événementiel;Communication / marketing / édition / imprimerie / PLV;;Provence-Alpes-Côte d'Azur;3200000;;10-50 (filtre);;;;;filtre CA 1-5 M€ & effectif 10-50
Fusacq;https://www.fusacq.com/vente-entreprise-production-et-distribution-de-charcuteries-et-produits-a-griller-nord-ouest,80638_fr_;V80638;10/08/2026;Production et distribution de charcuteries et produits à griller;Négoce / distribution B2B;;;3200000;;10-50 (filtre);;;;;filtre CA 1-5 M€ & effectif 10-50
Fusacq;https://www.fusacq.com/vente-entreprise-vente-de-motocycles-vehicules-thermiques-et-electriques-sud-ouest,76180_fr_;V76180;08/09/2026;Vente de motocycles, véhicules thermiques et électriques;Bureau d'études / ingénierie / diagnostics;;;3200000;;10-50 (filtre);;;;;filtre CA 1-5 M€ & effectif 10-50
Fusacq;https://www.fusacq.com/vente-entreprise-distribution-de-materiel-agricole-et-de-motoculture-auvergne,92005_fr_;V92005;;Distribution de matériel agricole et de motoculture;Négoce / distribution B2B;;Auvergne-Rhône-Alpes;3100000;;10-50 (filtre);;;;;filtre CA 1-5 M€ & effectif 10-50
Fusacq;https://www.fusacq.com/vente-entreprise-esn-specialisee-en-software-craftsmanship-paris,91789_fr_;V91789;;ESN spécialisée en Software Craftsmanship;Services informatiques / ESN / éditeur de logiciel;;Île-de-France;3100000;;10-50 (filtre);;;;;filtre CA 1-5 M€ & effectif 10-50
Fusacq;https://www.fusacq.com/vente-entreprise-groupe-specialise-dans-l-impression-offset-et-numerique-provence-alpes-cote-d-azur,90328_fr_;V90328;01/09/2026;Groupe spécialisé dans l'impression OFFSET et numérique;Services informatiques / ESN / éditeur de logiciel;;Provence-Alpes-Côte d'Azur;3100000;;10-50 (filtre);;;;;filtre CA 1-5 M€ & effectif 10-50
Fusacq;https://www.fusacq.com/vente-entreprise-distribution-btob-de-quincaillerie-et-fournitures-industrielles-nord-ouest,92089_fr_;V92089;;Distribution BtoB de quincaillerie et fournitures industrielles;Négoce / distribution B2B;;;3000000;;10-50 (filtre);;;;;filtre CA 1-5 M€ & effectif 10-50
Fusacq;https://www.fusacq.com/vente-entreprise-agence-de-conseil-en-communication-calvados,91843_fr_;V91843;;Agence de conseil en communication;Communication / marketing / édition / imprimerie / PLV;;Normandie;3000000;;10-50 (filtre);;;;;filtre CA 1-5 M€ & effectif 10-50
Fusacq;https://www.fusacq.com/vente-entreprise-transport-de-beton-pret-a-l-emploi-france,91085_fr_;V91085;;Transport de béton prêt à l'emploi;Transport & logistique (commissionnaire, affrètement);;;3000000;;10-50 (filtre);;;;;filtre CA 1-5 M€ & effectif 10-50
Fusacq;https://www.fusacq.com/vente-entreprise-acteur-de-reference-en-conception-et-distribution-d-equipements-dedies-au-yoga-et-a-la-meditation-ile-de-france,90968_fr_;V90968;;Acteur de référence en conception et distribution d'équipements dédiés au yoga et à la méditation;Négoce / distribution B2B;;Île-de-France;3000000;;10-50 (filtre);;;;;filtre CA 1-5 M€ & effectif 10-50
Fusacq;https://www.fusacq.com/vente-entreprise-negoce-de-fournitures-industrielles-quincaillerie-et-epi-rhone-alpes,90190_fr_;V90190;23/07/2026;Négoce de fournitures industrielles, quincaillerie et EPI;Négoce / distribution B2B;;Auvergne-Rhône-Alpes;3000000;;10-50 (filtre);;;;;filtre CA 1-5 M€ & effectif 10-50
Fusacq;https://www.fusacq.com/vente-entreprise-negoce-et-edition-reglementaire-en-ligne-france,89575_fr_;V89575;24/08/2026;Négoce et édition réglementaire en ligne;Communication / marketing / édition / imprimerie / PLV;;;3000000;;10-50 (filtre);;;;;filtre CA 1-5 M€ & effectif 10-50
Fusacq;https://www.fusacq.com/vente-entreprise-distribution-automatique-et-snacking-bouches-du-rhone,89276_fr_;V89276;17/08/2026;Distribution automatique et snacking;Négoce / distribution B2B;;Provence-Alpes-Côte d'Azur;3000000;;10-50 (filtre);;;;;filtre CA 1-5 M€ & effectif 10-50
Fusacq;https://www.fusacq.com/vente-entreprise-negoce-de-produits-siderurgiques-outillages-et-quincaillerie-sud-est,87206_fr_;V87206;24/08/2026;Négoce de produits sidérurgiques, outillages et quincaillerie;Négoce / distribution B2B;;;3000000;;10-50 (filtre);;;;;filtre CA 1-5 M€ & effectif 10-50
Fusacq;https://www.fusacq.com/vente-entreprise-location-de-tracteurs-agricoles-fabrication-de-bennes-et-negoce-de-materiel-d-occasion-nord-est,86063_fr_;V86063;07/09/2026;Location de tracteurs agricoles, fabrication de bennes et négoce de matériel d'occasion;Négoce / distribution B2B;;;3000000;;10-50 (filtre);;;;;filtre CA 1-5 M€ & effectif 10-50
Fusacq;https://www.fusacq.com/vente-entreprise-essais-de-performance-des-pneumatiques-et-solutions-d-equipements-associees-puy-de-dome,91962_fr_;V91962;;Essais de performance des pneumatiques et solutions d'équipements associées;Bureau d'études / ingénierie / diagnostics;;Auvergne-Rhône-Alpes;2900000;;10-50 (filtre);;;;;filtre CA 1-5 M€ & effectif 10-50
Fusacq;https://www.fusacq.com/vente-entreprise-restauration-du-patrimoine-bati-herault,91593_fr_;V91593;;Restauration du patrimoine bâti;Courtage assurance / intermédiation financière;;Occitanie;2900000;;10-50 (filtre);;;;;filtre CA 1-5 M€ & effectif 10-50
Fusacq;https://www.fusacq.com/vente-entreprise-groupe-de-11-micro-creches-ile-de-france,88648_fr_;V88648;07/09/2026;Groupe de 11 micro-crèches;Services à la personne / santé à domicile;;Île-de-France;2900000;;10-50 (filtre);;;;;filtre CA 1-5 M€ & effectif 10-50
Fusacq;https://www.fusacq.com/vente-entreprise-agence-digitale-responsable-paris,91632_fr_;V91632;;Agence digitale responsable;Services informatiques / ESN / éditeur de logiciel;;Île-de-France;2700000;;10-50 (filtre);;;;;filtre CA 1-5 M€ & effectif 10-50
Fusacq;https://www.fusacq.com/vente-entreprise-location-de-materiel-de-transport-avec-chauffeur-aquitaine,86841_fr_;V86841;27/07/2026;Location de matériel de transport avec chauffeur;Transport & logistique (commissionnaire, affrètement);;Nouvelle-Aquitaine;2700000;;10-50 (filtre);;;;;filtre CA 1-5 M€ & effectif 10-50
Fusacq;https://www.fusacq.com/vente-entreprise-transport-poids-lourds-mayenne,86734_fr_;V86734;30/07/2026;Transport poids lourds;Transport & logistique (commissionnaire, affrètement);;;2700000;;10-50 (filtre);;;;;filtre CA 1-5 M€ & effectif 10-50
Fusacq;https://www.fusacq.com/vente-entreprise-location-de-materiel-tp-avec-chauffeur-loire-atlantique,91064_fr_;V91064;;Location de matériel TP avec chauffeur;Négoce / distribution B2B;;;2600000;;10-50 (filtre);;;;;filtre CA 1-5 M€ & effectif 10-50
Fusacq;https://www.fusacq.com/vente-entreprise-charcuterie-traiteur-production-et-distribution-locale-nord-ouest,90009_fr_;V90009;20/07/2026;Charcuterie / traiteur : production et distribution locale;Négoce / distribution B2B;;;2600000;;10-50 (filtre);;;;;filtre CA 1-5 M€ & effectif 10-50
Fusacq;https://www.fusacq.com/vente-entreprise-transport-frigorifique-et-transport-industriel-limousin,88389_fr_;V88389;31/08/2026;Transport frigorifique et transport industriel;Transport & logistique (commissionnaire, affrètement);;Nouvelle-Aquitaine;2600000;;10-50 (filtre);;;;;filtre CA 1-5 M€ & effectif 10-50
Fusacq;https://www.fusacq.com/vente-entreprise-distribution-de-meubles-et-installation-de-cuisines-bourgogne,87640_fr_;V87640;07/09/2026;Distribution de meubles et installation de cuisines;Négoce / distribution B2B;;Bourgogne-Franche-Comté;2600000;;10-50 (filtre);;;;;filtre CA 1-5 M€ & effectif 10-50
Fusacq;https://www.fusacq.com/vente-entreprise-traiteur-evenementiel-alpes-maritimes,81869_fr_;V81869;25/08/2026;Traiteur événementiel;Communication / marketing / édition / imprimerie / PLV;;Provence-Alpes-Côte d'Azur;2600000;;10-50 (filtre);;;;;filtre CA 1-5 M€ & effectif 10-50
Fusacq;https://www.fusacq.com/vente-entreprise-nettoyage-de-cuves-hydrocarbures-et-traitement-des-eaux-polluees-provence-alpes-cote-d-azur,92490_fr_;V92490;;Nettoyage de cuves hydrocarbures et traitement des eaux polluées;Propreté / nettoyage / multiservices;;Provence-Alpes-Côte d'Azur;2500000;;10-50 (filtre);;;;;filtre CA 1-5 M€ & effectif 10-50
Fusacq;https://www.fusacq.com/vente-entreprise-negoce-de-jouets-peluches-et-articles-cadeaux-nord,91428_fr_;V91428;;Négoce de jouets, peluches et articles cadeaux;Négoce / distribution B2B;;Hauts-de-France;2500000;;10-50 (filtre);;;;;filtre CA 1-5 M€ & effectif 10-50
Fusacq;https://www.fusacq.com/vente-entreprise-conception-fabrication-et-distribution-de-robots-franche-comte,90932_fr_;V90932;03/09/2026;Conception, fabrication et distribution de robots;Négoce / distribution B2B;;Bourgogne-Franche-Comté;2500000;;10-50 (filtre);;;;;filtre CA 1-5 M€ & effectif 10-50
Fusacq;https://www.fusacq.com/vente-entreprise-developpement-de-solutions-metiers-assistance-technique-integrateur-conseil-et-formation-alsace,89826_fr_;V89826;04/09/2026;Développement de solutions métiers, assistance technique, intégrateur, conseil et formation;Conseil / expertise / services administratifs aux entreprises (BPO);;Grand Est;2500000;;10-50 (filtre);;;;;filtre CA 1-5 M€ & effectif 10-50
Fusacq;https://www.fusacq.com/vente-entreprise-vente-et-reparation-de-materiel-de-motoculture-nord-ouest,87372_fr_;V87372;31/08/2026;Vente et réparation de matériel de motoculture;Négoce / distribution B2B;;;2500000;;10-50 (filtre);;;;;filtre CA 1-5 M€ & effectif 10-50
Fusacq;https://www.fusacq.com/vente-entreprise-restauration-et-traiteur-evenementiel-loire,92507_fr_;V92507;;Restauration et traiteur événementiel;Communication / marketing / édition / imprimerie / PLV;;Auvergne-Rhône-Alpes;2400000;;10-50 (filtre);;;;;filtre CA 1-5 M€ & effectif 10-50
Fusacq;https://www.fusacq.com/vente-entreprise-conseil-en-financement-des-acteurs-de-la-culture-ile-de-france,89862_fr_;V89862;21/07/2026;Conseil en financement des acteurs de la culture;Conseil / expertise / services administratifs aux entreprises (BPO);;Île-de-France;2400000;;10-50 (filtre);;;;;filtre CA 1-5 M€ & effectif 10-50
Fusacq;https://www.fusacq.com/vente-entreprise-transport-routier-de-fret-interurbain-et-affretement-rhone-alpes,85880_fr_;V85880;02/07/2026;Transport routier de fret interurbain et affrètement;Transport & logistique (commissionnaire, affrètement);;Auvergne-Rhône-Alpes;2320000;;10-50 (filtre);;;;;filtre CA 1-5 M€ & effectif 10-50
Fusacq;https://www.fusacq.com/vente-entreprise-edition-de-magazine-et-regie-publicitaire-bretagne,91127_fr_;V91127;;Édition de magazine et régie publicitaire;Communication / marketing / édition / imprimerie / PLV;;Bretagne;2300000;;10-50 (filtre);;;;;filtre CA 1-5 M€ & effectif 10-50
Fusacq;https://www.fusacq.com/vente-entreprise-editeur-de-logiciels-de-niche-dematerialisation-des-appels-d-offres-alpes-maritimes,90302_fr_;V90302;03/08/2026;Éditeur de logiciels de niche : dématérialisation des appels d'offres;Services informatiques / ESN / éditeur de logiciel;;Provence-Alpes-Côte d'Azur;2300000;;10-50 (filtre);;;;;filtre CA 1-5 M€ & effectif 10-50
Fusacq;https://www.fusacq.com/vente-entreprise-geomarketing-et-outils-digitaux-de-la-connaissance-et-de-l-activation-client-pays-de-la-loire,90116_fr_;V90116;20/07/2026;Géomarketing et outils digitaux de la connaissance et de l'activation client;Communication / marketing / édition / imprimerie / PLV;;;2300000;;10-50 (filtre);;;;;filtre CA 1-5 M€ & effectif 10-50
Fusacq;https://www.fusacq.com/vente-entreprise-fabrication-negoce-et-sav-de-pompes-hydrauliques-bourgogne,86640_fr_;V86640;16/09/2026;Fabrication, négoce et SAV de pompes hydrauliques;Négoce / distribution B2B;;Bourgogne-Franche-Comté;2300000;;10-50 (filtre);;;;;filtre CA 1-5 M€ & effectif 10-50
Fusacq;https://www.fusacq.com/vente-entreprise-negoce-en-fruits-et-legumes-alpes-maritimes,83931_fr_;V83931;21/07/2026;Négoce en fruits et légumes;Négoce / distribution B2B;;Provence-Alpes-Côte d'Azur;2300000;;10-50 (filtre);;;;;filtre CA 1-5 M€ & effectif 10-50
Fusacq;https://www.fusacq.com/vente-entreprise-construction-et-mise-en-service-de-reseaux-electriques-et-telecom-provence-alpes-cote-d-azur,77403_fr_;V77403;23/07/2026;Construction et mise en service de réseaux électriques et télécom;Services informatiques / ESN / éditeur de logiciel;;Provence-Alpes-Côte d'Azur;2300000;;10-50 (filtre);;;;;filtre CA 1-5 M€ & effectif 10-50
Fusacq;https://www.fusacq.com/vente-entreprise-assistance-technique-et-recrutement-seine-et-marne,86313_fr_;V86313;17/09/2026;Assistance technique et recrutement;Recrutement / intérim / RH / paie;;Île-de-France;2260000;;10-50 (filtre);;;;;filtre CA 1-5 M€ & effectif 10-50
Fusacq;https://www.fusacq.com/vente-entreprise-groupe-multi-agences-specialiste-du-diagnostic-immobilier-nord-est,92354_fr_;V92354;;Groupe multi-agences spécialiste du diagnostic immobilier;Bureau d'études / ingénierie / diagnostics;;;2200000;;10-50 (filtre);;;;;filtre CA 1-5 M€ & effectif 10-50
Fusacq;https://www.fusacq.com/vente-entreprise-vente-et-installation-de-menuiserie-aluminium-pvc-herault,91041_fr_;V91041;18/09/2026;Vente et installation de menuiserie aluminium / PVC;Négoce / distribution B2B;;Occitanie;2200000;;10-50 (filtre);;;;;filtre CA 1-5 M€ & effectif 10-50
Fusacq;https://www.fusacq.com/vente-entreprise-leader-des-services-autonomie-a-domicile-sad-et-du-portage-de-repas-meurthe-et-moselle,90142_fr_;V90142;21/07/2026;Leader des Services Autonomie à Domicile (SAD) et du portage de repas;Services à la personne / santé à domicile;;Grand Est;2200000;;10-50 (filtre);;;;;filtre CA 1-5 M€ & effectif 10-50
Fusacq;https://www.fusacq.com/vente-entreprise-affichage-publicitaire-urbain-languedoc-roussillon,92609_fr_;V92609;;Affichage publicitaire urbain;Communication / marketing / édition / imprimerie / PLV;;Occitanie;2100000;;10-50 (filtre);;;;;filtre CA 1-5 M€ & effectif 10-50
Fusacq;https://www.fusacq.com/vente-entreprise-specialiste-des-solutions-d-alerte-multicanale-et-de-communication-de-crise-france,90926_fr_;V90926;07/09/2026;Spécialiste des solutions d'alerte multicanale et de communication de crise;Communication / marketing / édition / imprimerie / PLV;;;2100000;;10-50 (filtre);;;;;filtre CA 1-5 M€ & effectif 10-50
Fusacq;https://www.fusacq.com/vente-entreprise-menuiseries-metalliques-avec-bureau-d-etudes-integre-aube,79216_fr_;V79216;17/09/2026;Menuiseries métalliques avec bureau d'études intégré;Bureau d'études / ingénierie / diagnostics;;Grand Est;2020000;;10-50 (filtre);;;;;filtre CA 1-5 M€ & effectif 10-50
Fusacq;https://www.fusacq.com/vente-entreprise-location-de-materiel-audiovisuel-professionnel-ile-de-france,92622_fr_;V92622;;Location de matériel audiovisuel professionnel;Communication / marketing / édition / imprimerie / PLV;;Île-de-France;2000000;;10-50 (filtre);;;;;filtre CA 1-5 M€ & effectif 10-50
Fusacq;https://www.fusacq.com/vente-entreprise-infogerance-et-hebergement-nord-est,92390_fr_;V92390;;Infogérance et hébergement;Services informatiques / ESN / éditeur de logiciel;;;2000000;;10-50 (filtre);;;;;filtre CA 1-5 M€ & effectif 10-50
Fusacq;https://www.fusacq.com/vente-entreprise-agence-de-marketing-operationnel-paris,92361_fr_;V92361;;Agence de marketing opérationnel;Communication / marketing / édition / imprimerie / PLV;;Île-de-France;2000000;;10-50 (filtre);;;;;filtre CA 1-5 M€ & effectif 10-50
Fusacq;https://www.fusacq.com/vente-entreprise-bureau-d-etudes-techniques-en-fluides-pays-de-la-loire,91798_fr_;V91798;;Bureau d'études techniques en fluides;Bureau d'études / ingénierie / diagnostics;;;2000000;;10-50 (filtre);;;;;filtre CA 1-5 M€ & effectif 10-50
Fusacq;https://www.fusacq.com/vente-entreprise-reseau-de-micro-creches-rhone-alpes,91562_fr_;V91562;;Réseau de micro-crèches;Services à la personne / santé à domicile;;Auvergne-Rhône-Alpes;2000000;;10-50 (filtre);;;;;filtre CA 1-5 M€ & effectif 10-50
Fusacq;https://www.fusacq.com/vente-entreprise-services-de-demenagement-provence-alpes-cote-d-azur,88016_fr_;V88016;13/08/2026;Services de déménagement;Transport & logistique (commissionnaire, affrètement);;Provence-Alpes-Côte d'Azur;2000000;;10-50 (filtre);;;;;filtre CA 1-5 M€ & effectif 10-50
Fusacq;https://www.fusacq.com/vente-entreprise-installation-et-maintenance-de-reseaux-telephoniques-et-telecoms-sarthe,87901_fr_;V87901;20/07/2026;Installation et maintenance de réseaux téléphoniques et télécoms;Services informatiques / ESN / éditeur de logiciel;;;2000000;;10-50 (filtre);;;;;filtre CA 1-5 M€ & effectif 10-50
Fusacq;https://www.fusacq.com/vente-entreprise-renovation-energetique-de-l-habitat-du-conseil-a-la-pose-nord-pas-de-calais,87457_fr_;V87457;14/09/2026;Rénovation énergétique de l'habitat : du conseil à la pose;Conseil / expertise / services administratifs aux entreprises (BPO);;Hauts-de-France;2000000;;10-50 (filtre);;;;;filtre CA 1-5 M€ & effectif 10-50
Fusacq;https://www.fusacq.com/vente-entreprise-menuiserie-metallique-fabrication-et-negoce-aquitaine,85268_fr_;V85268;26/08/2026;Menuiserie métallique : Fabrication et négoce;Négoce / distribution B2B;;Nouvelle-Aquitaine;2000000;;10-50 (filtre);;;;;filtre CA 1-5 M€ & effectif 10-50
Fusacq;https://www.fusacq.com/vente-entreprise-esn-specialisee-en-regie-it-sud-est,91368_fr_;V91368;;ESN spécialisée en régie IT;Services informatiques / ESN / éditeur de logiciel;;;1900000;;10-50 (filtre);;;;;filtre CA 1-5 M€ & effectif 10-50
Fusacq;https://www.fusacq.com/vente-entreprise-integrateur-securite-telecoms-btob-languedoc-roussillon,90001_fr_;V90001;16/09/2026;Intégrateur sécurité & télécoms BtoB;Services informatiques / ESN / éditeur de logiciel;;Occitanie;1900000;;10-50 (filtre);;;;;filtre CA 1-5 M€ & effectif 10-50
Fusacq;https://www.fusacq.com/vente-entreprise-stockage-de-produits-gestion-de-stocks-et-logistique-centre,89844_fr_;V89844;18/09/2026;Stockage de produits, gestion de stocks et logistique;Transport & logistique (commissionnaire, affrètement);;Centre-Val de Loire;1900000;;10-50 (filtre);;;;;filtre CA 1-5 M€ & effectif 10-50
Fusacq;https://www.fusacq.com/vente-entreprise-vente-ambulante-de-fournitures-d-outillage-deux-societes-dordogne,89850_fr_;V89850;24/07/2026;Vente ambulante de fournitures d'outillage - Deux sociétés;Négoce / distribution B2B;;Nouvelle-Aquitaine;1855000;;10-50 (filtre);;;;;filtre CA 1-5 M€ & effectif 10-50
Fusacq;https://www.fusacq.com/vente-entreprise-traiteur-evenementiel-bruxelles-capitale,77577_fr_;V77577;26/08/2026;Traiteur évènementiel;Communication / marketing / édition / imprimerie / PLV;;;1825000;;10-50 (filtre);;;;;filtre CA 1-5 M€ & effectif 10-50
Fusacq;https://www.fusacq.com/vente-entreprise-groupe-de-8-micro-creches-doubs,92612_fr_;V92612;;Groupe de 8 micro-crèches;Services à la personne / santé à domicile;;Bourgogne-Franche-Comté;1800000;;10-50 (filtre);;;;;filtre CA 1-5 M€ & effectif 10-50
Fusacq;https://www.fusacq.com/vente-entreprise-un-reseau-de-restauration-digitale-multi-marques-seine-saint-denis,92504_fr_;V92504;;Un réseau de restauration digitale multi-marques;Services informatiques / ESN / éditeur de logiciel;;Île-de-France;1800000;;10-50 (filtre);;;;;filtre CA 1-5 M€ & effectif 10-50
Fusacq;https://www.fusacq.com/vente-entreprise-agence-de-communication-creative-influence-b2b-paris,92416_fr_;V92416;;Agence de communication créative & influence B2B;Communication / marketing / édition / imprimerie / PLV;;Île-de-France;1800000;;10-50 (filtre);;;;;filtre CA 1-5 M€ & effectif 10-50
Fusacq;https://www.fusacq.com/vente-entreprise-distribution-specialisee-en-epicerie-bretagne,84073_fr_;V84073;27/07/2026;Distribution spécialisée en épicerie;Négoce / distribution B2B;;Bretagne;1800000;;10-50 (filtre);;;;;filtre CA 1-5 M€ & effectif 10-50
Fusacq;https://www.fusacq.com/vente-entreprise-transport-de-marchandises-rhone-alpes,83029_fr_;V83029;20/07/2026;Transport de marchandises;Transport & logistique (commissionnaire, affrètement);;Auvergne-Rhône-Alpes;1725000;;10-50 (filtre);;;;;filtre CA 1-5 M€ & effectif 10-50
Fusacq;https://www.fusacq.com/vente-entreprise-transport-routier-de-marchandises-par-bennes-pas-de-calais,91412_fr_;V91412;;Transport routier de marchandises par bennes;Transport & logistique (commissionnaire, affrètement);;Hauts-de-France;1700000;;10-50 (filtre);;;;;filtre CA 1-5 M€ & effectif 10-50
Fusacq;https://www.fusacq.com/vente-entreprise-bureau-d-etudes-en-reseaux-pyrenees-atlantiques,91337_fr_;V91337;;Bureau d'études en réseaux;Bureau d'études / ingénierie / diagnostics;;Nouvelle-Aquitaine;1700000;;10-50 (filtre);;;;;filtre CA 1-5 M€ & effectif 10-50
Fusacq;https://www.fusacq.com/vente-entreprise-agence-de-conseil-en-design-et-communication-de-marque-hauts-de-seine,91256_fr_;V91256;;Agence de conseil en design et communication de marque;Communication / marketing / édition / imprimerie / PLV;;Île-de-France;1700000;;10-50 (filtre);;;;;filtre CA 1-5 M€ & effectif 10-50
Fusacq;https://www.fusacq.com/vente-entreprise-cabinet-d-expertise-comptable-alpes-maritimes,91235_fr_;V91235;;Cabinet d'expertise comptable;Conseil / expertise / services administratifs aux entreprises (BPO);;Provence-Alpes-Côte d'Azur;1700000;;10-50 (filtre);;;;;filtre CA 1-5 M€ & effectif 10-50
Fusacq;https://www.fusacq.com/vente-entreprise-domaine-de-loisirs-experientiel-avec-hebergement-nature-premium-ile-de-france,87956_fr_;V87956;27/07/2026;Domaine de loisirs expérientiel avec hébergement nature premium;Services informatiques / ESN / éditeur de logiciel;;Île-de-France;1700000;;10-50 (filtre);;;;;filtre CA 1-5 M€ & effectif 10-50
Fusacq;https://www.fusacq.com/vente-entreprise-site-de-loisirs-hotellerie-restauration-evenementiel-et-spectacles-nord-est,87931_fr_;V87931;21/07/2026;Site de loisirs, hôtellerie, restauration, événementiel et spectacles;Communication / marketing / édition / imprimerie / PLV;;;1700000;;10-50 (filtre);;;;;filtre CA 1-5 M€ & effectif 10-50
Fusacq;https://www.fusacq.com/vente-entreprise-nettoyage-tertiaire-nord-pas-de-calais,91683_fr_;V91683;;Nettoyage tertiaire;Propreté / nettoyage / multiservices;;Hauts-de-France;1600000;;10-50 (filtre);;;;;filtre CA 1-5 M€ & effectif 10-50
Fusacq;https://www.fusacq.com/vente-entreprise-plate-forme-numerique-pour-le-bien-etre-et-les-produits-de-consommation-commerce-electronique-mondial-confidentiel,91095_fr_;V91095;24/07/2026;Plate-forme numérique pour le bien-être et les produits de consommation;Services informatiques / ESN / éditeur de logiciel;;;1600000;;10-50 (filtre);;;;;filtre CA 1-5 M€ & effectif 10-50
Fusacq;https://www.fusacq.com/vente-entreprise-distribution-automatique-seine-saint-denis,91049_fr_;V91049;;Distribution automatique;Négoce / distribution B2B;;Île-de-France;1600000;;10-50 (filtre);;;;;filtre CA 1-5 M€ & effectif 10-50
Fusacq;https://www.fusacq.com/vente-entreprise-bureau-d-etudes-specialise-en-detection-et-cartographie-de-reseaux-nord,90732_fr_;V90732;27/08/2026;Bureau d'études spécialisé en détection et cartographie de réseaux;Bureau d'études / ingénierie / diagnostics;;Hauts-de-France;1600000;;10-50 (filtre);;;;;filtre CA 1-5 M€ & effectif 10-50
Fusacq;https://www.fusacq.com/vente-entreprise-services-a-la-personne-france,80690_fr_;V80690;14/09/2026;Services à la personne;Services à la personne / santé à domicile;;;1525000;;10-50 (filtre);;;;;filtre CA 1-5 M€ & effectif 10-50
Fusacq;https://www.fusacq.com/vente-entreprise-proprete-et-nettoyage-alpes-maritimes,92575_fr_;V92575;;Propreté et nettoyage;Propreté / nettoyage / multiservices;;Provence-Alpes-Côte d'Azur;1500000;;10-50 (filtre);;;;;filtre CA 1-5 M€ & effectif 10-50
Fusacq;https://www.fusacq.com/vente-entreprise-groupe-multiservices-a-la-personne-seine-et-marne,92506_fr_;V92506;;Groupe multiservices à la personne;Propreté / nettoyage / multiservices;;Île-de-France;1500000;;10-50 (filtre);;;;;filtre CA 1-5 M€ & effectif 10-50
Fusacq;https://www.fusacq.com/vente-entreprise-nettoyage-et-entretien-gard,91032_fr_;V91032;07/09/2026;Nettoyage et entretien;Propreté / nettoyage / multiservices;;Occitanie;1500000;;10-50 (filtre);;;;;filtre CA 1-5 M€ & effectif 10-50
Fusacq;https://www.fusacq.com/vente-entreprise-transport-de-biens-bas-rhin,90992_fr_;V90992;16/09/2026;Transport de biens;Transport & logistique (commissionnaire, affrètement);;Grand Est;1500000;;10-50 (filtre);;;;;filtre CA 1-5 M€ & effectif 10-50
Fusacq;https://www.fusacq.com/vente-entreprise-nettoyage-et-entretien-languedoc-roussillon,90705_fr_;V90705;21/08/2026;Nettoyage et entretien;Propreté / nettoyage / multiservices;;Occitanie;1500000;;10-50 (filtre);;;;oui (cf. Fusacq V91032);filtre CA 1-5 M€ & effectif 10-50
Fusacq;https://www.fusacq.com/vente-entreprise-mecanique-industrielle-bureau-d-etudes-centre,88012_fr_;V88012;17/09/2026;Mécanique industrielle - Bureau d'études;Bureau d'études / ingénierie / diagnostics;;Centre-Val de Loire;1500000;;10-50 (filtre);;;;;filtre CA 1-5 M€ & effectif 10-50
Fusacq;https://www.fusacq.com/vente-entreprise-assistance-technique-bureau-d-etudes-industrielles-et-mecaniques-rhone-alpes,86576_fr_;V86576;31/08/2026;Assistance technique / Bureau d'études industrielles et mécaniques;Bureau d'études / ingénierie / diagnostics;;Auvergne-Rhône-Alpes;1500000;;10-50 (filtre);;;;;filtre CA 1-5 M€ & effectif 10-50
Fusacq;https://www.fusacq.com/vente-entreprise-installation-d-isolation-thermique-centre,83971_fr_;V83971;24/08/2026;Installation d'isolation thermique;Bureau d'études / ingénierie / diagnostics;;Centre-Val de Loire;1500000;;10-50 (filtre);;;;;filtre CA 1-5 M€ & effectif 10-50
Fusacq;https://www.fusacq.com/vente-entreprise-editeur-d-un-logiciel-de-gestion-de-point-de-vente-et-d-encaissement-erp-pos-france,82594_fr_;V82594;26/08/2026;Éditeur d'un logiciel de gestion de point de vente et d'encaissement ERP POS;Services informatiques / ESN / éditeur de logiciel;;;1500000;;10-50 (filtre);;;;;filtre CA 1-5 M€ & effectif 10-50
Fusacq;https://www.fusacq.com/vente-entreprise-conception-fabrication-et-distribution-de-systemes-de-surveillance-et-protection-sud-est,82177_fr_;V82177;07/09/2026;Conception, fabrication et distribution de systèmes de surveillance et protection;Sécurité / surveillance / télésurveillance;;;1500000;;10-50 (filtre);;;;;filtre CA 1-5 M€ & effectif 10-50
Fusacq;https://www.fusacq.com/vente-entreprise-livraison-et-transport-aux-entreprises-aquitaine,77996_fr_;V77996;24/08/2026;Livraison et transport aux entreprises;Transport & logistique (commissionnaire, affrètement);;Nouvelle-Aquitaine;1450000;;10-50 (filtre);;;;;filtre CA 1-5 M€ & effectif 10-50
Fusacq;https://www.fusacq.com/vente-entreprise-transport-routier-3-5-tonnes-avec-20-licences-nord,85701_fr_;V85701;28/08/2026;Transport routier -3.5 Tonnes avec 20 licences;Transport & logistique (commissionnaire, affrètement);;Hauts-de-France;1445000;;10-50 (filtre);;;;;filtre CA 1-5 M€ & effectif 10-50
Fusacq;https://www.fusacq.com/vente-entreprise-groupe-de-6-micro-creches-doubs,92220_fr_;V92220;;Groupe de 6 micro-crèches;Services à la personne / santé à domicile;;Bourgogne-Franche-Comté;1400000;;10-50 (filtre);;;;;filtre CA 1-5 M€ & effectif 10-50
Fusacq;https://www.fusacq.com/vente-entreprise-agence-de-marketing-corse,90908_fr_;V90908;13/08/2026;Agence de marketing;Communication / marketing / édition / imprimerie / PLV;;Corse;1400000;;10-50 (filtre);;;;;filtre CA 1-5 M€ & effectif 10-50
Fusacq;https://www.fusacq.com/vente-entreprise-location-de-vaisselle-et-materiel-de-cuisine-aude,88810_fr_;V88810;20/07/2026;Location de vaisselle et matériel de cuisine;Négoce / distribution B2B;;Occitanie;1400000;;10-50 (filtre);;;;;filtre CA 1-5 M€ & effectif 10-50
Fusacq;https://www.fusacq.com/vente-entreprise-agence-de-communication-et-marketing-digital-local-sud-est,86151_fr_;V86151;31/08/2026;Agence de communication et marketing digital local;Services informatiques / ESN / éditeur de logiciel;;;1400000;;10-50 (filtre);;;;;filtre CA 1-5 M€ & effectif 10-50
Fusacq;https://www.fusacq.com/vente-entreprise-transport-dernier-kilometre-confidentiel,73276_fr_;V73276;22/07/2026;Transport dernier kilomètre;Transport & logistique (commissionnaire, affrètement);;;1400000;;10-50 (filtre);;;;;filtre CA 1-5 M€ & effectif 10-50
Fusacq;https://www.fusacq.com/vente-entreprise-organisme-de-formation-en-transport-et-securite-aquitaine,92447_fr_;V92447;;Organisme de formation en transport et sécurité;Transport & logistique (commissionnaire, affrètement);;Nouvelle-Aquitaine;1300000;;10-50 (filtre);;;;;filtre CA 1-5 M€ & effectif 10-50
Fusacq;https://www.fusacq.com/vente-entreprise-esn-parisienne-en-regie-it-pure-paris,91222_fr_;V91222;18/09/2026;ESN parisienne en régie IT pure;Services informatiques / ESN / éditeur de logiciel;;Île-de-France;1300000;;10-50 (filtre);;;;;filtre CA 1-5 M€ & effectif 10-50
Fusacq;https://www.fusacq.com/vente-entreprise-usinage-numerique-rhone-alpes,90959_fr_;V90959;04/09/2026;Usinage numérique;Services informatiques / ESN / éditeur de logiciel;;Auvergne-Rhône-Alpes;1300000;;10-50 (filtre);;;;;filtre CA 1-5 M€ & effectif 10-50
Fusacq;https://www.fusacq.com/vente-entreprise-transport-routier-de-marchandises-et-prestations-logistiques-associees-isere,89507_fr_;V89507;26/08/2026;Transport routier de marchandises et prestations logistiques associées;Transport & logistique (commissionnaire, affrètement);;Auvergne-Rhône-Alpes;1300000;;10-50 (filtre);;;;;filtre CA 1-5 M€ & effectif 10-50
Fusacq;https://www.fusacq.com/vente-entreprise-groupe-de-6-micro-creches-doubs,86995_fr_;V86995;29/07/2026;Groupe de 6 micro-crèches;Services à la personne / santé à domicile;;Bourgogne-Franche-Comté;1300000;;10-50 (filtre);;;;;filtre CA 1-5 M€ & effectif 10-50
Fusacq;https://www.fusacq.com/vente-entreprise-marketing-operationnel-specialise-dans-le-secteur-des-nouvelles-technologies-provence-alpes-cote-d-azur,79394_fr_;V79394;20/07/2026;Marketing opérationnel spécialisé dans le secteur des nouvelles technologies;Communication / marketing / édition / imprimerie / PLV;;Provence-Alpes-Côte d'Azur;1300000;;10-50 (filtre);;;;;filtre CA 1-5 M€ & effectif 10-50
Fusacq;https://www.fusacq.com/vente-entreprise-bureau-d-etudes-mecaniques-et-mecatroniques-ille-et-vilaine,92616_fr_;V92616;;Bureau d'études mécaniques et mécatroniques;Bureau d'études / ingénierie / diagnostics;;Bretagne;1200000;;10-50 (filtre);;;;;filtre CA 1-5 M€ & effectif 10-50
Fusacq;https://www.fusacq.com/vente-entreprise-plateforme-commerciale-digitale-pyrenees-orientales,92215_fr_;V92215;;Plateforme commerciale digitale;Services informatiques / ESN / éditeur de logiciel;;Occitanie;1200000;;10-50 (filtre);;;;;filtre CA 1-5 M€ & effectif 10-50
Fusacq;https://www.fusacq.com/vente-entreprise-menuiseries-bois-pvc-alu-negoce-pose-rhone-alpes,91282_fr_;V91282;;Menuiseries bois, PVC, alu : négoce & pose;Négoce / distribution B2B;;Auvergne-Rhône-Alpes;1200000;;10-50 (filtre);;;;;filtre CA 1-5 M€ & effectif 10-50
Fusacq;https://www.fusacq.com/vente-entreprise-cabinet-de-consulting-centre-de-formation-gironde,91165_fr_;V91165;;Cabinet de consulting / centre de formation;Formation professionnelle / organisme de formation;;Nouvelle-Aquitaine;1200000;;10-50 (filtre);;;;;filtre CA 1-5 M€ & effectif 10-50
Fusacq;https://www.fusacq.com/vente-entreprise-agence-de-maintien-a-domicile-isere,90431_fr_;V90431;20/08/2026;Agence de maintien à domicile;Services à la personne / santé à domicile;;Auvergne-Rhône-Alpes;1200000;;10-50 (filtre);;;;;filtre CA 1-5 M€ & effectif 10-50
Fusacq;https://www.fusacq.com/vente-entreprise-cabinet-d-architectes-hainaut,81623_fr_;V81623;22/07/2026;Cabinet d'architectes;Conseil / expertise / services administratifs aux entreprises (BPO);;;1200000;;10-50 (filtre);;;;;filtre CA 1-5 M€ & effectif 10-50
Fusacq;https://www.fusacq.com/vente-entreprise-formation-professionnelle-seine-maritime,81338_fr_;V81338;14/09/2026;Formation professionnelle;Formation professionnelle / organisme de formation;;Normandie;1145000;;10-50 (filtre);;;;;filtre CA 1-5 M€ & effectif 10-50
Fusacq;https://www.fusacq.com/vente-entreprise-editeur-de-progiciels-de-gestion-et-esn-saone-et-loire,83982_fr_;V83982;27/08/2026;Éditeur de progiciels de gestion et ESN;Services informatiques / ESN / éditeur de logiciel;;Bourgogne-Franche-Comté;1135000;;10-50 (filtre);;;;;filtre CA 1-5 M€ & effectif 10-50
Fusacq;https://www.fusacq.com/vente-entreprise-transport-routier-de-marchandises-loiret,92158_fr_;V92158;;Transport routier de marchandises;Transport & logistique (commissionnaire, affrètement);;Centre-Val de Loire;1100000;;10-50 (filtre);;;;;filtre CA 1-5 M€ & effectif 10-50
Fusacq;https://www.fusacq.com/vente-entreprise-conseil-rh-et-plateforme-saas-ile-de-france,92019_fr_;V92019;;Conseil RH et plateforme SaaS;Services informatiques / ESN / éditeur de logiciel;;Île-de-France;1100000;;10-50 (filtre);;;;;filtre CA 1-5 M€ & effectif 10-50
Fusacq;https://www.fusacq.com/vente-entreprise-activites-de-charcuterie-traditionnelle-et-de-traiteur-evenementiel-auvergne,91699_fr_;V91699;;Activités de charcuterie traditionnelle et de traiteur événementiel;Communication / marketing / édition / imprimerie / PLV;;Auvergne-Rhône-Alpes;1100000;;10-50 (filtre);;;;;filtre CA 1-5 M€ & effectif 10-50
Fusacq;https://www.fusacq.com/vente-entreprise-specialiste-du-nettoyage-en-support-de-chantiers-de-renovation-seine-et-marne,91382_fr_;V91382;;Spécialiste du nettoyage en support de chantiers de rénovation;Propreté / nettoyage / multiservices;;Île-de-France;1100000;;10-50 (filtre);;;;;filtre CA 1-5 M€ & effectif 10-50
Fusacq;https://www.fusacq.com/vente-entreprise-secretariat-telephonique-pour-les-professions-medicales-haute-garonne,89615_fr_;V89615;06/07/2026;Secrétariat téléphonique pour les professions médicales;Conseil / expertise / services administratifs aux entreprises (BPO);;Occitanie;1100000;;10-50 (filtre);;;;;filtre CA 1-5 M€ & effectif 10-50
Fusacq;https://www.fusacq.com/vente-entreprise-cabinet-de-conseil-en-recrutement-bilans-professionnels-et-organisation-yvelines,92261_fr_;V92261;;Cabinet de conseil en recrutement, bilans professionnels et organisation;Recrutement / intérim / RH / paie;;Île-de-France;1000000;;10-50 (filtre);;;;;filtre CA 1-5 M€ & effectif 10-50
Fusacq;https://www.fusacq.com/vente-entreprise-cabinet-de-daf-a-temps-partage-paris,92207_fr_;V92207;;Cabinet de DAF à temps partagé;Conseil / expertise / services administratifs aux entreprises (BPO);;Île-de-France;1000000;;10-50 (filtre);;;;;filtre CA 1-5 M€ & effectif 10-50
Fusacq;https://www.fusacq.com/vente-entreprise-transport-sanitaire-ambulance-vsl-taxi-eure-et-loir,92181_fr_;V92181;;Transport sanitaire - Ambulance / VSL / taxi;Transport & logistique (commissionnaire, affrètement);;Centre-Val de Loire;1000000;;10-50 (filtre);;;;;filtre CA 1-5 M€ & effectif 10-50
Fusacq;https://www.fusacq.com/vente-entreprise-transport-sanitaire-conventionne-gironde,92162_fr_;V92162;;Transport sanitaire conventionné;Transport & logistique (commissionnaire, affrètement);;Nouvelle-Aquitaine;1000000;;10-50 (filtre);;;;;filtre CA 1-5 M€ & effectif 10-50
Fusacq;https://www.fusacq.com/vente-entreprise-nettoyage-des-sols-et-certaines-surfaces-vitrees-alpes-maritimes,91941_fr_;V91941;;Nettoyage des sols et certaines surfaces vitrées;Propreté / nettoyage / multiservices;;Provence-Alpes-Côte d'Azur;1000000;;10-50 (filtre);;;;;filtre CA 1-5 M€ & effectif 10-50
Fusacq;https://www.fusacq.com/vente-entreprise-agent-commercial-exclusif-distribution-d-articles-de-sport-et-de-loisirs-poitou-charentes,91777_fr_;V91777;;Agent commercial exclusif - Distribution d'articles de sport et de loisirs;Négoce / distribution B2B;;Nouvelle-Aquitaine;1000000;;10-50 (filtre);;;;;filtre CA 1-5 M€ & effectif 10-50
Fusacq;https://www.fusacq.com/vente-entreprise-services-a-la-personne-et-aux-entreprises-loire-atlantique,88409_fr_;V88409;23/07/2026;Services à la personne et aux entreprises;Services à la personne / santé à domicile;;;1000000;;10-50 (filtre);;;;;filtre CA 1-5 M€ & effectif 10-50
Fusacq;https://www.fusacq.com/vente-entreprise-acteur-digital-leader-dans-l-hospitality-sud-est,84588_fr_;V84588;03/08/2026;Acteur digital leader dans l'hospitality;Services informatiques / ESN / éditeur de logiciel;;;1000000;;10-50 (filtre);;;;;filtre CA 1-5 M€ & effectif 10-50
Bpifrance;https://reprise-entreprise.bpifrance.fr/tracking/annonce/click/587134/site/0;587134;Mise à jour il y a 5 jours;Entreprise Transport - Logistique Pyrénées Orientales;Transport & logistique (commissionnaire, affrètement);;;1815000;175000;13;715000;;;;"cat.: Services; via Cession PME"
Bpifrance;https://reprise-entreprise.bpifrance.fr/tracking/annonce/click/589820/site/0;589820;Mise à jour il y a 5 jours;Entreprise Transport - Logistique;Transport & logistique (commissionnaire, affrètement);;Occitanie;2150000;;30;935000;;;;"cat.: Services; via Cession PME"
Bpifrance;https://reprise-entreprise.bpifrance.fr/tracking/annonce/click/520472/site/0;520472;Mise à jour il y a 5 jours;Livraison et transport aux entreprises;Transport & logistique (commissionnaire, affrètement);;Nouvelle-Aquitaine;1450000;;20;700000;;;oui (cf. Fusacq V77996);"cat.: Services; via Cession PME; Fusacq"
Bpifrance;https://reprise-entreprise.bpifrance.fr/tracking/annonce/click/626864/site/0;626864;Mise à jour le 04/09/2026;Entreprise Transport - Logistique Rhône;Transport & logistique (commissionnaire, affrètement);;;1500000;;10;810000;;;;"cat.: Services; via Cession PME"
Bpifrance;https://reprise-entreprise.bpifrance.fr/tracking/annonce/click/590154/site/0;590154;Mise à jour le 04/09/2026;Société de transport avec 15 ans d'expérience - Sud de France - Occitanie;Transport & logistique (commissionnaire, affrètement);;;2150000;;30;935000;;;;"cat.: Services; via Place des Commerces"
Bpifrance;https://reprise-entreprise.bpifrance.fr/tracking/annonce/click/590130/site/0;590130;Mise à jour le 04/09/2026;Transport en benne, 40 ans d'expérience - Occitanie, en Languedoc-Roussillon;Transport & logistique (commissionnaire, affrètement);;Occitanie;1810000;175000000;13;715000;;;;"cat.: Services; via Place des Commerces"
Bpifrance;https://reprise-entreprise.bpifrance.fr/tracking/annonce/click/646566/site/0;646566;Mise à jour le 03/09/2026;Conception, fabrication et distribution de robots;Négoce / distribution B2B;;Bourgogne-Franche-Comté;2500000;;14;0;;;oui (cf. Fusacq V90932);"cat.: Production; via Fusacq"
Bpifrance;https://reprise-entreprise.bpifrance.fr/tracking/annonce/click/556893/site/0;556893;Mise à jour le 02/09/2026;Transport et location de camions avec chauffeurs;Transport & logistique (commissionnaire, affrètement);;Île-de-France;3500000;;40;2110000;;;oui (cf. Fusacq V81674);"cat.: Services; via Fusacq"
Bpifrance;https://reprise-entreprise.bpifrance.fr/tracking/annonce/click/641717/site/0;641717;Mise à jour le 01/09/2026;Groupe spécialisé dans l'impression OFFSET et numérique;Services informatiques / ESN / éditeur de logiciel;;Provence-Alpes-Côte d'Azur;3100000;;13;0;;;oui (cf. Fusacq V90328);"cat.: Production; via Fusacq"
Bpifrance;https://reprise-entreprise.bpifrance.fr/tracking/annonce/click/605697/site/0;605697;Mise à jour le 31/08/2026;Agence de communication et marketing digital local;Services informatiques / ESN / éditeur de logiciel;;;1400000;;20;0;;;oui (cf. Fusacq V86151);"cat.: Services; via Fusacq"
Bpifrance;https://reprise-entreprise.bpifrance.fr/tracking/annonce/click/608196/site/0;608196;Mise à jour le 31/08/2026;Assistance technique / Bureau d'études industrielles et mécaniques;Bureau d'études / ingénierie / diagnostics;;Auvergne-Rhône-Alpes;1500000;;18;0;;;oui (cf. Fusacq V86576);"cat.: Services; via Fusacq"
Bpifrance;https://reprise-entreprise.bpifrance.fr/tracking/annonce/click/615025/site/0;615025;Mise à jour le 31/08/2026;Vente et réparation de matériel de motoculture;Négoce / distribution B2B;;;2500000;;10;0;;;oui (cf. Fusacq V87372);"cat.: Commerce; via Fusacq"
Bpifrance;https://reprise-entreprise.bpifrance.fr/tracking/annonce/click/623702/site/0;623702;Mise à jour le 31/08/2026;Transport frigorifique et transport industriel;Transport & logistique (commissionnaire, affrètement);;Nouvelle-Aquitaine;2600000;;18;0;;;oui (cf. Fusacq V88389);"cat.: Services; via Fusacq"
Bpifrance;https://reprise-entreprise.bpifrance.fr/tracking/annonce/click/658124/site/0;658124;Mise à jour le 31/08/2026;Cabinet de DAF à temps partagé;Conseil / expertise / services administratifs aux entreprises (BPO);;Île-de-France;1000000;;10;0;;;oui (cf. Fusacq V92207);"cat.: Services; via Fusacq"
Bpifrance;https://reprise-entreprise.bpifrance.fr/tracking/annonce/click/657288/site/0;657288;Mise à jour le 31/08/2026;Groupe de 6 micro-crèches;Services à la personne / santé à domicile;;;1400000;110000;43;450000;;;oui (cf. Fusacq V92220);"cat.: Services; via Cession PME; Fusacq"
Bpifrance;https://reprise-entreprise.bpifrance.fr/tracking/annonce/click/657887/site/0;657887;Mise à jour le 28/08/2026;Agence de conseil en communication;Communication / marketing / édition / imprimerie / PLV;;;3000000;;28;0;;;oui (cf. Fusacq V91843);"cat.: Services; via Fusacq"
Bpifrance;https://reprise-entreprise.bpifrance.fr/tracking/annonce/click/657885/site/0;657885;Mise à jour le 28/08/2026;Plateforme commerciale digitale;Services informatiques / ESN / éditeur de logiciel;;;1200000;;19;0;;;oui (cf. Fusacq V92215);"cat.: Services; via Fusacq"
Bpifrance;https://reprise-entreprise.bpifrance.fr/tracking/annonce/click/605734/site/0;605734;Mise à jour le 27/08/2026;Assistance technique et recrutement;Recrutement / intérim / RH / paie;;Île-de-France;2260000;;19;0;;;oui (cf. Fusacq V86313);"cat.: Services; via Fusacq"
Bpifrance;https://reprise-entreprise.bpifrance.fr/tracking/annonce/click/569615/site/0;569615;Mise à jour le 26/08/2026;Éditeur d'un logiciel de gestion de point de vente et d'encaissement ERP POS;Services informatiques / ESN / éditeur de logiciel;;;1500000;;10;0;;;oui (cf. Fusacq V82594);"cat.: Services; via Fusacq"
Bpifrance;https://reprise-entreprise.bpifrance.fr/tracking/annonce/click/513351/site/0;513351;Mise à jour le 26/08/2026;Traiteur évènementiel;Communication / marketing / édition / imprimerie / PLV;;;1825000;;15;500000;;;oui (cf. Fusacq V77577);"cat.: Restauration et Tourisme; via Fusacq"
Bpifrance;https://reprise-entreprise.bpifrance.fr/tracking/annonce/click/594993/site/0;594993;Mise à jour le 26/08/2026;Menuiserie métallique : Fabrication et négoce;Négoce / distribution B2B;;Nouvelle-Aquitaine;2000000;;10;0;;;oui (cf. Fusacq V85268);"cat.: Production; via Fusacq"
Bpifrance;https://reprise-entreprise.bpifrance.fr/tracking/annonce/click/635586/site/0;635586;Mise à jour le 26/08/2026;Transport routier de marchandises et prestations logistiques associées;Transport & logistique (commissionnaire, affrètement);;;1300000;;10;490000;;;oui (cf. Fusacq V89507);"cat.: Services; via Fusacq"
Bpifrance;https://reprise-entreprise.bpifrance.fr/tracking/annonce/click/657545/site/0;657545;Mise à jour le 26/08/2026;Fonds de commerce Publicité NIMES;Communication / marketing / édition / imprimerie / PLV;;;1536000;;17;643200;;;;"cat.: Services; via Cession PME"
Bpifrance;https://reprise-entreprise.bpifrance.fr/tracking/annonce/click/559576/site/0;559576;Mise à jour le 25/08/2026;Traiteur événementiel;Communication / marketing / édition / imprimerie / PLV;;Provence-Alpes-Côte d'Azur;2600000;;17;2332000;;;oui (cf. Fusacq V81869);"cat.: Restauration et Tourisme; via Fusacq"
Bpifrance;https://reprise-entreprise.bpifrance.fr/tracking/annonce/click/593087/site/0;593087;Mise à jour le 25/08/2026;Golf, restaurant et événementiel;Communication / marketing / édition / imprimerie / PLV;;Provence-Alpes-Côte d'Azur;3200000;;30;8400000;;;oui (cf. Fusacq V84445);"cat.: Services; via Fusacq"
Bpifrance;https://reprise-entreprise.bpifrance.fr/tracking/annonce/click/657383/site/0;657383;Mise à jour le 25/08/2026;Agence de design et fabrication de supports de communication;Communication / marketing / édition / imprimerie / PLV;;Nouvelle-Aquitaine;4000000;;10;0;;;;"cat.: Services; via Fusacq"
Bpifrance;https://reprise-entreprise.bpifrance.fr/tracking/annonce/click/613893/site/0;613893;Mise à jour le 24/08/2026;Négoce de produits sidérurgiques, outillages et quincaillerie;Négoce / distribution B2B;;;3000000;;13;0;;;oui (cf. Fusacq V87206);"cat.: Commerce; via Fusacq"
Bpifrance;https://reprise-entreprise.bpifrance.fr/tracking/annonce/click/623446/site/0;623446;Mise à jour le 24/08/2026;Ingénierie, études techniques et logistique de chantiers BTP;Transport & logistique (commissionnaire, affrètement);;Île-de-France;3000000;;50;0;;;;"cat.: Services; via Fusacq"
Bpifrance;https://reprise-entreprise.bpifrance.fr/tracking/annonce/click/634867/site/0;634867;Mise à jour le 24/08/2026;Négoce et édition réglementaire en ligne;Communication / marketing / édition / imprimerie / PLV;;;3000000;;40;0;;;oui (cf. Fusacq V89575);"cat.: Services; via Fusacq"
Bpifrance;https://reprise-entreprise.bpifrance.fr/tracking/annonce/click/644448/site/0;644448;Mise à jour le 24/08/2026;Négoce de meubles sous enseigne;Négoce / distribution B2B;;Nouvelle-Aquitaine;4000000;;20;0;;;oui (cf. Fusacq V90670);"cat.: Commerce; via Fusacq"
Bpifrance;https://reprise-entreprise.bpifrance.fr/tracking/annonce/click/647379/site/0;647379;Mise à jour le 24/08/2026;Nettoyage et entretien;Propreté / nettoyage / multiservices;;;1500000;;35;0;;;oui (cf. Fusacq V91032);"cat.: Services; via Fusacq"
Bpifrance;https://reprise-entreprise.bpifrance.fr/tracking/annonce/click/605537/site/0;605537;Mise à jour le 21/08/2026;Bureau d'études techniques et équipements industriels;Bureau d'études / ingénierie / diagnostics;;;3300000;;17;3570000;;;oui (cf. Fusacq V85658);"cat.: Services; via Fusacq"
Bpifrance;https://reprise-entreprise.bpifrance.fr/tracking/annonce/click/592753/site/0;592753;Mise à jour le 21/08/2026;Transport - citernes pulvérisantes, messagerie, lots complets, affrètement et logistique;Transport & logistique (commissionnaire, affrètement);;Hauts-de-France;4500000;;31;0;;;oui (cf. Fusacq V84468);"cat.: Services; via Fusacq"
Bpifrance;https://reprise-entreprise.bpifrance.fr/tracking/annonce/click/644666/site/0;644666;Mise à jour le 21/08/2026;Nettoyage - sud de France, en Languedoc-Roussillon;Propreté / nettoyage / multiservices;;Occitanie;1500000;315000000;40;1026000;;;;"cat.: Services; via Fusacq"
Bpifrance;https://reprise-entreprise.bpifrance.fr/tracking/annonce/click/642633/site/0;642633;Mise à jour le 20/08/2026;Agence de maintien à domicile;Services à la personne / santé à domicile;;;1200000;;38;510000;;;oui (cf. Fusacq V90431);"cat.: Services; via Fusacq"
Bpifrance;https://reprise-entreprise.bpifrance.fr/tracking/annonce/click/566814/site/0;566814;Mise à jour le 19/08/2026;Distributeur d'articles pour l'art de la table et d'instruments de cuisines;Négoce / distribution B2B;;;4900000;;22;0;;;oui (cf. Fusacq V82490);"cat.: Commerce; via Fusacq"
Bpifrance;https://reprise-entreprise.bpifrance.fr/tracking/annonce/click/632312/site/0;632312;Mise à jour le 17/08/2026;Distribution automatique et snacking;Négoce / distribution B2B;;Provence-Alpes-Côte d'Azur;3000000;;18;1700000;;;oui (cf. Fusacq V89276);"cat.: Commerce; via Fusacq"
Bpifrance;https://reprise-entreprise.bpifrance.fr/tracking/annonce/click/512541/site/0;512541;Mise à jour le 16/08/2026;Transport poids lourds;Transport & logistique (commissionnaire, affrètement);;;3250000;;19;2500000;;;oui (cf. Fusacq V76393);"cat.: Services; via Fusacq"
Bpifrance;https://reprise-entreprise.bpifrance.fr/tracking/annonce/click/656838/site/0;656838;Mise à jour le 14/08/2026;Recyclage de palettes et emballages industriels en bois;Négoce / distribution B2B;;;1400000;;10;0;;;;"cat.: Production; via Fusacq"
Bpifrance;https://reprise-entreprise.bpifrance.fr/tracking/annonce/click/471519/site/0;471519;Mise à jour le 12/08/2026;Carrières d'extraction de pierre, taille de pierre : négoce et pose;Négoce / distribution B2B;;Occitanie;4900000;;49;11000000;;;oui (cf. Fusacq V72946);"cat.: Production; via Fusacq"
Bpifrance;https://reprise-entreprise.bpifrance.fr/tracking/annonce/click/546904/site/0;546904;Mise à jour le 10/08/2026;Production et distribution de charcuteries et produits à griller;Négoce / distribution B2B;;;3200000;;12;0;;;oui (cf. Fusacq V80638);"cat.: Production; via Fusacq"
Bpifrance;https://reprise-entreprise.bpifrance.fr/tracking/annonce/click/656381/site/0;656381;Mise à jour le 07/08/2026;Conseil RH et plateforme SaaS;Services informatiques / ESN / éditeur de logiciel;;Île-de-France;1100000;;12;0;;;oui (cf. Fusacq V92019);"cat.: Services; via Fusacq"
Bpifrance;https://reprise-entreprise.bpifrance.fr/tracking/annonce/click/656306/site/0;656306;Mise à jour le 06/08/2026;Distribution de matériel agricole et de motoculture;Négoce / distribution B2B;;Auvergne-Rhône-Alpes;3100000;;14;0;;;oui (cf. Fusacq V92005);"cat.: Commerce; via Fusacq"
Bpifrance;https://reprise-entreprise.bpifrance.fr/tracking/annonce/click/656217/site/0;656217;Mise à jour le 05/08/2026;Agence de conseil et communication;Communication / marketing / édition / imprimerie / PLV;;;3000000;;28;0;;;;"cat.: Services; via Fusacq"
Bpifrance;https://reprise-entreprise.bpifrance.fr/tracking/annonce/click/605559/site/0;605559;Mise à jour le 04/08/2026;Distribution de matériel de motoculture;Négoce / distribution B2B;;Nouvelle-Aquitaine;3500000;;15;1720000;;;;"cat.: Services; via Fusacq"
Bpifrance;https://reprise-entreprise.bpifrance.fr/tracking/annonce/click/656055/site/0;656055;Mise à jour le 04/08/2026;Essais de performance des pneumatiques et solutions d'équipements associées;Bureau d'études / ingénierie / diagnostics;;;2900000;;18;0;;;oui (cf. Fusacq V91962);"cat.: Services; via Fusacq"
Bpifrance;https://reprise-entreprise.bpifrance.fr/tracking/annonce/click/593878/site/0;593878;Mise à jour le 03/08/2026;Acteur digital leader dans l'hospitality;Services informatiques / ESN / éditeur de logiciel;;;1000000;;15;0;;;oui (cf. Fusacq V84588);"cat.: Services; via Fusacq"
Bpifrance;https://reprise-entreprise.bpifrance.fr/tracking/annonce/click/641217/site/0;641217;Mise à jour le 03/08/2026;Éditeur de logiciels de niche : dématérialisation des appels d'offres;Services informatiques / ESN / éditeur de logiciel;;Provence-Alpes-Côte d'Azur;2300000;;27;0;;;oui (cf. Fusacq V90302);"cat.: Services; via Fusacq"
Bpifrance;https://reprise-entreprise.bpifrance.fr/tracking/annonce/click/656050/site/0;656050;Mise à jour le 03/08/2026;Nettoyage des sols et certaines surfaces vitrées;Propreté / nettoyage / multiservices;;Provence-Alpes-Côte d'Azur;1000000;;20;290000;;;oui (cf. Fusacq V91941);"cat.: Services; via Fusacq"
Bpifrance;https://reprise-entreprise.bpifrance.fr/tracking/annonce/click/641951/site/0;641951;Mise à jour le 01/08/2026;Travail des métaux, construction mécanique, vente et réparation de matériel agricole;Négoce / distribution B2B;;Bourgogne-Franche-Comté;3800000;;17;2600000;;;oui (cf. Fusacq V89383);"cat.: Production; via Fusacq"
Bpifrance;https://reprise-entreprise.bpifrance.fr/tracking/annonce/click/655785/site/0;655785;Mise à jour le 31/07/2026;Peinture, revêtements de sols, ravalement et isolation thermique par l'extérieur;Bureau d'études / ingénierie / diagnostics;;;4000000;;35;0;;;oui (cf. Fusacq V91922);"cat.: Production; via Fusacq"
Bpifrance;https://reprise-entreprise.bpifrance.fr/tracking/annonce/click/628560/site/0;628560;Mise à jour le 30/07/2026;Transport poids lourds;Transport & logistique (commissionnaire, affrètement);;;2700000;;22;1619000;;;oui (cf. Fusacq V86734);"cat.: Services; via Fusacq"
Bpifrance;https://reprise-entreprise.bpifrance.fr/tracking/annonce/click/611875/site/0;611875;Mise à jour le 29/07/2026;Groupe de 6 micro-crèches;Services à la personne / santé à domicile;;;1300000;;22;1350000;;;oui (cf. Fusacq V86995);"cat.: Services; via Fusacq"
Bpifrance;https://reprise-entreprise.bpifrance.fr/tracking/annonce/click/655488/site/0;655488;Mise à jour le 29/07/2026;Transport de marchandises - 3 sociétés;Transport & logistique (commissionnaire, affrètement);;Grand Est;3600000;;28;0;;;oui (cf. Fusacq V91892);"cat.: Services; via Fusacq"
Bpifrance;https://reprise-entreprise.bpifrance.fr/tracking/annonce/click/655325/site/0;655325;Mise à jour le 28/07/2026;Agence de communication, scénographie et digital;Services informatiques / ESN / éditeur de logiciel;;;1500000;;11;0;;;;"cat.: Services; via Fusacq"
Bpifrance;https://reprise-entreprise.bpifrance.fr/tracking/annonce/click/611143/site/0;611143;Mise à jour le 27/07/2026;Location de matériel de transport avec chauffeur;Transport & logistique (commissionnaire, affrètement);;Nouvelle-Aquitaine;2700000;;20;893000;;;oui (cf. Fusacq V86841);"cat.: Services; via Fusacq"
Bpifrance;https://reprise-entreprise.bpifrance.fr/tracking/annonce/click/621146/site/0;621146;Mise à jour le 27/07/2026;Domaine de loisirs expérientiel avec hébergement nature premium;Services informatiques / ESN / éditeur de logiciel;;Île-de-France;1700000;;11;0;;;oui (cf. Fusacq V87956);"cat.: Services; via Fusacq"
Bpifrance;https://reprise-entreprise.bpifrance.fr/tracking/annonce/click/640719/site/0;640719;Mise à jour le 24/07/2026;Vente ambulante de fournitures d'outillage - Deux sociétés;Négoce / distribution B2B;;;1855000;;12;648000;;;oui (cf. Fusacq V89850);"cat.: Commerce; via Fusacq"
Bpifrance;https://reprise-entreprise.bpifrance.fr/tracking/annonce/click/647850/site/0;647850;Mise à jour le 24/07/2026;Digital Wellness & Consumer Products Platform | Global E-commerce Business;Services informatiques / ESN / éditeur de logiciel;;;1600000;;20;0;;;;"cat.: Commerce; via Fusacq"
Bpifrance;https://reprise-entreprise.bpifrance.fr/tracking/annonce/click/654775/site/0;654775;Mise à jour le 24/07/2026;Bureau d'études techniques en fluides;Bureau d'études / ingénierie / diagnostics;;Pays de la Loire;2000000;;20;2700000;;;oui (cf. Fusacq V91798);"cat.: Services; via Fusacq"
Bpifrance;https://reprise-entreprise.bpifrance.fr/tracking/annonce/click/512890/site/0;512890;Mise à jour le 23/07/2026;Construction et mise en service de réseaux électriques et télécom;Services informatiques / ESN / éditeur de logiciel;;Provence-Alpes-Côte d'Azur;2300000;160000;17;850000;;;oui (cf. Fusacq V77403);"cat.: Production; via Fusacq; Cession PME"
Bpifrance;https://reprise-entreprise.bpifrance.fr/tracking/annonce/click/623707/site/0;623707;Mise à jour le 23/07/2026;Services à la personne et aux entreprises;Services à la personne / santé à domicile;;;1000000;;22;0;;;oui (cf. Fusacq V88409);"cat.: Services; via Fusacq"
Bpifrance;https://reprise-entreprise.bpifrance.fr/tracking/annonce/click/640495/site/0;640495;Mise à jour le 23/07/2026;Négoce de fournitures industrielles, quincaillerie et EPI;Négoce / distribution B2B;;Auvergne-Rhône-Alpes;3000000;;13;0;;;oui (cf. Fusacq V90190);"cat.: Commerce; via Fusacq"
Bpifrance;https://reprise-entreprise.bpifrance.fr/tracking/annonce/click/654620/site/0;654620;Mise à jour le 23/07/2026;Agent commercial exclusif - Distribution d'articles de sport et de loisirs;Négoce / distribution B2B;;Nouvelle-Aquitaine;1000000;;20;0;;;oui (cf. Fusacq V91777);"cat.: Commerce; via Fusacq"
Bpifrance;https://reprise-entreprise.bpifrance.fr/tracking/annonce/click/475188/site/0;475188;Mise à jour le 22/07/2026;Transport dernier kilomètre;Transport & logistique (commissionnaire, affrètement);;;1400000;;17;2300000;;;oui (cf. Fusacq V73276);"cat.: Services; via Fusacq"
Bpifrance;https://reprise-entreprise.bpifrance.fr/tracking/annonce/click/556180/site/0;556180;Mise à jour le 22/07/2026;Cabinet d'architectes;Conseil / expertise / services administratifs aux entreprises (BPO);;;1200000;;10;0;;;oui (cf. Fusacq V81623);"cat.: Services; via Fusacq"
Bpifrance;https://reprise-entreprise.bpifrance.fr/tracking/annonce/click/630069/site/0;630069;Mise à jour le 22/07/2026;Organisme de formation spécialisé multisites;Formation professionnelle / organisme de formation;;;4500000;;50;0;;;oui (cf. Fusacq V89045);"cat.: Services; via Fusacq"
Bpifrance;https://reprise-entreprise.bpifrance.fr/tracking/annonce/click/654437/site/0;654437;Mise à jour le 22/07/2026;Holding offrant des prestations juridiques, financières et administratives;Conseil / expertise / services administratifs aux entreprises (BPO);;;3300000;;22;0;;;oui (cf. Fusacq V91747);"cat.: Services; via Fusacq"
Bpifrance;https://reprise-entreprise.bpifrance.fr/tracking/annonce/click/575692/site/0;575692;Mise à jour le 21/07/2026;Logistique 3PL et conditionnement;Transport & logistique (commissionnaire, affrètement);;Hauts-de-France;4000000;;20;0;;;oui (cf. Fusacq V82665);"cat.: Services; via Fusacq"
Bpifrance;https://reprise-entreprise.bpifrance.fr/tracking/annonce/click/621389/site/0;621389;Mise à jour le 21/07/2026;Site de loisirs, hôtellerie, restauration, événementiel et spectacles;Communication / marketing / édition / imprimerie / PLV;;;1700000;;28;5700000;;;oui (cf. Fusacq V87931);"cat.: Restauration et Tourisme; via Fusacq"
Bpifrance;https://reprise-entreprise.bpifrance.fr/tracking/annonce/click/638188/site/0;638188;Mise à jour le 21/07/2026;Conseil en financement des acteurs de la culture;Conseil / expertise / services administratifs aux entreprises (BPO);;Île-de-France;2400000;;15;0;;;oui (cf. Fusacq V89862);"cat.: Services; via Fusacq"
Bpifrance;https://reprise-entreprise.bpifrance.fr/tracking/annonce/click/640063/site/0;640063;Mise à jour le 21/07/2026;Leader des Services Autonomie à Domicile (SAD) et du portage de repas;Services à la personne / santé à domicile;;;2200000;;50;1200000;;;oui (cf. Fusacq V90142);"cat.: Services; via Fusacq"
Bpifrance;https://reprise-entreprise.bpifrance.fr/tracking/annonce/click/533945/site/0;533945;Mise à jour le 20/07/2026;Marketing opérationnel spécialisé dans le secteur des nouvelles technologies;Communication / marketing / édition / imprimerie / PLV;;Provence-Alpes-Côte d'Azur;1300000;;20;700000;;;oui (cf. Fusacq V79394);"cat.: Services; via Fusacq"
Bpifrance;https://reprise-entreprise.bpifrance.fr/tracking/annonce/click/628085/site/0;628085;Mise à jour le 20/07/2026;Location de vaisselle et matériel de cuisine;Négoce / distribution B2B;;;1400000;;13;1500000;;;oui (cf. Fusacq V88810);"cat.: Services; via Fusacq"
Bpifrance;https://reprise-entreprise.bpifrance.fr/tracking/annonce/click/639859/site/0;639859;Mise à jour le 20/07/2026;Géomarketing et outils digitaux de la connaissance et de l'activation client;Communication / marketing / édition / imprimerie / PLV;;Pays de la Loire;2300000;;23;0;;;oui (cf. Fusacq V90116);"cat.: Services; via Fusacq"
Bpifrance;https://reprise-entreprise.bpifrance.fr/tracking/annonce/click/639852/site/0;639852;Mise à jour le 20/07/2026;Charcuterie / traiteur : production et distribution locale;Négoce / distribution B2B;;;2600000;;20;0;;;oui (cf. Fusacq V90009);"cat.: Commerce; via Fusacq"
Bpifrance;https://reprise-entreprise.bpifrance.fr/tracking/annonce/click/654179/site/0;654179;Mise à jour le 20/07/2026;Activités de charcuterie traditionnelle et de traiteur événementiel;Communication / marketing / édition / imprimerie / PLV;;Auvergne-Rhône-Alpes;1100000;;14;600000;;;oui (cf. Fusacq V91699);"cat.: Restauration et Tourisme; via Fusacq"
Bpifrance;https://reprise-entreprise.bpifrance.fr/tracking/annonce/click/639654/site/0;639654;Mise à jour le 17/07/2026;Stockage de produits, gestion de stocks et logistique;Transport & logistique (commissionnaire, affrètement);;;1900000;;15;0;;;oui (cf. Fusacq V89844);"cat.: Services; via Fusacq"
Bpifrance;https://reprise-entreprise.bpifrance.fr/tracking/annonce/click/652790/site/0;652790;Mise à jour le 17/07/2026;Groupe d'ingénierie multi-expertises dédié aux infrastructures techniques;Bureau d'études / ingénierie / diagnostics;;Île-de-France;3800000;;20;7000000;;;oui (cf. Fusacq V91551);"cat.: Services; via Fusacq"
Bpifrance;https://reprise-entreprise.bpifrance.fr/tracking/annonce/click/653819/site/0;653819;Mise à jour le 17/07/2026;Nettoyage tertiaire;Propreté / nettoyage / multiservices;;Hauts-de-France;1600000;;40;800000;;;oui (cf. Fusacq V91683);"cat.: Services; via Fusacq"
Bpifrance;https://reprise-entreprise.bpifrance.fr/tracking/annonce/click/653816/site/0;653816;Mise à jour le 17/07/2026;Grossiste en fleurs, plantes, fournitures et accessoires;Négoce / distribution B2B;;Provence-Alpes-Côte d'Azur;3500000;;16;605000;;;oui (cf. Fusacq V91391);"cat.: Commerce; via Fusacq"
Bpifrance;https://reprise-entreprise.bpifrance.fr/tracking/annonce/click/555440/site/0;555440;Mise à jour le 16/07/2026;Transport international en bennes et fonds mouvants;Transport & logistique (commissionnaire, affrètement);;;2200000;;10;0;;;;"cat.: Services; via Fusacq"
Bpifrance;https://reprise-entreprise.bpifrance.fr/tracking/annonce/click/532137/site/0;532137;Mise à jour le 16/07/2026;Menuiseries métalliques avec bureau d'études intégré;Bureau d'études / ingénierie / diagnostics;;;2020000;;10;1400000;;;oui (cf. Fusacq V79216);"cat.: Production; via Fusacq"
Bpifrance;https://reprise-entreprise.bpifrance.fr/tracking/annonce/click/609045/site/0;609045;Mise à jour le 15/07/2026;Fabrication, négoce et SAV de pompes hydrauliques;Négoce / distribution B2B;;Bourgogne-Franche-Comté;2300000;;12;3100000;;;oui (cf. Fusacq V86640);"cat.: Commerce; via Fusacq"
Bpifrance;https://reprise-entreprise.bpifrance.fr/tracking/annonce/click/621473/site/0;621473;Mise à jour le 15/07/2026;Mécanique industrielle - Bureau d'études;Bureau d'études / ingénierie / diagnostics;;Centre-Val de Loire;1500000;;13;0;;;oui (cf. Fusacq V88012);"cat.: Production; via Fusacq"
Bpifrance;https://reprise-entreprise.bpifrance.fr/tracking/annonce/click/389070/site/0;389070;Mise à jour le 15/07/2026;Transports poids lourd et logistique;Transport & logistique (commissionnaire, affrètement);;;3928000;;28;1200000;;;oui (cf. Fusacq V65281);"cat.: Services; via Fusacq"
Bpifrance;https://reprise-entreprise.bpifrance.fr/tracking/annonce/click/653352/site/0;653352;Mise à jour le 15/07/2026;Agence digitale responsable;Services informatiques / ESN / éditeur de logiciel;;Île-de-France;2700000;;35;0;;;oui (cf. Fusacq V91632);"cat.: Services; via Fusacq"
Bpifrance;https://reprise-entreprise.bpifrance.fr/tracking/annonce/click/547656/site/0;547656;Mise à jour le 13/07/2026;Services à la personne;Services à la personne / santé à domicile;;;1525000;;30;1800000;;;oui (cf. Fusacq V80690);"cat.: Services; via Fusacq"
Bpifrance;https://reprise-entreprise.bpifrance.fr/tracking/annonce/click/598855/site/0;598855;Mise à jour le 13/07/2026;Fabricant d'emballages en plastique;Négoce / distribution B2B;;;3300000;;20;0;;;oui (cf. Fusacq V85630);"cat.: Production; via Fusacq"
Bpifrance;https://reprise-entreprise.bpifrance.fr/tracking/annonce/click/618176/site/0;618176;Mise à jour le 10/07/2026;Agence de communication par l'objet publicitaire;Communication / marketing / édition / imprimerie / PLV;;;2000000;;10;0;;;;"cat.: Services; via Fusacq"
Bpifrance;https://reprise-entreprise.bpifrance.fr/tracking/annonce/click/638080/site/0;638080;Mise à jour le 09/07/2026;Entreprise Transport - Logistique;Transport & logistique (commissionnaire, affrètement);;Occitanie;1600000;;18;554000;;;;"cat.: Services; via Cession PME"
Bpifrance;https://reprise-entreprise.bpifrance.fr/tracking/annonce/click/652591/site/0;652591;Mise à jour le 09/07/2026;Réseau de micro-crèches;Services à la personne / santé à domicile;;Auvergne-Rhône-Alpes;2000000;;40;2000000;;;oui (cf. Fusacq V91562);"cat.: Services; via Fusacq"
Bpifrance;https://reprise-entreprise.bpifrance.fr/tracking/annonce/click/652207/site/0;652207;Mise à jour le 08/07/2026;Négoce de jouets, peluches et articles cadeaux;Négoce / distribution B2B;;;2500000;;10;3000000;;;oui (cf. Fusacq V91428);"cat.: Commerce; via Fusacq"
Bpifrance;https://reprise-entreprise.bpifrance.fr/tracking/annonce/click/605665/site/0;605665;Mise à jour le 06/07/2026;Location de tracteurs agricoles, fabrication de bennes et négoce de matériel d'occasion;Négoce / distribution B2B;;;3000000;;10;0;;;oui (cf. Fusacq V86063);"cat.: Commerce; via Fusacq"
Bpifrance;https://reprise-entreprise.bpifrance.fr/tracking/annonce/click/561894/site/0;561894;Mise à jour le 06/07/2026;Conception, fabrication et distribution de systèmes de surveillance et protection;Sécurité / surveillance / télésurveillance;;;1500000;;12;0;;;oui (cf. Fusacq V82177);"cat.: Production; via Fusacq"
Bpifrance;https://reprise-entreprise.bpifrance.fr/tracking/annonce/click/512492/site/0;512492;Mise à jour le 06/07/2026;Vente de motocycles, véhicules thermiques et électriques;Bureau d'études / ingénierie / diagnostics;;;3200000;;12;4288000;;;oui (cf. Fusacq V76180);"cat.: Commerce; via Fusacq"
Bpifrance;https://reprise-entreprise.bpifrance.fr/tracking/annonce/click/512434/site/0;512434;Mise à jour le 06/07/2026;Distribution régionale de messagerie;Transport & logistique (commissionnaire, affrètement);;Grand Est;3600000;;35;0;;;oui (cf. Fusacq V73239);"cat.: Services; via Fusacq"
Bpifrance;https://reprise-entreprise.bpifrance.fr/tracking/annonce/click/617434/site/0;617434;Mise à jour le 06/07/2026;Logistique 3PL;Transport & logistique (commissionnaire, affrètement);;Centre-Val de Loire;4200000;;16;0;;;oui (cf. Fusacq V87648);"cat.: Services; via Fusacq"
Bpifrance;https://reprise-entreprise.bpifrance.fr/tracking/annonce/click/626653/site/0;626653;Mise à jour le 06/07/2026;Groupe de 11 micro-crèches;Services à la personne / santé à domicile;;Île-de-France;2900000;;48;4100000;;;oui (cf. Fusacq V88648);"cat.: Services; via Fusacq"
Bpifrance;https://reprise-entreprise.bpifrance.fr/tracking/annonce/click/635587/site/0;635587;Mise à jour le 06/07/2026;Secrétariat téléphonique pour les professions médicales;Conseil / expertise / services administratifs aux entreprises (BPO);;;1100000;;30;0;;;oui (cf. Fusacq V89615);"cat.: Services; via Fusacq"
Bpifrance;https://reprise-entreprise.bpifrance.fr/tracking/annonce/click/651332/site/0;651332;Mise à jour le 06/07/2026;Édition de magazine et régie publicitaire;Communication / marketing / édition / imprimerie / PLV;;Bretagne;2300000;;18;1520000;;;oui (cf. Fusacq V91127);"cat.: Services; via Fusacq"
Bpifrance;https://reprise-entreprise.bpifrance.fr/tracking/annonce/click/651158/site/0;651158;Mise à jour le 03/07/2026;Restauration du patrimoine bâti;Courtage assurance / intermédiation financière;;;2900000;;25;0;;;oui (cf. Fusacq V91593);"cat.: Production; via Transmibat"
Bpifrance;https://reprise-entreprise.bpifrance.fr/tracking/annonce/click/605586/site/0;605586;Mise à jour le 02/07/2026;Transport routier de fret interurbain et affrètement;Transport & logistique (commissionnaire, affrètement);;Auvergne-Rhône-Alpes;2320000;;13;1200000;;;oui (cf. Fusacq V85880);"cat.: Services; via Fusacq"
Bpifrance;https://reprise-entreprise.bpifrance.fr/tracking/annonce/click/637321/site/0;637321;Mise à jour le 02/07/2026;Développement de solutions métiers, assistance technique, intégrateur, conseil et formation;Conseil / expertise / services administratifs aux entreprises (BPO);;Grand Est;2500000;;20;0;;;oui (cf. Fusacq V89826);"cat.: Services; via Fusacq"
Bpifrance;https://reprise-entreprise.bpifrance.fr/tracking/annonce/click/650799/site/0;650799;Mise à jour le 01/07/2026;Transport de béton prêt à l'emploi;Transport & logistique (commissionnaire, affrètement);;;3000000;;50;0;;;oui (cf. Fusacq V91085);"cat.: Services; via Fusacq"
Bpifrance;https://reprise-entreprise.bpifrance.fr/tracking/annonce/click/650610/site/0;650610;Mise à jour le 30/06/2026;Spécialiste du nettoyage en support de chantiers de rénovation;Propreté / nettoyage / multiservices;;Île-de-France;1100000;;15;550000;;;oui (cf. Fusacq V91382);"cat.: Services; via Fusacq"
Bpifrance;https://reprise-entreprise.bpifrance.fr/tracking/annonce/click/595963/site/0;595963;Mise à jour le 29/06/2026;Fabricant et distributeur de matériel électrique industriel;Négoce / distribution B2B;;;4500000;;15;0;;;oui (cf. Fusacq V84512);"cat.: Commerce; via Fusacq"
Bpifrance;https://reprise-entreprise.bpifrance.fr/tracking/annonce/click/650606/site/0;650606;Mise à jour le 29/06/2026;Transport routier de marchandises par bennes;Transport & logistique (commissionnaire, affrètement);;;1700000;;13;1100000;;;oui (cf. Fusacq V91412);"cat.: Services; via Fusacq"
Bpifrance;https://reprise-entreprise.bpifrance.fr/tracking/annonce/click/650277/site/0;650277;Mise à jour le 28/06/2026;Fonds de commerce Prestations multimedia - SSII;Services informatiques / ESN / éditeur de logiciel;;Provence-Alpes-Côte d'Azur;1250000;180000;20;700000;;;;"cat.: Services; via Cession PME"
Bpifrance;https://reprise-entreprise.bpifrance.fr/tracking/annonce/click/587430/site/0;587430;Mise à jour le 26/06/2026;Entreprise Transport - Logistique;Transport & logistique (commissionnaire, affrètement);;Normandie;2600000;320000;25;0;;;;"cat.: Services; via Cession PME"
Bpifrance;https://reprise-entreprise.bpifrance.fr/tracking/annonce/click/615697/site/0;615697;Mise à jour le 25/06/2026;Rénovation énergétique de l'habitat : du conseil à la pose;Conseil / expertise / services administratifs aux entreprises (BPO);;Hauts-de-France;2000000;;10;0;;;oui (cf. Fusacq V87457);"cat.: Production; via Fusacq"
Bpifrance;https://reprise-entreprise.bpifrance.fr/tracking/annonce/click/650107/site/0;650107;Mise à jour le 25/06/2026;Distribution, adaptation et maintenance de machines spéciales;Négoce / distribution B2B;;Auvergne-Rhône-Alpes;5000000;;10;0;;;oui (cf. Fusacq V91358);"cat.: Commerce; via Fusacq"
Bpifrance;https://reprise-entreprise.bpifrance.fr/tracking/annonce/click/650106/site/0;650106;Mise à jour le 25/06/2026;Bureau d'études en réseaux;Bureau d'études / ingénierie / diagnostics;;;1700000;;12;0;;;oui (cf. Fusacq V91337);"cat.: Services; via Fusacq"
Bpifrance;https://reprise-entreprise.bpifrance.fr/tracking/annonce/click/632307/site/0;632307;Mise à jour le 23/06/2026;Services d'aide à domicile et de portage de repas;Services à la personne / santé à domicile;;;1400000;;42;0;;;;"cat.: Services; via Fusacq"
Bpifrance;https://reprise-entreprise.bpifrance.fr/tracking/annonce/click/649731/site/0;649731;Mise à jour le 22/06/2026;Menuiseries bois, PVC, alu : négoce & pose;Négoce / distribution B2B;;Auvergne-Rhône-Alpes;1200000;;10;750000;;;oui (cf. Fusacq V91282);"cat.: Production; via Fusacq"
Bpifrance;https://reprise-entreprise.bpifrance.fr/tracking/annonce/click/649338/site/0;649338;Mise à jour le 19/06/2026;Agence de conseil en design et communication de marque;Communication / marketing / édition / imprimerie / PLV;;Île-de-France;1700000;;16;0;;;oui (cf. Fusacq V91256);"cat.: Services; via Fusacq"
Bpifrance;https://reprise-entreprise.bpifrance.fr/tracking/annonce/click/649131/site/0;649131;Mise à jour le 18/06/2026;Cabinet d'expertise comptable;Conseil / expertise / services administratifs aux entreprises (BPO);;Provence-Alpes-Côte d'Azur;1700000;;18;2500000;;;oui (cf. Fusacq V91235);"cat.: Services; via Fusacq"
Bpifrance;https://reprise-entreprise.bpifrance.fr/tracking/annonce/click/648577/site/0;648577;Mise à jour le 16/06/2026;Cabinet de consulting / centre de formation;Formation professionnelle / organisme de formation;;;1200000;;10;950000;;;oui (cf. Fusacq V91165);"cat.: Services; via Fusacq"
Bpifrance;https://reprise-entreprise.bpifrance.fr/tracking/annonce/click/648578/site/0;648578;Mise à jour le 15/06/2026;Grossiste en HVAC - Sanitaire & Placement;Négoce / distribution B2B;;;3200000;;11;0;;;oui (cf. Fusacq V91126);"cat.: Commerce; via Fusacq"
Bpifrance;https://reprise-entreprise.bpifrance.fr/tracking/annonce/click/648569/site/0;648569;Mise à jour le 15/06/2026;Transport de biens;Transport & logistique (commissionnaire, affrètement);;;1500000;;14;132000;;;oui (cf. Fusacq V90992);"cat.: Services; via Fusacq"
Bpifrance;https://reprise-entreprise.bpifrance.fr/tracking/annonce/click/648073/site/0;648073;Mise à jour le 12/06/2026;Transport routier en vrac par citerne;Transport & logistique (commissionnaire, affrètement);;;4500000;;15;0;;;oui (cf. Fusacq V91112);"cat.: Services; via Fusacq"
Bpifrance;https://reprise-entreprise.bpifrance.fr/tracking/annonce/click/648071/site/0;648071;Mise à jour le 12/06/2026;Acteur de référence en conception et distribution d'équipements dédiés au yoga et à la méditation;Négoce / distribution B2B;;Île-de-France;3000000;;10;0;;;oui (cf. Fusacq V90968);"cat.: Production; via Fusacq"
Bpifrance;https://reprise-entreprise.bpifrance.fr/tracking/annonce/click/647853/site/0;647853;Mise à jour le 11/06/2026;Agence média locale pour annonceurs professionnels;Communication / marketing / édition / imprimerie / PLV;;Île-de-France;4600000;;10;0;;;oui (cf. Fusacq V91084);"cat.: Services; via Fusacq"
Bpifrance;https://reprise-entreprise.bpifrance.fr/tracking/annonce/click/647856/site/0;647856;Mise à jour le 11/06/2026;Location de matériel TP avec chauffeur;Négoce / distribution B2B;;;2600000;;25;0;;;oui (cf. Fusacq V91064);"cat.: Services; via Fusacq"
Bpifrance;https://reprise-entreprise.bpifrance.fr/tracking/annonce/click/647628/site/0;647628;Mise à jour le 10/06/2026;Distribution automatique;Négoce / distribution B2B;;Île-de-France;1600000;;10;1425000;;;oui (cf. Fusacq V91049);"cat.: Commerce; via Fusacq"
Bpifrance;https://reprise-entreprise.bpifrance.fr/tracking/annonce/click/647124/site/0;647124;Mise à jour le 05/06/2026;Marketing du digital local;Services informatiques / ESN / éditeur de logiciel;;;4600000;;10;0;;;oui (cf. Fusacq V91007);"cat.: Services; via Fusacq"
Bpifrance;https://reprise-entreprise.bpifrance.fr/tracking/annonce/click/644663/site/0;644663;Mise à jour le 03/06/2026;Transporteur routier multi-activités;Transport & logistique (commissionnaire, affrètement);;;2900000;;26;0;;;;"cat.: Services; via Fusacq"
Bpifrance;https://reprise-entreprise.bpifrance.fr/tracking/annonce/click/646747/site/0;646747;Mise à jour le 03/06/2026;Usinage numérique;Services informatiques / ESN / éditeur de logiciel;;Auvergne-Rhône-Alpes;1300000;;10;850000;;;oui (cf. Fusacq V90959);"cat.: Production; via Fusacq"
Bpifrance;https://reprise-entreprise.bpifrance.fr/tracking/annonce/click/646336/site/0;646336;Mise à jour le 02/06/2026;Spécialiste des solutions d'alerte multicanale et de communication de crise;Communication / marketing / édition / imprimerie / PLV;;;2100000;;20;0;;;oui (cf. Fusacq V90926);"cat.: Services; via Fusacq"
Bpifrance;https://reprise-entreprise.bpifrance.fr/tracking/annonce/click/646335/site/0;646335;Mise à jour le 01/06/2026;Grossiste en fleurs;Négoce / distribution B2B;;;2200000;;14;1088000;;;;"cat.: Commerce; via Fusacq"
Transentreprise;https://www.transentreprise.com/offres/fiche/PDL266440C/bureau-detude-industriel-experimente/pays-de-la-loire/sarthe;PDL266440C;;BUREAU D'ETUDE INDUSTRIEL EXPERIMENTÉ;Bureau d'études / ingénierie / diagnostics;;Pays de la Loire;1125000;;10 à 20;1200000;depart a la retraite;;;"CA annoncé: de 750 k€ à 1,5 M€; secteur TE: Bureau d'études, ingénierie, R&D"
Transentreprise;https://www.transentreprise.com/offres/fiche/BRT266445P/societe-de-transport-routier/bretagne/ille-et-vilaine;BRT266445P;;SOCIETE DE TRANSPORT ROUTIER;Transport & logistique (commissionnaire, affrètement);;Bretagne;2250000;;10 à 20;1069000;;;;"CA annoncé: de 1,5 à 3 M€; secteur TE: Transports de marchandises"
Transentreprise;https://www.transentreprise.com/offres/fiche/HDF266374C/fret-de-proximite-b-to-b-services-aux-entreprises/hauts-de-france/pas-de-calais/sect-arras;HDF266374C;;FRET DE PROXIMITE B TO B. SERVICES AUX ENTREPRISES;Transport & logistique (commissionnaire, affrètement);;Hauts-de-France;1125000;;10 à 20;170000;retraite;;;"CA annoncé: de 750 k€ à 1,5 M€; secteur TE: Transports de marchandises"
Transentreprise;https://www.transentreprise.com/offres/fiche/ARA266352C/entreprise-specialisee-dans-services-a-la-personne/auvergne-rhone-alpes/haute-loire/le-puy-et-arrondissement;ARA266352C;;ENTREPRISE SPÉCIALISÉE DANS SERVICES À LA PERSONNE;Services à la personne / santé à domicile;;Auvergne-Rhône-Alpes;1125000;;21 à 50;;;;;"CA annoncé: de 750 k€ à 1,5 M€; secteur TE: Services à la personne (ménage, portage repas, garde enfants…)"
Transentreprise;https://www.transentreprise.com/offres/fiche/CEN260474P/e-commerce-site-web-marchand-4me-ca-niche-ds-jouet/centre-val-de-loire;CEN260474P;;E-COMMERCE SITE WEB MARCHAND 4ME CA NICHE DS JOUET;Services informatiques / ESN / éditeur de logiciel;;Centre-Val de Loire;3000000.0;;10 à 20;1160000;;;;"CA annoncé: > 3 M€; secteur TE: "
Transentreprise;https://www.transentreprise.com/offres/fiche/NAQ266206A/taxis-transports-sanitaires-et-pompes-funebres/nouvelle-aquitaine/creuse/secteur-ouest-creuse;NAQ266206A;;TAXIS, TRANSPORTS SANITAIRES ET POMPES FUNÈBRES;Transport & logistique (commissionnaire, affrètement);;Nouvelle-Aquitaine;1125000;;10 à 20;;;;;"CA annoncé: de 750 k€ à 1,5 M€; secteur TE: Transports de voyageurs"
Transentreprise;https://www.transentreprise.com/offres/fiche/HDF266172C/ensemble-de-2-micro-creches-performantes/hauts-de-france/aisne/soissons;HDF266172C;;ENSEMBLE DE 2 MICRO-CRÈCHES PERFORMANTES;Services à la personne / santé à domicile;;Hauts-de-France;425000;;10 à 20;240000;;;;"CA annoncé: de 350 à 500 k€; secteur TE: Activités médico-sociales"
Transentreprise;https://www.transentreprise.com/offres/fiche/BFC266152P/organisme-de-formation-specialise/bourgogne-franche-comte;BFC266152P;;ORGANISME DE FORMATION SPÉCIALISÉ;Formation professionnelle / organisme de formation;;Bourgogne-Franche-Comté;625000;;10 à 20;;reconversion;;;"CA annoncé: de 500 à 750 k€; secteur TE: Enseignement"
Transentreprise;https://www.transentreprise.com/offres/fiche/HDF266098C/ambulances-vsl-taxis/hauts-de-france/pas-de-calais;HDF266098C;;AMBULANCES - VSL - TAXIS;Transport & logistique (commissionnaire, affrètement);;Hauts-de-France;2250000;;21 à 50;;;;;"CA annoncé: de 1,5 à 3 M€; secteur TE: Transports de voyageurs"
Transentreprise;https://www.transentreprise.com/offres/fiche/HDF265847C/grossiste-en-fruits-et-legumes-au-nord-de-paris/hauts-de-france/nord/sect-lille-metropole;HDF265847C;;GROSSISTE EN FRUITS ET LEGUMES AU NORD DE PARIS;Négoce / distribution B2B;;Hauts-de-France;3000000.0;;10 à 20;3500000;;;;"CA annoncé: > 3 M€; secteur TE: Commerce de gros produits alimentaires"
Transentreprise;https://www.transentreprise.com/offres/fiche/NAQ256768P/exploitation-forestiere-sylviculture-transport/nouvelle-aquitaine/creuse;NAQ256768P;;EXPLOITATION FORESTIERE SYLVICULTURE TRANSPORT;Transport & logistique (commissionnaire, affrètement);;Nouvelle-Aquitaine;2250000;;10 à 20;;retraite;;;"CA annoncé: de 1,5 à 3 M€; secteur TE: "
Transentreprise;https://www.transentreprise.com/offres/fiche/NOR265505P/commerce-de-produits-du-jardin/normandie;NOR265505P;;COMMERCE DE PRODUITS DU JARDIN;Négoce / distribution B2B;;Normandie;2250000;;10 à 20;;;;;"CA annoncé: de 1,5 à 3 M€; secteur TE: Commerce de gros produits non alimentaires"
Transentreprise;https://www.transentreprise.com/offres/fiche/OCC265636C/entreprise-de-telesecretariat/occitanie/tarn-et-garonne/arr-de-montauban;OCC265636C;;ENTREPRISE DE TELESECRETARIAT;Conseil / expertise / services administratifs aux entreprises (BPO);;Occitanie;625000;;10 à 20;280000;;;;"CA annoncé: de 500 à 750 k€; secteur TE: Autres services aux entreprises"
Transentreprise;https://www.transentreprise.com/offres/fiche/HDF265610C/agence-de-services-a-la-personne/hauts-de-france/pas-de-calais/sect-boulogne-sur-mer;HDF265610C;;AGENCE DE SERVICES A LA PERSONNE;Services à la personne / santé à domicile;;Hauts-de-France;275000;;10 à 20;70000;;;;"CA annoncé: de 200 à 350 k€; secteur TE: Services à la personne (ménage, portage repas, garde enfants…)"
Transentreprise;https://www.transentreprise.com/offres/fiche/ARA265586P/conception-negoce-produits-chimiques/rhone-alpes;ARA265586P;;CONCEPTION-NEGOCE PRODUITS CHIMIQUES;Négoce / distribution B2B;;Auvergne-Rhône-Alpes;3000000.0;;10 à 20;6032000;;;;"CA annoncé: > 3 M€; secteur TE: Commerce de gros produits non alimentaires"
Transentreprise;https://www.transentreprise.com/offres/fiche/PAC265594A/nettoyage-de-locaux/provence-alpescote-dazur/alpes-maritimes/littoral-moyen-pays-ouest;PAC265594A;;NETTOYAGE DE LOCAUX;Propreté / nettoyage / multiservices;;Provence-Alpes-Côte d'Azur;1125000;;10 à 20;230000;depart a la retraite;;;"CA annoncé: de 750 k€ à 1,5 M€; secteur TE: Activités de nettoyage"
Transentreprise;https://www.transentreprise.com/offres/fiche/NOR265386P/emballages-pour-les-metiers-de-bouche/normandie;NOR265386P;;EMBALLAGES POUR LES MÉTIERS DE BOUCHE;Négoce / distribution B2B;;Normandie;2250000;;10 à 20;;retraite;;;"CA annoncé: de 1,5 à 3 M€; secteur TE: Chimie, plastique, parachimie"
Transentreprise;https://www.transentreprise.com/offres/fiche/BRT263971P/conception-fabrication-distribution-omnicanale-pap/bretagne;BRT263971P;;CONCEPTION FABRICATION DISTRIBUTION OMNICANALE PAP;Négoce / distribution B2B;;Bretagne;3000000.0;;10 à 20;;retraite;;;"CA annoncé: > 3 M€; secteur TE: "
Transentreprise;https://www.transentreprise.com/offres/fiche/HDF265283C/commerce-de-cigarettes-electroniques/hauts-de-france;HDF265283C;;COMMERCE DE CIGARETTES ELECTRONIQUES;Négoce / distribution B2B;;Hauts-de-France;2250000;;21 à 50;1400000;;;;"CA annoncé: de 1,5 à 3 M€; secteur TE: Commerce de gros produits non alimentaires"
Transentreprise;https://www.transentreprise.com/offres/fiche/HDF265294C/bureau-d-etudes-mecanique-chaudronnerie-industrie/hauts-de-france/aisne/soissons;HDF265294C;;BUREAU D ETUDES MECANIQUE CHAUDRONNERIE INDUSTRIE;Bureau d'études / ingénierie / diagnostics;;Hauts-de-France;;;21 à 50;1100000;;;;"CA annoncé: NC; secteur TE: Bureau d'études, ingénierie, R&D"
Transentreprise;https://www.transentreprise.com/offres/fiche/NAQ265265C/entreprise-de-transport-transport-express/nouvelle-aquitaine/charente-maritime/jonzac-et-ses-environs;NAQ265265C;;ENTREPRISE DE TRANSPORT - TRANSPORT EXPRESS;Transport & logistique (commissionnaire, affrètement);;Nouvelle-Aquitaine;2250000;;21 à 50;;depart a la retraite;;;"CA annoncé: de 1,5 à 3 M€; secteur TE: Transports de marchandises"
Transentreprise;https://www.transentreprise.com/offres/fiche/NAQ259453C/entreprise-de-transport-en-charente/nouvelle-aquitaine/charente;NAQ259453C;;ENTREPRISE DE TRANSPORT EN CHARENTE;Transport & logistique (commissionnaire, affrètement);;Nouvelle-Aquitaine;2250000;;10 à 20;280000;retraite;;;"CA annoncé: de 1,5 à 3 M€; secteur TE: Transports de marchandises"
Transentreprise;https://www.transentreprise.com/offres/fiche/NAQ264993C/cabinet-de-consulting-centre-de-formation/nouvelle-aquitaine/gironde/bordeaux-et-arrond;NAQ264993C;;CABINET DE CONSULTING / CENTRE DE FORMATION;Formation professionnelle / organisme de formation;;Nouvelle-Aquitaine;1125000;;10 à 20;950000;depart a la retraite;;;"CA annoncé: de 750 k€ à 1,5 M€; secteur TE: Autres services aux entreprises"
Transentreprise;https://www.transentreprise.com/offres/fiche/ARA264810P/usinage-numerique/rhone-alpes;ARA264810P;;USINAGE NUMERIQUE;Services informatiques / ESN / éditeur de logiciel;;Auvergne-Rhône-Alpes;1125000;;10 à 20;850000;retraite;;;"CA annoncé: de 750 k€ à 1,5 M€; secteur TE: Travail des métaux"
Transentreprise;https://www.transentreprise.com/offres/fiche/NAQ264907C/pepiniere-et-negoce-de-materiaux-pour-exterieurs/nouvelle-aquitaine/charente-maritime/royan-et-ses-environs;NAQ264907C;;PEPINIERE ET NEGOCE DE MATERIAUX POUR EXTERIEURS;Négoce / distribution B2B;;Nouvelle-Aquitaine;;;10 à 20;1280000;;;;"CA annoncé: NC; secteur TE: "
Transentreprise;https://www.transentreprise.com/offres/fiche/PDL264888A/5-cordonneries-multiservices-en-reseau/pays-de-la-loire/loire-atlantique;PDL264888A;;5 CORDONNERIES MULTISERVICES EN RÉSEAU;Propreté / nettoyage / multiservices;;Pays de la Loire;1125000;;10 à 20;800000;depart a la retraite;;;"CA annoncé: de 750 k€ à 1,5 M€; secteur TE: Autres services aux entreprises"
Transentreprise;https://www.transentreprise.com/offres/fiche/PAC264735C/societe-de-transport-tp-et-marchandises/provence-alpescote-dazur/var/brignoles-et-son-territoire;PAC264735C;;SOCIÉTÉ DE TRANSPORT TP ET MARCHANDISES;Transport & logistique (commissionnaire, affrètement);;Provence-Alpes-Côte d'Azur;;;21 à 50;;;;;"CA annoncé: NC; secteur TE: Transports de marchandises"
Transentreprise;https://www.transentreprise.com/offres/fiche/CEN264783C/prestation-de-services-garde-denfant-a-domicile/centre-val-de-loire/indre/chateauroux-et-agglomeration;CEN264783C;;PRESTATION DE SERVICES-GARDE D'ENFANT À DOMICILE;Services à la personne / santé à domicile;;Centre-Val de Loire;275000;;10 à 20;70000;;;;"CA annoncé: de 200 à 350 k€; secteur TE: "
Transentreprise;https://www.transentreprise.com/offres/fiche/BFC264609P/service-informatique/bourgogne-franche-comte/doubs/arrondissement-de-besancon;BFC264609P;;SERVICE INFORMATIQUE;Services informatiques / ESN / éditeur de logiciel;;Bourgogne-Franche-Comté;2250000;;10 à 20;;;;;"CA annoncé: de 1,5 à 3 M€; secteur TE: Conseil, conception, édition, héberg., traitement données"
Transentreprise;https://www.transentreprise.com/offres/fiche/OCC264576A/renovation-du-patrimoine-ancien-et-ite/occitanie/gard/grand-nimes;OCC264576A;;RÉNOVATION DU PATRIMOINE ANCIEN ET ITE;Courtage assurance / intermédiation financière;;Occitanie;1125000;;10 à 20;;;;;"CA annoncé: de 750 k€ à 1,5 M€; secteur TE: Gros œuvre : construction, maçonnerie"
Transentreprise;https://www.transentreprise.com/offres/fiche/COR264563C/opportunite-en-2b-commerce-de-bijoux/corse/haute-corse/grand-bastia;COR264563C;;OPPORTUNITÉ EN 2B COMMERCE DE BIJOUX;Négoce / distribution B2B;;Corse;1125000;;10 à 20;1950000;;;;"CA annoncé: de 750 k€ à 1,5 M€; secteur TE: Commerce de gros produits non alimentaires"
Transentreprise;https://www.transentreprise.com/offres/fiche/PDL264459A/laboratoire-de-prothese-dentaire/pays-de-la-loire/maine-et-loire/ca-saumur-val-de-loire;PDL264459A;;LABORATOIRE DE PROTHESE DENTAIRE;Négoce / distribution B2B;;Pays de la Loire;625000;;10 à 20;130000;retraite;;;"CA annoncé: de 500 à 750 k€; secteur TE: Santé, cosmétique, matériel médical"
Transentreprise;https://www.transentreprise.com/offres/fiche/IDF264432A/societe-dans-le-service-a-la-personne/ile-de-france/seine-et-marne/arrond-de-provins;IDF264432A;;SOCIETE DANS LE SERVICE A LA PERSONNE;Services à la personne / santé à domicile;;Île-de-France;425000;;10 à 20;140000;;;;"CA annoncé: de 350 à 500 k€; secteur TE: Services à la personne (ménage, portage repas, garde enfants…)"
Transentreprise;https://www.transentreprise.com/offres/fiche/NOR250397P/transport-routier-de-bennes-cerealieres-et-tp/normandie/seine-maritime;NOR250397P;;TRANSPORT ROUTIER DE BENNES CEREALIERES ET TP;Transport & logistique (commissionnaire, affrètement);;Normandie;2250000;;10 à 20;515000;;;;"CA annoncé: de 1,5 à 3 M€; secteur TE: Transports de marchandises"
Transentreprise;https://www.transentreprise.com/offres/fiche/PDL264056P/services-a-la-personne-loire-atlantique/pays-de-la-loire/loire-atlantique;PDL264056P;;SERVICES A LA PERSONNE LOIRE ATLANTIQUE;Services à la personne / santé à domicile;;Pays de la Loire;1125000;;10 à 20;;;;;"CA annoncé: de 750 k€ à 1,5 M€; secteur TE: Services à la personne (ménage, portage repas, garde enfants…)"
Transentreprise;https://www.transentreprise.com/offres/fiche/PDL264301P/distrib-materiel-transport-et-atelier-reparation/pays-de-la-loire/sarthe;PDL264301P;;DISTRIB. MATÉRIEL TRANSPORT ET ATELIER REPARATION;Transport & logistique (commissionnaire, affrètement);;Pays de la Loire;3000000.0;;10 à 20;461120;;;;"CA annoncé: > 3 M€; secteur TE: Vente/réparation autos"
Transentreprise;https://www.transentreprise.com/offres/fiche/CEN264270P/ambulances-vsl-taxis/centre-val-de-loire/indre-et-loire;CEN264270P;;AMBULANCES – VSL – TAXIS;Transport & logistique (commissionnaire, affrètement);;Centre-Val de Loire;;;10 à 20;;depart a la retraite;;;"CA annoncé: NC; secteur TE: Transports de voyageurs"
Transentreprise;https://www.transentreprise.com/offres/fiche/BFC264247C/installation-equipements-thermiques/bourgogne-franche-comte/doubs/arrondissement-de-besancon;BFC264247C;;INSTALLATION EQUIPEMENTS THERMIQUES;Bureau d'études / ingénierie / diagnostics;;Bourgogne-Franche-Comté;3000000.0;;21 à 50;100000;;;;"CA annoncé: > 3 M€; secteur TE: Travaux d'installation électrique, plomberie, chauffage..."
Transentreprise;https://www.transentreprise.com/offres/fiche/BRT258195P/loc-materiels-tp-:-pelles-mini-pelles-nacelles/bretagne/ille-et-vilaine;BRT258195P;;LOC. MATÉRIELS TP : PELLES, MINI-PELLES, NACELLES;Négoce / distribution B2B;;Bretagne;2250000;;10 à 20;;;;;"CA annoncé: de 1,5 à 3 M€; secteur TE: "
Transentreprise;https://www.transentreprise.com/offres/fiche/PAC263602P/activites-de-nettoyage-particuliers-et-pro/provence-alpescote-dazur/bouches-du-rhone/entre-rhone-et-durance;PAC263602P;;ACTIVITES DE NETTOYAGE PARTICULIERS ET PRO;Propreté / nettoyage / multiservices;;Provence-Alpes-Côte d'Azur;;;10 à 20;220000;;;;"CA annoncé: NC; secteur TE: "
Transentreprise;https://www.transentreprise.com/offres/fiche/NAQ257861P/transport-express-et-messagerie/nouvelle-aquitaine/vienne;NAQ257861P;;TRANSPORT EXPRESS ET MESSAGERIE;Transport & logistique (commissionnaire, affrètement);;Nouvelle-Aquitaine;1125000;;10 à 20;150000;retraite;;;"CA annoncé: de 750 k€ à 1,5 M€; secteur TE: :"
Transentreprise;https://www.transentreprise.com/offres/fiche/ARA257026P/impression-signaletique-petit-et-grand-format/rhone-alpes;ARA257026P;;IMPRESSION SIGNALETIQUE PETIT ET GRAND FORMAT;Communication / marketing / édition / imprimerie / PLV;;Auvergne-Rhône-Alpes;1125000;;10 à 20;500000;retraite;;;"CA annoncé: de 750 k€ à 1,5 M€; secteur TE: Imprimerie, industrie graphique"
Transentreprise;https://www.transentreprise.com/offres/fiche/111A0124/transports/occitanie/aude/arrondissement-de-narbonne;111A0124;;TRANSPORTS;Transport & logistique (commissionnaire, affrètement);;Occitanie;2250000;;10 à 20;600000;retraite;;;"CA annoncé: de 1,5 à 3 M€; secteur TE: Transports de marchandises"
Transentreprise;https://www.transentreprise.com/offres/fiche/NAQ263383C/transports-sanitaires-taxis-et-pompes-funebres/nouvelle-aquitaine;NAQ263383C;;TRANSPORTS SANITAIRES, TAXIS ET POMPES FUNEBRES;Transport & logistique (commissionnaire, affrètement);;Nouvelle-Aquitaine;1125000;;10 à 20;;;;;"CA annoncé: de 750 k€ à 1,5 M€; secteur TE: Transports de voyageurs"
Transentreprise;https://www.transentreprise.com/offres/fiche/BFC262614C/nettoyage-batiments-et-industriel/bourgogne-franche-comte/territoire-de-belfort/territoire-de-belfort;BFC262614C;;NETTOYAGE BATIMENTS ET INDUSTRIEL;Propreté / nettoyage / multiservices;;Bourgogne-Franche-Comté;625000;;21 à 50;50000;;;;"CA annoncé: de 500 à 750 k€; secteur TE: Activités de nettoyage"
Transentreprise;https://www.transentreprise.com/offres/fiche/NAQ263154C/fournitures-et-pose-de-menuiseries-exterieures/nouvelle-aquitaine/charente-maritime/royan-et-ses-environs;NAQ263154C;;FOURNITURES ET POSE DE MENUISERIES EXTERIEURES;Négoce / distribution B2B;;Nouvelle-Aquitaine;2250000;;10 à 20;;;;;"CA annoncé: de 1,5 à 3 M€; secteur TE: Travaux de finition (peinture, plâtrerie, menuiserie…)"
Transentreprise;https://www.transentreprise.com/offres/fiche/PDL254239A/laboratoire-prothese-dentaire/pays-de-la-loire/loire-atlantique;PDL254239A;;LABORATOIRE PROTHESE DENTAIRE;Négoce / distribution B2B;;Pays de la Loire;1125000;;10 à 20;1500000;;;;"CA annoncé: de 750 k€ à 1,5 M€; secteur TE: Santé, cosmétique, matériel médical"
Transentreprise;https://www.transentreprise.com/offres/fiche/ARA262947C/location-poids-lourds-avec-chauffeurs/auvergne-rhone-alpes/rhone/rhone-ouest;ARA262947C;;LOCATION POIDS LOURDS AVEC CHAUFFEURS;Transport & logistique (commissionnaire, affrètement);;Auvergne-Rhône-Alpes;1125000;;10 à 20;810000;;;;"CA annoncé: de 750 k€ à 1,5 M€; secteur TE: Transports de marchandises"
Transentreprise;https://www.transentreprise.com/offres/fiche/OCC262943P/transport-de-marchandises/occitanie/haute-garonne;OCC262943P;;TRANSPORT DE MARCHANDISES;Transport & logistique (commissionnaire, affrètement);;Occitanie;625000;;10 à 20;550000;retraite;;;"CA annoncé: de 500 à 750 k€; secteur TE: Transports de marchandises"
Transentreprise;https://www.transentreprise.com/offres/fiche/NAQ262859P/transport-en-messagerie/nouvelle-aquitaine/dordogne;NAQ262859P;;TRANSPORT EN MESSAGERIE;Transport & logistique (commissionnaire, affrètement);;Nouvelle-Aquitaine;1125000;;21 à 50;400000;retraite;;;"CA annoncé: de 750 k€ à 1,5 M€; secteur TE: Transports de marchandises"
Transentreprise;https://www.transentreprise.com/offres/fiche/OCC262693C/vente-et-location-darticles-de-sports-de-montagne/occitanie/ariege/arr-de-saint-girons;OCC262693C;;VENTE ET LOCATION D'ARTICLES DE SPORTS DE MONTAGNE;Négoce / distribution B2B;;Occitanie;275000;;10 à 20;450000;;;;"CA annoncé: de 200 à 350 k€; secteur TE: Accessoires et matériels sports, loisirs.."
Transentreprise;https://www.transentreprise.com/offres/fiche/HDF262625C/services-dambulances-et-de-transport/hauts-de-france/pas-de-calais/sect-bethune;HDF262625C;;SERVICES D'AMBULANCES ET DE TRANSPORT;Transport & logistique (commissionnaire, affrètement);;Hauts-de-France;1125000;;21 à 50;1100000;;;;"CA annoncé: de 750 k€ à 1,5 M€; secteur TE: "
Transentreprise;https://www.transentreprise.com/offres/fiche/BRT260787P/pme-familiale-de-logistique-specialisee-dans-la-li/bretagne/finistere;BRT260787P;;PME FAMILIALE DE LOGISTIQUE SPECIALISÉE DANS LA LI;Transport & logistique (commissionnaire, affrètement);;Bretagne;2250000;;21 à 50;950000;;;;"CA annoncé: de 1,5 à 3 M€; secteur TE: Transports de marchandises"
Transentreprise;https://www.transentreprise.com/offres/fiche/PDL262537C/3-micro-creches/pays-de-la-loire/maine-et-loire/cu-angers-loire-metropole;PDL262537C;;3 MICRO-CRECHES;Services à la personne / santé à domicile;;Pays de la Loire;625000;;10 à 20;330000;;;;"CA annoncé: de 500 à 750 k€; secteur TE: Activités médico-sociales"
Transentreprise;https://www.transentreprise.com/offres/fiche/CEN261404P/mecanique-industrielle-bureau-detudes/centre-val-de-loire;CEN261404P;;MECANIQUE INDUSTRIELLE - BUREAU D'ETUDES;Bureau d'études / ingénierie / diagnostics;;Centre-Val de Loire;2250000;;10 à 20;;;;;"CA annoncé: de 1,5 à 3 M€; secteur TE: Bureau d'études, ingénierie, R&D"
Transentreprise;https://www.transentreprise.com/offres/fiche/IDF262331P/transport-messagerie/ile-de-france;IDF262331P;;TRANSPORT - MESSAGERIE;Transport & logistique (commissionnaire, affrètement);;Île-de-France;3000000.0;;10 à 20;;retraite;;;"CA annoncé: > 3 M€; secteur TE: Transports de marchandises"
Transentreprise;https://www.transentreprise.com/offres/fiche/PDL262148C/transports-routiers-de-marchandises/pays-de-la-loire/vendee/arrond-la-roche-sur-yon;PDL262148C;;TRANSPORTS ROUTIERS DE MARCHANDISES;Transport & logistique (commissionnaire, affrètement);;Pays de la Loire;3000000.0;;21 à 50;2100000;;;;"CA annoncé: > 3 M€; secteur TE: Transports de marchandises"
Transentreprise;https://www.transentreprise.com/offres/fiche/ARA262028C/reseau-de-4-micro-creches-a-ceder/auvergne-rhone-alpes/rhone;ARA262028C;;RÉSEAU DE 4 MICRO-CRECHES A CEDER;Services à la personne / santé à domicile;;Auvergne-Rhône-Alpes;1125000;;10 à 20;450000;;;;"CA annoncé: de 750 k€ à 1,5 M€; secteur TE: Activités médico-sociales"
Transentreprise;https://www.transentreprise.com/offres/fiche/OCC262045C/societe-de-nettoyage-industriel/occitanie/haute-garonne;OCC262045C;;SOCIETE DE NETTOYAGE INDUSTRIEL;Propreté / nettoyage / multiservices;;Occitanie;;;21 à 50;770000;depart a la retraite;;;"CA annoncé: NC; secteur TE: Autres services aux entreprises"
Transentreprise;https://www.transentreprise.com/offres/fiche/BRT261912P/economie-de-la-construction/bretagne;BRT261912P;;ECONOMIE DE LA CONSTRUCTION;Bureau d'études / ingénierie / diagnostics;;Bretagne;1125000;;10 à 20;900000;;;;"CA annoncé: de 750 k€ à 1,5 M€; secteur TE: Bureau d'études, ingénierie, R&D"
Transentreprise;https://www.transentreprise.com/offres/fiche/OCC261895C/ambulances-taxis-et-vsl/occitanie/gers;OCC261895C;;AMBULANCES TAXIS ET VSL;Transport & logistique (commissionnaire, affrètement);;Occitanie;625000;;10 à 20;500000;;;;"CA annoncé: de 500 à 750 k€; secteur TE: Transports de voyageurs"
Transentreprise;https://www.transentreprise.com/offres/fiche/NAQ261881C/ambulance-taxi-pompes-funebres-garage/nouvelle-aquitaine;NAQ261881C;;AMBULANCE-TAXI-POMPES FUNÈBRES-GARAGE;Transport & logistique (commissionnaire, affrètement);;Nouvelle-Aquitaine;3000000.0;;21 à 50;2100000;retraite;;;"CA annoncé: > 3 M€; secteur TE: Transports de voyageurs"
Transentreprise;https://www.transentreprise.com/offres/fiche/NAQ261610C/fonds-de-commerce-de-distribution-specialise/nouvelle-aquitaine/charente-maritime/la-rochelle-rochefort-et-leurs-environs;NAQ261610C;;FONDS DE COMMERCE DE DISTRIBUTION SPECIALISE;Négoce / distribution B2B;;Nouvelle-Aquitaine;2250000;;10 à 20;850000;;;;"CA annoncé: de 1,5 à 3 M€; secteur TE: Commerce de gros produits non alimentaires"
Transentreprise;https://www.transentreprise.com/offres/fiche/BFC261285P/fabrication-negoce-sav-hydraulique/bourgogne;BFC261285P;;FABRICATION/NÉGOCE/SAV HYDRAULIQUE;Négoce / distribution B2B;;Bourgogne-Franche-Comté;2250000;;10 à 20;;;;;"CA annoncé: de 1,5 à 3 M€; secteur TE: Réparation, maintenance machines et équip. industriels"
Transentreprise;https://www.transentreprise.com/offres/fiche/OCC261098C/vente-en-gros-et-detail-materiel-pieces-agricoles/occitanie;OCC261098C;;VENTE EN GROS ET DETAIL MATERIEL/PIECES AGRICOLES;Négoce / distribution B2B;;Occitanie;2250000;;10 à 20;1400000;;;;"CA annoncé: de 1,5 à 3 M€; secteur TE: Commerce de gros produits non alimentaires"
Transentreprise;https://www.transentreprise.com/offres/fiche/HDF261056C/a-cederfranchise-age-dor-services-soissons-laon/hauts-de-france/aisne/soissons;HDF261056C;;À CÉDER–FRANCHISE AGE D’OR SERVICES SOISSONS-LAON;Services à la personne / santé à domicile;;Hauts-de-France;1125000;;21 à 50;650000;;;;"CA annoncé: de 750 k€ à 1,5 M€; secteur TE: Services à la personne (ménage, portage repas, garde enfants…)"
Transentreprise;https://www.transentreprise.com/offres/fiche/GDE256564C/entreprise-de-transport/grand-est/bas-rhin;GDE256564C;;ENTREPRISE DE TRANSPORT;Transport & logistique (commissionnaire, affrètement);;Grand Est;1125000;;10 à 20;600000;;;;"CA annoncé: de 750 k€ à 1,5 M€; secteur TE: Transports de marchandises"
Transentreprise;https://www.transentreprise.com/offres/fiche/ARA260922C/negoce-de-vins/auvergne-rhone-alpes/haute-savoie/albanais;ARA260922C;;NEGOCE DE VINS;Négoce / distribution B2B;;Auvergne-Rhône-Alpes;2250000;;10 à 20;1400000;;;;"CA annoncé: de 1,5 à 3 M€; secteur TE: Commerce de gros produits alimentaires"
Transentreprise;https://www.transentreprise.com/offres/fiche/PAC260486P/services-a-la-personne-et-societe-de-nettoyage/provence-alpescote-dazur/bouches-du-rhone;PAC260486P;;SERVICES A LA PERSONNE ET SOCIETE DE NETTOYAGE;Propreté / nettoyage / multiservices;;Provence-Alpes-Côte d'Azur;425000;;21 à 50;260000;;;;"CA annoncé: de 350 à 500 k€; secteur TE: Activités de nettoyage"
Transentreprise;https://www.transentreprise.com/offres/fiche/BRT258975C/service-daide-accompt-a-dom-2-agences-franchise/bretagne;BRT258975C;;SERVICE D'AIDE-ACCOMPT A DOM. 2 AGENCES FRANCHISE;Services à la personne / santé à domicile;;Bretagne;625000;;21 à 50;;retraite;;;"CA annoncé: de 500 à 750 k€; secteur TE: Services à la personne (ménage, portage repas, garde enfants…)"
Transentreprise;https://www.transentreprise.com/offres/fiche/GDE260146C/aide-a-domicile-et-auxilliaires-de-vie/grand-est/bas-rhin/arrond-strasbourg;GDE260146C;;AIDE A DOMICILE ET AUXILLIAIRES DE VIE;Services à la personne / santé à domicile;;Grand Est;625000;;10 à 20;350000;;;;"CA annoncé: de 500 à 750 k€; secteur TE: Services à la personne (ménage, portage repas, garde enfants…)"
Transentreprise;https://www.transentreprise.com/offres/fiche/OCC260037C/entreprise-de-services-a-la-personne/occitanie/gard;OCC260037C;;ENTREPRISE DE SERVICES A LA PERSONNE;Services à la personne / santé à domicile;;Occitanie;425000;;21 à 50;169000;;;;"CA annoncé: de 350 à 500 k€; secteur TE: Services à la personne (ménage, portage repas, garde enfants…)"
Transentreprise;https://www.transentreprise.com/offres/fiche/IDF259836P/distribution-produits-alimentaires-aux-entreprises/ile-de-france;IDF259836P;;DISTRIBUTION PRODUITS ALIMENTAIRES AUX ENTREPRISES;Négoce / distribution B2B;;Île-de-France;3000000.0;;21 à 50;;;;;"CA annoncé: > 3 M€; secteur TE: E-commerce, VPC"
Transentreprise;https://www.transentreprise.com/offres/fiche/IDF259592P/distribution-maintenance-dequipement-bien-etre/ile-de-france/essonne;IDF259592P;;DISTRIBUTION MAINTENANCE D'EQUIPEMENT BIEN ETRE;Négoce / distribution B2B;;Île-de-France;2250000;;10 à 20;;depart a la retraite;;;"CA annoncé: de 1,5 à 3 M€; secteur TE: Commerce de gros produits non alimentaires"
Transentreprise;https://www.transentreprise.com/offres/fiche/CEN258803P/installation-equipements-thermiques-clim/centre-val-de-loire/indre;CEN258803P;;INSTALLATION EQUIPEMENTS THERMIQUES / CLIM;Bureau d'études / ingénierie / diagnostics;;Centre-Val de Loire;2250000;;10 à 20;980000;;;;"CA annoncé: de 1,5 à 3 M€; secteur TE: Travaux d'installation électrique, plomberie, chauffage..."
Transentreprise;https://www.transentreprise.com/offres/fiche/ARA258621P/transport-marchandises/rhone-alpes;ARA258621P;;TRANSPORT MARCHANDISES;Transport & logistique (commissionnaire, affrètement);;Auvergne-Rhône-Alpes;2250000;;10 à 20;200000;;;;"CA annoncé: de 1,5 à 3 M€; secteur TE: Transports de marchandises"
Transentreprise;https://www.transentreprise.com/offres/fiche/IDF258474P/agence-de-communication-presse-marketing-digital/ile-de-france;IDF258474P;;AGENCE DE COMMUNICATION, PRESSE, MARKETING DIGITAL;Services informatiques / ESN / éditeur de logiciel;;Île-de-France;3000000.0;;10 à 20;;;;;"CA annoncé: > 3 M€; secteur TE: Communication"
Transentreprise;https://www.transentreprise.com/offres/fiche/HDF242077P/opportunite-unique-entreprise-evenementielle-/hauts-de-france;HDF242077P;;OPPORTUNITÉ UNIQUE – ENTREPRISE ÉVÉNEMENTIELLE ...;Communication / marketing / édition / imprimerie / PLV;;Hauts-de-France;1125000;;10 à 20;1100000;;;;"CA annoncé: de 750 k€ à 1,5 M€; secteur TE: Evènementiel"
Transentreprise;https://www.transentreprise.com/offres/fiche/GDE256610P/entreprise-spec-conception-emballage-bois/grand-est/vosges;GDE256610P;;ENTREPRISE SPÉC. CONCEPTION EMBALLAGE BOIS;Négoce / distribution B2B;;Grand Est;1125000;;10 à 20;;;;;"CA annoncé: de 750 k€ à 1,5 M€; secteur TE: Industrie bois, papier, fabric. meubles, agencements"
Transentreprise;https://www.transentreprise.com/offres/fiche/CEN257190C/societe-de-transport-de-personnes/centre-val-de-loire/cher;CEN257190C;;SOCIETE DE TRANSPORT DE PERSONNES;Transport & logistique (commissionnaire, affrètement);;Centre-Val de Loire;1125000;;21 à 50;450000;;;;"CA annoncé: de 750 k€ à 1,5 M€; secteur TE: Transports de voyageurs"
Transentreprise;https://www.transentreprise.com/offres/fiche/GDE256592P/surveillance-humaine-et-securite-des-personnes/grand-est/bas-rhin;GDE256592P;;SURVEILLANCE HUMAINE ET SÉCURITÉ DES PERSONNES;Sécurité / surveillance / télésurveillance;;Grand Est;625000;;10 à 20;400000;;;;"CA annoncé: de 500 à 750 k€; secteur TE: Autres services aux entreprises"
Transentreprise;https://www.transentreprise.com/offres/fiche/GDE256408C/transports-routiers-de-voyageurs/grand-est/meurthe-et-moselle;GDE256408C;;TRANSPORTS ROUTIERS DE VOYAGEURS;Transport & logistique (commissionnaire, affrètement);;Grand Est;1125000;;10 à 20;850000;;;;"CA annoncé: de 750 k€ à 1,5 M€; secteur TE: Transports de voyageurs"
Transentreprise;https://www.transentreprise.com/offres/fiche/NAQ256720A/nettoyage-et-traitement-de-sols-et-parquets/nouvelle-aquitaine/pyrenees-atlantiques/bayonne-et-arrond;NAQ256720A;;NETTOYAGE ET TRAITEMENT DE SOLS ET PARQUETS;Propreté / nettoyage / multiservices;;Nouvelle-Aquitaine;275000;;10 à 20;380000;;;;"CA annoncé: de 200 à 350 k€; secteur TE: Activités de nettoyage"
Transentreprise;https://www.transentreprise.com/offres/fiche/IDF255840P/depannage-convoyage-evenementiel-motos/ile-de-france/paris;IDF255840P;;DEPANNAGE, CONVOYAGE, EVENEMENTIEL MOTOS;Transport & logistique (commissionnaire, affrètement);;Île-de-France;;;10 à 20;490000;depart a la retraite;;;"CA annoncé: ; secteur TE: Transports de marchandises"
Transentreprise;https://www.transentreprise.com/offres/fiche/ARA255811A/fdc-negoce-menuiserie/auvergne;ARA255811A;;FDC NEGOCE MENUISERIE;Négoce / distribution B2B;;Auvergne-Rhône-Alpes;3000000.0;;10 à 20;350000;;;;"CA annoncé: > 3 M€; secteur TE: Industrie bois, papier, fabric. meubles, agencements"
Transentreprise;https://www.transentreprise.com/offres/fiche/NAQ255235A/integration-audio-et-commerce-multimedia/nouvelle-aquitaine;NAQ255235A;;INTEGRATION AUDIO ET COMMERCE MULTIMEDIA;Services informatiques / ESN / éditeur de logiciel;;Nouvelle-Aquitaine;;;10 à 20;1600000;;;;"CA annoncé: NC; secteur TE: Multimédia, informatique, téléphonie"
Transentreprise;https://www.transentreprise.com/offres/fiche/IDF253674P/equipements-industriels/ile-de-france;IDF253674P;;EQUIPEMENTS INDUSTRIELS;Négoce / distribution B2B;;Île-de-France;3000000.0;;10 à 20;;depart a la retraite;;;"CA annoncé: > 3 M€; secteur TE: Commerce de gros produits non alimentaires"
Transentreprise;https://www.transentreprise.com/offres/fiche/ARA253649C/services-a-la-personnes/auvergne;ARA253649C;;SERVICES A LA PERSONNES;Services à la personne / santé à domicile;;Auvergne-Rhône-Alpes;;;10 à 20;195000;;;;"CA annoncé: NC; secteur TE: Services à la personne (ménage, portage repas, garde enfants…)"
Transentreprise;https://www.transentreprise.com/offres/fiche/NOR253252A/serv-a-la-p-fichier-jardin-buchy-plat-ne-rouen/normandie/seine-maritime/sect-de-rouen;NOR253252A;;SERV. A LA P. FICHIER JARDIN BUCHY PLAT. N.E ROUEN;Services à la personne / santé à domicile;;Normandie;275000;;10 à 20;80000;nouveau projet;;;"CA annoncé: de 200 à 350 k€; secteur TE: Services à la personne (ménage, portage repas, garde enfants…)"
Transentreprise;https://www.transentreprise.com/offres/fiche/BFC237843P/travaux-publics-terrassement-location-materiel/bourgogne-franche-comte/saone-et-loire;BFC237843P;;TRAVAUX PUBLICS, TERRASSEMENT, LOCATION MATÉRIEL;Négoce / distribution B2B;;Bourgogne-Franche-Comté;2250000;;10 à 20;1100000;retraite;;;"CA annoncé: de 1,5 à 3 M€; secteur TE: Travaux publics, terrassement"
Transentreprise;https://www.transentreprise.com/offres/fiche/IDF252569P/agence-evenementielle-communication-voyage/ile-de-france;IDF252569P;;AGENCE EVENEMENTIELLE, COMMUNICATION, VOYAGE;Communication / marketing / édition / imprimerie / PLV;;Île-de-France;3000000.0;;21 à 50;;;;;"CA annoncé: > 3 M€; secteur TE: Autres services aux entreprises"
Transentreprise;https://www.transentreprise.com/offres/fiche/IDF249854P/organisme-de-formation-en-langues/ile-de-france;IDF249854P;;ORGANISME DE FORMATION EN LANGUES;Formation professionnelle / organisme de formation;;Île-de-France;1125000;;10 à 20;;depart a la retraite;;;"CA annoncé: de 750 k€ à 1,5 M€; secteur TE: Enseignement"
Transentreprise;https://www.transentreprise.com/offres/fiche/IDF249859P/impression-numerique/ile-de-france;IDF249859P;;IMPRESSION NUMERIQUE;Services informatiques / ESN / éditeur de logiciel;;Île-de-France;;;10 à 20;;depart a la retraite;;;"CA annoncé: NC; secteur TE: Imprimerie, industrie graphique"
Transentreprise;https://www.transentreprise.com/offres/fiche/3942P0150/transports-routiers-marchandises/hauts-de-france/oise;3942P0150;;TRANSPORTS ROUTIERS MARCHANDISES;Transport & logistique (commissionnaire, affrètement);;Hauts-de-France;3000000.0;;21 à 50;;retraite;;;"CA annoncé: > 3 M€; secteur TE: Transports de marchandises"
Transentreprise;https://www.transentreprise.com/offres/fiche/IDF242114P/cession-agence-digitale-web-markerting/ile-de-france/paris;IDF242114P;;CESSION AGENCE DIGITALE / WEB MARKERTING;Services informatiques / ESN / éditeur de logiciel;;Île-de-France;1125000;;10 à 20;;depart a la retraite;;;"CA annoncé: de 750 k€ à 1,5 M€; secteur TE: Conseil, conception, édition, héberg., traitement données"
